{"type":"FeatureCollection","features":[{"type":"Feature","geometry":{"type":"Point","coordinates":[-70.6759431117903,-33.44959244574814]},"properties":{"TIPO":"AVISO","CODIGO":"DF202671761375","COD_AVISO":1024384322,"DIRECCION":"SALVADOR SANFUENTES 2861 ","FALLA":"TEN Actualizado a 27/07/2026 1","DESC_EVENTO":"prueba","COD_EVENTO":"DF202671761375","FECHA_REPOSICION":"27-07-2026 15:12","FECHA_INI":"27-07-2026 01:12","id_alim":632,"numero_cliente":3315110,"ID_AVISO":"500ck000015lyB0AAI"}},{"type":"Feature","geometry":{"type":"Point","coordinates":[-70.67702711760684,-33.452199027804895]},"properties":{"TIPO":"AVISO","CODIGO":"DF202671761902","COD_AVISO":1024683330,"DIRECCION":"GRAJALES 2988 ","FALLA":"Telefono de contacto 988310286","DESC_EVENTO":"prueba","COD_EVENTO":"DF202671761902","FECHA_REPOSICION":"27-07-2026 17:42","FECHA_INI":"27-07-2026 12:42","id_alim":632,"numero_cliente":1527237,"ID_AVISO":"500ck000015qr0CAAQ"}},{"type":"Feature","geometry":{"type":"Point","coordinates":[-70.69677713006698,-33.41964573918742]},"properties":{"TIPO":"AVISO","CODIGO":"DF202671761431","COD_AVISO":1024478280,"DIRECCION":"ELOY ROSALES 4581 ","FALLA":"992390716 clienta reporta un c","DESC_EVENTO":"prueba","COD_EVENTO":"DF202671761431","FECHA_REPOSICION":"27-07-2026 16:09","FECHA_INI":"27-07-2026 08:09","id_alim":322,"numero_cliente":2681006,"ID_AVISO":"500ck000015ocznAAA"}},{"type":"Feature","geometry":{"type":"Point","coordinates":[-70.6491639821502,-33.42225886085273]},"properties":{"TIPO":"AVISO","CODIGO":"DF202671761464","COD_AVISO":1024491772,"DIRECCION":"FARI\\\\A 569 ","FALLA":"DV 27/07/2026 CLIENTE C/FACTUR","DESC_EVENTO":"prueba","COD_EVENTO":"DF202671761464","FECHA_REPOSICION":"27-07-2026 16:01","FECHA_INI":"27-07-2026 08:44","id_alim":1716,"numero_cliente":841718,"ID_AVISO":"500ck000015p0HBAAY"}},{"type":"Feature","geometry":{"type":"Point","coordinates":[-70.6491639821502,-33.42225886085273]},"properties":{"TIPO":"AVISO","CODIGO":"DF202671761464","COD_AVISO":1024476034,"DIRECCION":"FARI\\\\A 569 ","FALLA":"DV 27/07/2026 CLIENTE C/FACTUR","DESC_EVENTO":"prueba","COD_EVENTO":"DF202671761464","FECHA_REPOSICION":"27-07-2026 16:01","FECHA_INI":"27-07-2026 08:44","id_alim":1716,"numero_cliente":841725,"ID_AVISO":"500ck000015oqo7AAA"}},{"type":"Feature","geometry":{"type":"Point","coordinates":[-70.73699221268318,-33.36491607449094]},"properties":{"TIPO":"AVISO","CODIGO":"DF202671761381","COD_AVISO":1024390139,"DIRECCION":"GENERAL SAN MARTIN 030  ","FALLA":"TEN Actualizado a 27/07/2026 1","DESC_EVENTO":"prueba","COD_EVENTO":"DF202671761381","FECHA_REPOSICION":"27-07-2026 15:00","FECHA_INI":"27-07-2026 04:00","id_alim":1423,"numero_cliente":1018943,"ID_AVISO":"500ck000015mybBAAQ"}},{"type":"Feature","geometry":{"type":"Point","coordinates":[-70.65723491908803,-33.40183417326837]},"properties":{"TIPO":"AVISO","CODIGO":"DF202671761905","COD_AVISO":1024684218,"DIRECCION":"SAN GERARDO 1181 ","FALLA":"SIN SUMINISTRO","DESC_EVENTO":"prueba","COD_EVENTO":"DF202671761905","FECHA_REPOSICION":"27-07-2026 17:44","FECHA_INI":"27-07-2026 12:44","id_alim":125,"numero_cliente":351120,"ID_AVISO":"500ck000015q2SyAAI"}},{"type":"Feature","geometry":{"type":"Point","coordinates":[-70.66891607224483,-33.44703981760627]},"properties":{"TIPO":"AVISO","CODIGO":"DF202671761510","COD_AVISO":1024506031,"DIRECCION":"VIRGINIA OPAZO 48 ","FALLA":"TEN Actualizado a 27/07/2026 1","DESC_EVENTO":"prueba","COD_EVENTO":"DF202671761510","FECHA_REPOSICION":"27-07-2026 17:19","FECHA_INI":"27-07-2026 09:19","id_alim":3118,"numero_cliente":186259,"ID_AVISO":"500ck000015o98mAAA"}},{"type":"Feature","geometry":{"type":"Point","coordinates":[-70.87778359496676,-33.287655235604426]},"properties":{"TIPO":"AVISO","CODIGO":"DF202671761234","COD_AVISO":1024356061,"DIRECCION":"PJE COPAHUE 34 ","FALLA":"TEN Actualizado a 27/07/2026 1","DESC_EVENTO":"prueba","COD_EVENTO":"DF202671761234","FECHA_REPOSICION":"27-07-2026 16:48","FECHA_INI":"26-07-2026 20:48","id_alim":7412,"numero_cliente":3125504,"ID_AVISO":"500ck000015lgrxAAA"}},{"type":"Feature","geometry":{"type":"Point","coordinates":[-70.67677606180521,-33.42768328423359]},"properties":{"TIPO":"AVISO","CODIGO":"DF202671761495","COD_AVISO":1024495364,"DIRECCION":"ESPERANZA 1336 18 ","FALLA":"-------CORREO ENVIASDO   -----","DESC_EVENTO":"prueba","COD_EVENTO":"DF202671761495","FECHA_REPOSICION":"27-07-2026 17:11","FECHA_INI":"27-07-2026 09:08","id_alim":323,"numero_cliente":235128,"ID_AVISO":"500ck000015p30aAAA"}},{"type":"Feature","geometry":{"type":"Point","coordinates":[-70.71322220548512,-33.43338715361413]},"properties":{"TIPO":"AVISO","CODIGO":"DF202671761959","COD_AVISO":1024714151,"DIRECCION":"L RECABARREN 5570 ","FALLA":"Sector sin suministroALBORNOZ ","DESC_EVENTO":"prueba","COD_EVENTO":"DF202671761959","FECHA_REPOSICION":"27-07-2026 18:21","FECHA_INI":"27-07-2026 13:21","id_alim":2041,"numero_cliente":679695,"ID_AVISO":"500ck000015rdzCAAQ"}},{"type":"Feature","geometry":{"type":"Point","coordinates":[-70.68818213506798,-33.45004733189385]},"properties":{"TIPO":"AVISO","CODIGO":"DF202671761616","COD_AVISO":1024545943,"DIRECCION":"RUIZ TAGLE 40 ","FALLA":"Telefono de contacto 227647251","DESC_EVENTO":"prueba","COD_EVENTO":"DF202671761616","FECHA_REPOSICION":"27-07-2026 15:02","FECHA_INI":"27-07-2026 10:02","id_alim":2241,"numero_cliente":584036,"ID_AVISO":"500ck000015p01UAAQ"}},{"type":"Feature","geometry":{"type":"Point","coordinates":[-70.6620470066107,-33.39955780220482]},"properties":{"TIPO":"AVISO","CODIGO":"DF202671761538","COD_AVISO":1024513767,"DIRECCION":"PANTALEON VELEZ SILVA 931 ","FALLA":"PANTALEON VELEZ SILVA 931 MEDI","DESC_EVENTO":"prueba","COD_EVENTO":"DF202671761538","FECHA_REPOSICION":"27-07-2026 17:27","FECHA_INI":"27-07-2026 09:27","id_alim":2342,"numero_cliente":35917,"ID_AVISO":"500ck000015pMKwAAM"}},{"type":"Feature","geometry":{"type":"Point","coordinates":[-70.71550811681105,-33.370646097864324]},"properties":{"TIPO":"AVISO","CODIGO":"DF202671761171","COD_AVISO":1024343938,"DIRECCION":"ZAPALLAR 556 ","FALLA":"TEN Actualizado a 27/07/2026 1","DESC_EVENTO":"prueba","COD_EVENTO":"DF202671761171","FECHA_REPOSICION":"27-07-2026 15:43","FECHA_INI":"26-07-2026 19:43","id_alim":1423,"numero_cliente":968935,"ID_AVISO":"500ck000015lQFwAAM"}},{"type":"Feature","geometry":{"type":"Point","coordinates":[-70.70981424280541,-33.43203175019569]},"properties":{"TIPO":"AVISO","CODIGO":"DF202671761649","COD_AVISO":1024601892,"DIRECCION":"","FALLA":"TEN Actualizado a 27/07/2026 1","DESC_EVENTO":"prueba","COD_EVENTO":"DF202671761649","FECHA_REPOSICION":"27-07-2026 17:00","FECHA_INI":"27-07-2026 10:11","id_alim":2041,"numero_cliente":2846115,"ID_AVISO":"500ck000015qCRcAAM"}},{"type":"Feature","geometry":{"type":"Point","coordinates":[-70.69370217846253,-33.456432113348214]},"properties":{"TIPO":"AVISO","CODIGO":"DF202671761939","COD_AVISO":1024700587,"DIRECCION":"ARICA 4152 ","FALLA":"Telefono de contacto 989839611","DESC_EVENTO":"prueba","COD_EVENTO":"DF202671761939","FECHA_REPOSICION":"27-07-2026 18:03","FECHA_INI":"27-07-2026 13:03","id_alim":2212,"numero_cliente":409934,"ID_AVISO":"500ck000015r8sAAAQ"}},{"type":"Feature","geometry":{"type":"Point","coordinates":[-70.67132093252629,-33.375151561499564]},"properties":{"TIPO":"AVISO","CODIGO":"DF202671761945","COD_AVISO":1024701838,"DIRECCION":"LA PALMILLA 5470 ","FALLA":"Nombre: Jorge OrtizRut: 964789","DESC_EVENTO":"prueba","COD_EVENTO":"DF202671761945","FECHA_REPOSICION":"27-07-2026 18:06","FECHA_INI":"27-07-2026 13:06","id_alim":2343,"numero_cliente":263163,"ID_AVISO":"500ck000015qxdcAAA"}},{"type":"Feature","geometry":{"type":"Point","coordinates":[-70.70135979186745,-33.23942253563027]},"properties":{"TIPO":"AVISO","CODIGO":"DF202671761376","COD_AVISO":1024629594,"DIRECCION":"SAN JOSE SITIO 10  LOTE 1 ","FALLA":"TEN Actualizado a 27/07/2026 1","DESC_EVENTO":"prueba","COD_EVENTO":"DF202671761376","FECHA_REPOSICION":"27-07-2026 15:47","FECHA_INI":"27-07-2026 01:47","id_alim":2522,"numero_cliente":1484072,"ID_AVISO":"500ck000015qBh2AAE"}},{"type":"Feature","geometry":{"type":"Point","coordinates":[-70.74031125581364,-33.40715441799229]},"properties":{"TIPO":"AVISO","CODIGO":"DF202671761676","COD_AVISO":1024571774,"DIRECCION":"POZO ALMONTE 995 ","FALLA":"Telefono de contacto 947843060","DESC_EVENTO":"prueba","COD_EVENTO":"DF202671761676","FECHA_REPOSICION":"27-07-2026 15:29","FECHA_INI":"27-07-2026 10:29","id_alim":413,"numero_cliente":985662,"ID_AVISO":"500ck000015pyV4AAI"}},{"type":"Feature","geometry":{"type":"Point","coordinates":[-70.61094280185783,-33.420821834293136]},"properties":{"TIPO":"AVISO","CODIGO":"DF202671761887","COD_AVISO":1024674675,"DIRECCION":"GUARDIA VIEJA 24 ","FALLA":"null Comuna: PROVIDENCIA","DESC_EVENTO":"prueba","COD_EVENTO":"DF202671761887","FECHA_REPOSICION":"27-07-2026 17:31","FECHA_INI":"27-07-2026 12:31","id_alim":2141,"numero_cliente":121855,"ID_AVISO":"500ck000015quVrAAI"}},{"type":"Feature","geometry":{"type":"Point","coordinates":[-70.6430680099244,-33.442618275844104]},"properties":{"TIPO":"AVISO","CODIGO":"DF202671761783","COD_AVISO":1024618414,"DIRECCION":"CARMEN 121 DEPTO 421 ","FALLA":"Nombre: francisco gajardoRut: ","DESC_EVENTO":"prueba","COD_EVENTO":"DF202671761783","FECHA_REPOSICION":"27-07-2026 16:21","FECHA_INI":"27-07-2026 11:21","id_alim":640,"numero_cliente":3597042,"ID_AVISO":"500ck000015psEnAAI"}},{"type":"Feature","geometry":{"type":"Point","coordinates":[-70.63074116076527,-33.547835095688974]},"properties":{"TIPO":"AVISO","CODIGO":"DF202671761860","COD_AVISO":1024658757,"DIRECCION":"SENDA B 0216 DP 24  ","FALLA":"Observación: cliente se contac","DESC_EVENTO":"prueba","COD_EVENTO":"DF202671761860","FECHA_REPOSICION":"27-07-2026 17:11","FECHA_INI":"27-07-2026 12:11","id_alim":2622,"numero_cliente":1196514,"ID_AVISO":"500ck000015qmrdAAA"}},{"type":"Feature","geometry":{"type":"Point","coordinates":[-70.7511314251738,-33.46291084957426]},"properties":{"TIPO":"AVISO","CODIGO":"DF202671761978","COD_AVISO":1024728942,"DIRECCION":"LEBRELES 8376 D 102 ","FALLA":"tablero que esta fuera del dep","DESC_EVENTO":"prueba","COD_EVENTO":"DF202671761978","FECHA_REPOSICION":"27-07-2026 18:39","FECHA_INI":"27-07-2026 13:39","id_alim":2716,"numero_cliente":1562281,"ID_AVISO":"500ck000015s3FIAAY"}},{"type":"Feature","geometry":{"type":"Point","coordinates":[-70.85063476972748,-33.4480410949716]},"properties":{"TIPO":"AVISO","CODIGO":"DF202671761950","COD_AVISO":1024704070,"DIRECCION":"AVD LAS FLORES 20101  ","FALLA":"null Comuna: PUDAHUEL","DESC_EVENTO":"prueba","COD_EVENTO":"DF202671761950","FECHA_REPOSICION":"27-07-2026 18:08","FECHA_INI":"27-07-2026 13:08","id_alim":5715,"numero_cliente":3504528,"ID_AVISO":"500ck000015qV1vAAE"}},{"type":"Feature","geometry":{"type":"Point","coordinates":[-70.65852319860254,-33.54370288063214]},"properties":{"TIPO":"AVISO","CODIGO":"DF202671761763","COD_AVISO":1024610976,"DIRECCION":"JULIO COVARRUBIAS 9370 ","FALLA":"Nombre: Ricardo OyarzunTeléfon","DESC_EVENTO":"prueba","COD_EVENTO":"DF202671761763","FECHA_REPOSICION":"27-07-2026 16:13","FECHA_INI":"27-07-2026 11:13","id_alim":531,"numero_cliente":312700,"ID_AVISO":"500ck000015pRF0AAM"}},{"type":"Feature","geometry":{"type":"Point","coordinates":[-70.60401882388894,-33.45904822287538]},"properties":{"TIPO":"AVISO","CODIGO":"DF202671761892","COD_AVISO":1024675729,"DIRECCION":"LOS 3 ANTONIOS 655 E ","FALLA":"NOMBRE:    JAQUELINE TELEFONO:","DESC_EVENTO":"prueba","COD_EVENTO":"DF202671761892","FECHA_REPOSICION":"27-07-2026 17:34","FECHA_INI":"27-07-2026 12:34","id_alim":1846,"numero_cliente":560922,"ID_AVISO":"500ck000015qxS2AAI"}},{"type":"Feature","geometry":{"type":"Point","coordinates":[-70.70794920747515,-33.428131592151395]},"properties":{"TIPO":"AVISO","CODIGO":"DF202671761883","COD_AVISO":1024672147,"DIRECCION":"SANTA INES 01625 ","FALLA":"--","DESC_EVENTO":"prueba","COD_EVENTO":"DF202671761883","FECHA_REPOSICION":"27-07-2026 17:28","FECHA_INI":"27-07-2026 12:28","id_alim":2041,"numero_cliente":237161,"ID_AVISO":"500ck000015qoAPAAY"}},{"type":"Feature","geometry":{"type":"Point","coordinates":[-70.6547679421237,-33.40820853121888]},"properties":{"TIPO":"AVISO","CODIGO":"DF202671761956","COD_AVISO":1024709460,"DIRECCION":"BELISARIO PRAT 1840 DEPTO 1303 ","FALLA":"Telefono de contacto 948887034","DESC_EVENTO":"prueba","COD_EVENTO":"DF202671761956","FECHA_REPOSICION":"27-07-2026 18:14","FECHA_INI":"27-07-2026 13:14","id_alim":125,"numero_cliente":3211917,"ID_AVISO":"500ck000015qzQrAAI"}},{"type":"Feature","geometry":{"type":"Point","coordinates":[-70.65470605124081,-33.43158047698821]},"properties":{"TIPO":"AVISO","CODIGO":"DF202671761728","COD_AVISO":1024599268,"DIRECCION":"MORANDE 864 ","FALLA":"MORANDE 864 CLIENTE AL DIA SIN","DESC_EVENTO":"prueba","COD_EVENTO":"DF202671761728","FECHA_REPOSICION":"27-07-2026 15:59","FECHA_INI":"27-07-2026 10:59","id_alim":3114,"numero_cliente":3275,"ID_AVISO":"500ck000015pSafAAE"}},{"type":"Feature","geometry":{"type":"Point","coordinates":[-70.6726959718145,-33.40378361829454]},"properties":{"TIPO":"AVISO","CODIGO":"DF202671761264","COD_AVISO":1024362856,"DIRECCION":"LAS ENREDADERAS 2591 ","FALLA":"TEN Actualizado a 27/07/2026 1","DESC_EVENTO":"prueba","COD_EVENTO":"DF202671761264","FECHA_REPOSICION":"27-07-2026 14:29","FECHA_INI":"26-07-2026 21:26","id_alim":111,"numero_cliente":888900,"ID_AVISO":"500ck000015leAHAAY"}},{"type":"Feature","geometry":{"type":"Point","coordinates":[-70.66517304145849,-33.44259657518153]},"properties":{"TIPO":"AVISO","CODIGO":"DF202671761477","COD_AVISO":1024684178,"DIRECCION":"BRASIL 3 ","FALLA":"TEN Actualizado a 27/07/2026 1","DESC_EVENTO":"prueba","COD_EVENTO":"DF202671761477","FECHA_REPOSICION":"27-07-2026 19:43","FECHA_INI":"27-07-2026 08:53","id_alim":3113,"numero_cliente":95554,"ID_AVISO":"500ck000015qLH5AAM"}},{"type":"Feature","geometry":{"type":"Point","coordinates":[-70.66517304145849,-33.44259657518153]},"properties":{"TIPO":"AVISO","CODIGO":"DF202671761477","COD_AVISO":1024503469,"DIRECCION":"BRASIL 3 ","FALLA":"TEN Actualizado a 27/07/2026 1","DESC_EVENTO":"prueba","COD_EVENTO":"DF202671761477","FECHA_REPOSICION":"27-07-2026 19:43","FECHA_INI":"27-07-2026 08:53","id_alim":3113,"numero_cliente":185924,"ID_AVISO":"500ck000015p8jPAAQ"}},{"type":"Feature","geometry":{"type":"Point","coordinates":[-70.66517304145849,-33.44259657518153]},"properties":{"TIPO":"AVISO","CODIGO":"DF202671761477","COD_AVISO":1024516343,"DIRECCION":"BRASIL 3 ","FALLA":"TEN Actualizado a 27/07/2026 1","DESC_EVENTO":"prueba","COD_EVENTO":"DF202671761477","FECHA_REPOSICION":"27-07-2026 19:43","FECHA_INI":"27-07-2026 08:53","id_alim":3113,"numero_cliente":904051,"ID_AVISO":"500ck000015pNs3AAE"}},{"type":"Feature","geometry":{"type":"Point","coordinates":[-70.66517304145849,-33.44259657518153]},"properties":{"TIPO":"AVISO","CODIGO":"DF202671761477","COD_AVISO":1024552891,"DIRECCION":"BRASIL 3 ","FALLA":"TEN Actualizado a 27/07/2026 1","DESC_EVENTO":"prueba","COD_EVENTO":"DF202671761477","FECHA_REPOSICION":"27-07-2026 19:43","FECHA_INI":"27-07-2026 08:53","id_alim":3113,"numero_cliente":185857,"ID_AVISO":"500ck000015owVkAAI"}},{"type":"Feature","geometry":{"type":"Point","coordinates":[-70.74695550841018,-33.51136577300382]},"properties":{"TIPO":"AVISO","CODIGO":"DF202671761530","COD_AVISO":1024510758,"DIRECCION":"VARSOVIA 1438 ","FALLA":"TEN Actualizado a 27/07/2026 1","DESC_EVENTO":"prueba","COD_EVENTO":"DF202671761530","FECHA_REPOSICION":"27-07-2026 17:25","FECHA_INI":"27-07-2026 09:25","id_alim":1122,"numero_cliente":234268,"ID_AVISO":"500ck000015o9epAAA"}},{"type":"Feature","geometry":{"type":"Point","coordinates":[-70.69118825491951,-33.46443745829342]},"properties":{"TIPO":"AVISO","CODIGO":"DF202671761440","COD_AVISO":1024455754,"DIRECCION":"ARZOBISPO SUBERCASEAUX 4180 ","FALLA":"TEN Actualizado a 27/07/2026 1","DESC_EVENTO":"prueba","COD_EVENTO":"DF202671761440","FECHA_REPOSICION":"27-07-2026 16:17","FECHA_INI":"27-07-2026 08:17","id_alim":2241,"numero_cliente":50659,"ID_AVISO":"500ck000015nwmNAAQ"}},{"type":"Feature","geometry":{"type":"Point","coordinates":[-70.66899800396376,-33.422614064117546]},"properties":{"TIPO":"AVISO","CODIGO":"DF202671761396","COD_AVISO":1024483142,"DIRECCION":"5 NORTE 752 ","FALLA":"TEN Actualizado a 27/07/2026 1","DESC_EVENTO":"prueba","COD_EVENTO":"DF202671761396","FECHA_REPOSICION":"27-07-2026 17:01","FECHA_INI":"27-07-2026 06:40","id_alim":113,"numero_cliente":887884,"ID_AVISO":"500ck000015otpBAAQ"}},{"type":"Feature","geometry":{"type":"Point","coordinates":[-70.29314543846917,-33.34650963147338]},"properties":{"TIPO":"AVISO","CODIGO":"DF202671761206","COD_AVISO":1024365149,"DIRECCION":"EDIFICIO MORROS BAYOS  ","FALLA":"TEN Actualizado a 27/07/2026 1","DESC_EVENTO":"prueba","COD_EVENTO":"DF202671761206","FECHA_REPOSICION":"27-07-2026 16:28","FECHA_INI":"26-07-2026 20:28","id_alim":1024,"numero_cliente":8029640,"ID_AVISO":"500ck000015ldvtAAA"}},{"type":"Feature","geometry":{"type":"Point","coordinates":[-70.29314543846917,-33.34650963147338]},"properties":{"TIPO":"AVISO","CODIGO":"DF202671761206","COD_AVISO":1024609734,"DIRECCION":"EDIFICIO MORROS BAYOS  ","FALLA":"TEN Actualizado a 27/07/2026 1","DESC_EVENTO":"prueba","COD_EVENTO":"DF202671761206","FECHA_REPOSICION":"27-07-2026 16:28","FECHA_INI":"26-07-2026 20:28","id_alim":1024,"numero_cliente":8029646,"ID_AVISO":"500ck000015q0nFAAQ"}},{"type":"Feature","geometry":{"type":"Point","coordinates":[-70.609413800083,-33.41450384991376]},"properties":{"TIPO":"AVISO","CODIGO":"DF202671761781","COD_AVISO":1024617886,"DIRECCION":"SANTA MARIA 2670 OFICINA 503 ","FALLA":"null Comuna: PROVIDENCIA","DESC_EVENTO":"prueba","COD_EVENTO":"DF202671761781","FECHA_REPOSICION":"27-07-2026 16:21","FECHA_INI":"27-07-2026 11:21","id_alim":2123,"numero_cliente":2718751,"ID_AVISO":"500ck000015prM5AAI"}},{"type":"Feature","geometry":{"type":"Point","coordinates":[-70.58532889345292,-33.50506643687829]},"properties":{"TIPO":"AVISO","CODIGO":"DF202671761716","COD_AVISO":1024591618,"DIRECCION":"HOJAS SECAS 6035 C ","FALLA":"Telefono de contacto 981554928","DESC_EVENTO":"prueba","COD_EVENTO":"DF202671761716","FECHA_REPOSICION":"27-07-2026 15:50","FECHA_INI":"27-07-2026 10:50","id_alim":2423,"numero_cliente":342904,"ID_AVISO":"500ck000015pwWeAAI"}},{"type":"Feature","geometry":{"type":"Point","coordinates":[-70.65433009941749,-33.4595774464853]},"properties":{"TIPO":"AVISO","CODIGO":"DF202671761875","COD_AVISO":1024698549,"DIRECCION":"ALDUNATE 1224 ","FALLA":"--","DESC_EVENTO":"prueba","COD_EVENTO":"DF202671761875","FECHA_REPOSICION":"27-07-2026 17:24","FECHA_INI":"27-07-2026 12:24","id_alim":633,"numero_cliente":111209,"ID_AVISO":"500ck000015qwsjAAA"}},{"type":"Feature","geometry":{"type":"Point","coordinates":[-70.67233218939435,-33.5009725998991]},"properties":{"TIPO":"AVISO","CODIGO":"DF202671735048","COD_AVISO":1024550136,"DIRECCION":"PIRIHUEICO PTE HUEPIL","FALLA":"","DESC_EVENTO":"prueba","COD_EVENTO":"DF202671735048","FECHA_REPOSICION":"27-07-2026 16:00","FECHA_INI":"27-07-2026 10:00","id_alim":2244,"numero_cliente":290945,"ID_AVISO":"500ck000015pBjUAAU"}},{"type":"Feature","geometry":{"type":"Point","coordinates":[-70.54921459691782,-33.40942087918038]},"properties":{"TIPO":"AVISO","CODIGO":"DF202671736465","COD_AVISO":1024591007,"DIRECCION":"","FALLA":"","DESC_EVENTO":"prueba","COD_EVENTO":"DF202671736465","FECHA_REPOSICION":"27-07-2026 16:30","FECHA_INI":"27-07-2026 10:30","id_alim":226,"numero_cliente":802072,"ID_AVISO":"500ck000015q5mhAAA"}},{"type":"Feature","geometry":{"type":"Point","coordinates":[-70.7169000693952,-33.34121893926233]},"properties":{"TIPO":"AVISO","CODIGO":"DF202671761527","COD_AVISO":1024502246,"DIRECCION":"MONS.FCO GILLMORE   9180                      ","FALLA":"TEN Actualizado a 27/07/2026 1","DESC_EVENTO":"prueba","COD_EVENTO":"DF202671761527","FECHA_REPOSICION":"27-07-2026 16:16","FECHA_INI":"27-07-2026 09:16","id_alim":3211,"numero_cliente":1238086,"ID_AVISO":"500ck000015p52MAAQ"}},{"type":"Feature","geometry":{"type":"Point","coordinates":[-70.73877032099563,-33.41561297646733]},"properties":{"TIPO":"AVISO","CODIGO":"DF202671761243","COD_AVISO":1024634891,"DIRECCION":"NALOLO 7311 ","FALLA":"TEN Actualizado a 27/07/2026 1","DESC_EVENTO":"prueba","COD_EVENTO":"DF202671761243","FECHA_REPOSICION":"27-07-2026 16:55","FECHA_INI":"26-07-2026 20:55","id_alim":412,"numero_cliente":818807,"ID_AVISO":"500ck000015p6YtAAI"}},{"type":"Feature","geometry":{"type":"Point","coordinates":[-70.69912389643474,-33.29061589613022]},"properties":{"TIPO":"AVISO","CODIGO":"DF202671761408","COD_AVISO":1024424950,"DIRECCION":"SANTA LUZ SITIO 9 A","FALLA":"TEN Actualizado a 27/07/2026 1","DESC_EVENTO":"prueba","COD_EVENTO":"DF202671761408","FECHA_REPOSICION":"27-07-2026 15:25","FECHA_INI":"27-07-2026 07:25","id_alim":2525,"numero_cliente":1250653,"ID_AVISO":"500ck000015nqyUAAQ"}},{"type":"Feature","geometry":{"type":"Point","coordinates":[-70.67141814070997,-33.43850567690268]},"properties":{"TIPO":"AVISO","CODIGO":"DF202671761463","COD_AVISO":1024703686,"DIRECCION":"GARCIA REYES 584 ","FALLA":"CORREO ENVIADO ------ 27/07/20","DESC_EVENTO":"prueba","COD_EVENTO":"DF202671761463","FECHA_REPOSICION":"27-07-2026 15:13","FECHA_INI":"27-07-2026 08:41","id_alim":313,"numero_cliente":495647,"ID_AVISO":"500ck000015rEsjAAE"}},{"type":"Feature","geometry":{"type":"Point","coordinates":[-70.69718680769051,-33.2357334682763]},"properties":{"TIPO":"AVISO","CODIGO":"DF202671761270","COD_AVISO":1024529788,"DIRECCION":"COND. SN JAIME P/26 S/5 ","FALLA":"TEN Actualizado a 27/07/2026 1","DESC_EVENTO":"prueba","COD_EVENTO":"DF202671761270","FECHA_REPOSICION":"27-07-2026 14:57","FECHA_INI":"26-07-2026 21:31","id_alim":2522,"numero_cliente":3037501,"ID_AVISO":"500ck000015pLAZAA2"}},{"type":"Feature","geometry":{"type":"Point","coordinates":[-70.56361588423863,-33.526868043311815]},"properties":{"TIPO":"AVISO","CODIGO":"DF202671761851","COD_AVISO":1024656389,"DIRECCION":"MANUEL PLAZA 8449 ","FALLA":"Telefono de contacto 996683393","DESC_EVENTO":"prueba","COD_EVENTO":"DF202671761851","FECHA_REPOSICION":"27-07-2026 17:08","FECHA_INI":"27-07-2026 12:08","id_alim":2443,"numero_cliente":1293841,"ID_AVISO":"500ck000015qTpHAAU"}},{"type":"Feature","geometry":{"type":"Point","coordinates":[-70.74093020632617,-33.36025905362403]},"properties":{"TIPO":"AVISO","CODIGO":"DF202671761278","COD_AVISO":1024366414,"DIRECCION":"ESTERO NIFRE 22 ","FALLA":"TEN Actualizado a 27/07/2026 1","DESC_EVENTO":"prueba","COD_EVENTO":"DF202671761278","FECHA_REPOSICION":"27-07-2026 17:49","FECHA_INI":"26-07-2026 21:49","id_alim":1413,"numero_cliente":1310864,"ID_AVISO":"500ck000015lUuFAAU"}},{"type":"Feature","geometry":{"type":"Point","coordinates":[-70.68717898688497,-33.35581172939166]},"properties":{"TIPO":"AVISO","CODIGO":"DF202671761428","COD_AVISO":1024449557,"DIRECCION":"LOS PICAFLORES 6736 ","FALLA":"TEN Actualizado a 27/07/2026 1","DESC_EVENTO":"prueba","COD_EVENTO":"DF202671761428","FECHA_REPOSICION":"27-07-2026 16:08","FECHA_INI":"27-07-2026 08:08","id_alim":3215,"numero_cliente":1271102,"ID_AVISO":"500ck000015nqNZAAY"}},{"type":"Feature","geometry":{"type":"Point","coordinates":[-70.6503800152322,-33.43634704464324]},"properties":{"TIPO":"AVISO","CODIGO":"DF202671761714","COD_AVISO":1024590236,"DIRECCION":"PLAZA DE ARMAS 960 DP 346 ","FALLA":"PLAZA DE ARMAS 960 DP 346 MEDI","DESC_EVENTO":"prueba","COD_EVENTO":"DF202671761714","FECHA_REPOSICION":"27-07-2026 15:49","FECHA_INI":"27-07-2026 10:49","id_alim":3123,"numero_cliente":184023,"ID_AVISO":"500ck000015pmZ0AAI"}},{"type":"Feature","geometry":{"type":"Point","coordinates":[-70.74976249935784,-33.463226605240735]},"properties":{"TIPO":"AVISO","CODIGO":"DF202671761489","COD_AVISO":1024489098,"DIRECCION":"LAGUNA CAUQUENES 128 ","FALLA":"CLIENTE SIN SUMINISTRO ELECTRI","DESC_EVENTO":"prueba","COD_EVENTO":"DF202671761489","FECHA_REPOSICION":"27-07-2026 16:59","FECHA_INI":"27-07-2026 08:59","id_alim":2716,"numero_cliente":1252666,"ID_AVISO":"500ck000015p94HAAQ"}},{"type":"Feature","geometry":{"type":"Point","coordinates":[-70.68972703178622,-33.37535615744543]},"properties":{"TIPO":"AVISO","CODIGO":"DF202671761490","COD_AVISO":1024489798,"DIRECCION":"LOS EUCALIPTUS 5726 ","FALLA":"TEN Actualizado a 27/07/2026 1","DESC_EVENTO":"prueba","COD_EVENTO":"DF202671761490","FECHA_REPOSICION":"27-07-2026 17:00","FECHA_INI":"27-07-2026 09:00","id_alim":1421,"numero_cliente":707679,"ID_AVISO":"500ck000015orQvAAI"}},{"type":"Feature","geometry":{"type":"Point","coordinates":[-70.69625926903235,-33.4714372762903]},"properties":{"TIPO":"AVISO","CODIGO":"DF202671761815","COD_AVISO":1024636731,"DIRECCION":"USPALLATA 1883 ","FALLA":"cliente indica local comercial","DESC_EVENTO":"prueba","COD_EVENTO":"DF202671761815","FECHA_REPOSICION":"27-07-2026 16:45","FECHA_INI":"27-07-2026 11:45","id_alim":2224,"numero_cliente":366742,"ID_AVISO":"500ck000015pb1ZAAQ"}},{"type":"Feature","geometry":{"type":"Point","coordinates":[-70.73380639849196,-33.46788736163352]},"properties":{"TIPO":"AVISO","CODIGO":"DF202671761928","COD_AVISO":1024695987,"DIRECCION":"SANTA CORINA 101 D 323 ","FALLA":"Nombre:karina lazoRut   :12255","DESC_EVENTO":"prueba","COD_EVENTO":"DF202671761928","FECHA_REPOSICION":"27-07-2026 17:58","FECHA_INI":"27-07-2026 12:58","id_alim":2723,"numero_cliente":1418291,"ID_AVISO":"500ck000015qogmAAA"}},{"type":"Feature","geometry":{"type":"Point","coordinates":[-70.781030677994,-33.50352838924821]},"properties":{"TIPO":"AVISO","CODIGO":"DF202671761943","COD_AVISO":1024701311,"DIRECCION":"MAIPU 1790 ","FALLA":"Cliente: Antonio DONATCorreo  ","DESC_EVENTO":"prueba","COD_EVENTO":"DF202671761943","FECHA_REPOSICION":"27-07-2026 18:05","FECHA_INI":"27-07-2026 13:05","id_alim":3335,"numero_cliente":1330031,"ID_AVISO":"500ck000015qTZvAAM"}},{"type":"Feature","geometry":{"type":"Point","coordinates":[-70.61137569255533,-33.38307718722171]},"properties":{"TIPO":"AVISO","CODIGO":"DF202671760970","COD_AVISO":1024296509,"DIRECCION":"RINCONADA EL SALTO PS 6 PS 6 ","FALLA":"TEN Actualizado a 27/07/2026 1","DESC_EVENTO":"prueba","COD_EVENTO":"DF202671760970","FECHA_REPOSICION":"27-07-2026 17:07","FECHA_INI":"26-07-2026 15:32","id_alim":2331,"numero_cliente":37853,"ID_AVISO":"500ck000015ky7gAAA"}},{"type":"Feature","geometry":{"type":"Point","coordinates":[-70.6526390000355,-33.448395908178924]},"properties":{"TIPO":"AVISO","CODIGO":"DF202671761762","COD_AVISO":1024609495,"DIRECCION":"GRAL BULNES 377 506 ","FALLA":"Contacto: Victor CelisTeléfono","DESC_EVENTO":"prueba","COD_EVENTO":"DF202671761762","FECHA_REPOSICION":"27-07-2026 16:12","FECHA_INI":"27-07-2026 11:12","id_alim":1611,"numero_cliente":468736,"ID_AVISO":"500ck000015phzJAAQ"}},{"type":"Feature","geometry":{"type":"Point","coordinates":[-70.75434121214714,-33.362802201119266]},"properties":{"TIPO":"AVISO","CODIGO":"DF202671761707","COD_AVISO":1024586849,"DIRECCION":"LAS GARZAS 0695 103 ","FALLA":"Telefono de contacto 979619420","DESC_EVENTO":"prueba","COD_EVENTO":"DF202671761707","FECHA_REPOSICION":"27-07-2026 15:45","FECHA_INI":"27-07-2026 10:45","id_alim":2844,"numero_cliente":1607007,"ID_AVISO":"500ck000015pdsSAAQ"}},{"type":"Feature","geometry":{"type":"Point","coordinates":[-70.65441301092879,-33.42504542569138]},"properties":{"TIPO":"AVISO","CODIGO":"DF202671761910","COD_AVISO":1024686324,"DIRECCION":"INDEPENDENCIA 366 5 ","FALLA":"Telefono de contacto 982299599","DESC_EVENTO":"prueba","COD_EVENTO":"DF202671761910","FECHA_REPOSICION":"27-07-2026 17:45","FECHA_INI":"27-07-2026 12:45","id_alim":3112,"numero_cliente":351998,"ID_AVISO":"500ck000015qzYoAAI"}},{"type":"Feature","geometry":{"type":"Point","coordinates":[-70.70333016959151,-33.4359367751605]},"properties":{"TIPO":"AVISO","CODIGO":"DF202671761970","COD_AVISO":1024722812,"DIRECCION":"R DEL OBISPO F ANABALON D 1225 DEPTO 1113 ","FALLA":"Sector sin suministroYulikar Z","DESC_EVENTO":"prueba","COD_EVENTO":"DF202671761970","FECHA_REPOSICION":"27-07-2026 18:31","FECHA_INI":"27-07-2026 13:31","id_alim":2041,"numero_cliente":3591771,"ID_AVISO":"500ck000015rM0oAAE"}},{"type":"Feature","geometry":{"type":"Point","coordinates":[-70.67381823632087,-33.50217043004546]},"properties":{"TIPO":"AVISO","CODIGO":"DF202671761890","COD_AVISO":1024675797,"DIRECCION":"ALHUE 2598 ","FALLA":"null Comuna: PEDRO AGUIRRE CER","DESC_EVENTO":"prueba","COD_EVENTO":"DF202671761890","FECHA_REPOSICION":"27-07-2026 17:32","FECHA_INI":"27-07-2026 12:32","id_alim":2244,"numero_cliente":290758,"ID_AVISO":"500ck000015qJLRAA2"}},{"type":"Feature","geometry":{"type":"Point","coordinates":[-70.61639788556953,-33.423340365379005]},"properties":{"TIPO":"AVISO","CODIGO":"DF202671761979","COD_AVISO":1024728910,"DIRECCION":"PADRE MARIANO 103 OF 308  ","FALLA":"NOMBRE:belen RUT:TELEFONO:9906","DESC_EVENTO":"prueba","COD_EVENTO":"DF202671761979","FECHA_REPOSICION":"27-07-2026 18:39","FECHA_INI":"27-07-2026 13:39","id_alim":2135,"numero_cliente":1177474,"ID_AVISO":"500ck000015rUhTAAU"}},{"type":"Feature","geometry":{"type":"Point","coordinates":[-70.78632077039413,-33.55789663940336]},"properties":{"TIPO":"AVISO","CODIGO":"DF202671761976","COD_AVISO":1024723292,"DIRECCION":"PARQUE CENTRAL OR. 1100 ","FALLA":"Nombre: Eduardo VidalRut: 9122","DESC_EVENTO":"prueba","COD_EVENTO":"DF202671761976","FECHA_REPOSICION":"27-07-2026 18:35","FECHA_INI":"27-07-2026 13:35","id_alim":3311,"numero_cliente":1295573,"ID_AVISO":"500ck000015rmHfAAI"}},{"type":"Feature","geometry":{"type":"Point","coordinates":[-70.5316944211131,-33.39549318761628]},"properties":{"TIPO":"AVISO","CODIGO":"DF202671761603","COD_AVISO":1024537183,"DIRECCION":"CAM EL ALGARROBO 1409                         ","FALLA":"EMERGENCIA/LAS CONDES¿¿¿¿¿¿¿No","DESC_EVENTO":"prueba","COD_EVENTO":"DF202671761603","FECHA_REPOSICION":"27-07-2026 14:56","FECHA_INI":"27-07-2026 09:56","id_alim":222,"numero_cliente":354781,"ID_AVISO":"500ck000015pGqsAAE"}},{"type":"Feature","geometry":{"type":"Point","coordinates":[-70.69327224430825,-33.44793487495742]},"properties":{"TIPO":"AVISO","CODIGO":"DF202671761732","COD_AVISO":1024600403,"DIRECCION":"BUZO SOBENES 4252 ","FALLA":"Telefono de contacto 987932387","DESC_EVENTO":"prueba","COD_EVENTO":"DF202671761732","FECHA_REPOSICION":"27-07-2026 16:00","FECHA_INI":"27-07-2026 11:00","id_alim":2013,"numero_cliente":51252,"ID_AVISO":"500ck000015pSlsAAE"}},{"type":"Feature","geometry":{"type":"Point","coordinates":[-70.64949114871372,-33.503608321009175]},"properties":{"TIPO":"AVISO","CODIGO":"DF202671761685","COD_AVISO":1024575898,"DIRECCION":"MIGUEL LEON PRADO 849 C/ J  ","FALLA":"Telefono de contacto 966393839","DESC_EVENTO":"prueba","COD_EVENTO":"DF202671761685","FECHA_REPOSICION":"27-07-2026 15:33","FECHA_INI":"27-07-2026 10:33","id_alim":536,"numero_cliente":244496,"ID_AVISO":"500ck000015pPUgAAM"}},{"type":"Feature","geometry":{"type":"Point","coordinates":[-70.55364769523614,-33.46888537248237]},"properties":{"TIPO":"AVISO","CODIGO":"DF202671761980","COD_AVISO":1024729538,"DIRECCION":"TOBALABA 10979 PS 2 DP 23 ","FALLA":"--","DESC_EVENTO":"prueba","COD_EVENTO":"DF202671761980","FECHA_REPOSICION":"27-07-2026 18:39","FECHA_INI":"27-07-2026 13:39","id_alim":924,"numero_cliente":2907714,"ID_AVISO":"500ck000015rduQAAQ"}},{"type":"Feature","geometry":{"type":"Point","coordinates":[-70.77157362902034,-33.48606417582721]},"properties":{"TIPO":"AVISO","CODIGO":"DF202671761658","COD_AVISO":1024565292,"DIRECCION":"COMBATE YERBAS BUENAS 1661 ","FALLA":"Telefono de contacto 995905975","DESC_EVENTO":"prueba","COD_EVENTO":"DF202671761658","FECHA_REPOSICION":"27-07-2026 15:23","FECHA_INI":"27-07-2026 10:23","id_alim":2717,"numero_cliente":1446352,"ID_AVISO":"500ck000015pviTAAQ"}},{"type":"Feature","geometry":{"type":"Point","coordinates":[-70.69556521575132,-33.454068494038964]},"properties":{"TIPO":"AVISO","CODIGO":"DF202671761801","COD_AVISO":1024630336,"DIRECCION":"CONCON 169 ","FALLA":"código:0ae603b59378bd3fNombre ","DESC_EVENTO":"prueba","COD_EVENTO":"DF202671761801","FECHA_REPOSICION":"27-07-2026 16:35","FECHA_INI":"27-07-2026 11:35","id_alim":2242,"numero_cliente":454928,"ID_AVISO":"500ck000015qU8QAAU"}},{"type":"Feature","geometry":{"type":"Point","coordinates":[-70.7562522406309,-33.36303978395417]},"properties":{"TIPO":"AVISO","CODIGO":"DF202671761699","COD_AVISO":1024581085,"DIRECCION":"MANUEL ANTONIO MATTA 0780 103 ","FALLA":"Cliente saurel myril fono 9455","DESC_EVENTO":"prueba","COD_EVENTO":"DF202671761699","FECHA_REPOSICION":"27-07-2026 15:40","FECHA_INI":"27-07-2026 10:40","id_alim":2844,"numero_cliente":1606107,"ID_AVISO":"500ck000015praJAAQ"}},{"type":"Feature","geometry":{"type":"Point","coordinates":[-70.65927789150278,-33.38479185703952]},"properties":{"TIPO":"AVISO","CODIGO":"DF202671761749","COD_AVISO":1024605633,"DIRECCION":"CACIQUE AINAVILO 1235 ","FALLA":"Cliente: Juan VasquezRUT:   52","DESC_EVENTO":"prueba","COD_EVENTO":"DF202671761749","FECHA_REPOSICION":"27-07-2026 16:07","FECHA_INI":"27-07-2026 11:07","id_alim":2342,"numero_cliente":842177,"ID_AVISO":"500ck000015qI0mAAE"}},{"type":"Feature","geometry":{"type":"Point","coordinates":[-70.56059950205373,-33.38145897804598]},"properties":{"TIPO":"AVISO","CODIGO":"DF202671761899","COD_AVISO":1024683104,"DIRECCION":"EL AROMO 7581 ","FALLA":"null Comuna: VITACURA","DESC_EVENTO":"prueba","COD_EVENTO":"DF202671761899","FECHA_REPOSICION":"27-07-2026 17:41","FECHA_INI":"27-07-2026 12:41","id_alim":236,"numero_cliente":1020951,"ID_AVISO":"500ck000015qBCdAAM"}},{"type":"Feature","geometry":{"type":"Point","coordinates":[-70.65927712218736,-33.49752735955793]},"properties":{"TIPO":"AVISO","CODIGO":"DF202671761466","COD_AVISO":1024477134,"DIRECCION":"GAUSS 5181 ","FALLA":"TEN Actualizado a 27/07/2026 1","DESC_EVENTO":"prueba","COD_EVENTO":"DF202671761466","FECHA_REPOSICION":"27-07-2026 16:45","FECHA_INI":"27-07-2026 08:45","id_alim":1214,"numero_cliente":510576,"ID_AVISO":"500ck000015nv48AAA"}},{"type":"Feature","geometry":{"type":"Point","coordinates":[-70.60185093973625,-33.524313720173396]},"properties":{"TIPO":"AVISO","CODIGO":"DF202671761552","COD_AVISO":1024517068,"DIRECCION":"AMERICO VESPUCIO 7794 A DP 403 ","FALLA":"TEN Actualizado a 27/07/2026 1","DESC_EVENTO":"prueba","COD_EVENTO":"DF202671761552","FECHA_REPOSICION":"27-07-2026 17:32","FECHA_INI":"27-07-2026 09:32","id_alim":2681,"numero_cliente":431084,"ID_AVISO":"500ck000015onqeAAA"}},{"type":"Feature","geometry":{"type":"Point","coordinates":[-70.68860513321243,-33.446105923047455]},"properties":{"TIPO":"AVISO","CODIGO":"DF202671761429","COD_AVISO":1024449378,"DIRECCION":"LAS ENCINAS 64 DP 410 ","FALLA":"VERIFICAR CLIENTE AL DIA SIN R","DESC_EVENTO":"prueba","COD_EVENTO":"DF202671761429","FECHA_REPOSICION":"27-07-2026 16:08","FECHA_INI":"27-07-2026 08:08","id_alim":2013,"numero_cliente":1018952,"ID_AVISO":"500ck000015oXTmAAM"}},{"type":"Feature","geometry":{"type":"Point","coordinates":[-70.64269890483814,-33.42737791587318]},"properties":{"TIPO":"AVISO","CODIGO":"DF202671761898","COD_AVISO":1024681280,"DIRECCION":"LORETO 350 DP 1102 ","FALLA":"CONID: 0ae603b59378de7bNombre:","DESC_EVENTO":"prueba","COD_EVENTO":"DF202671761898","FECHA_REPOSICION":"27-07-2026 17:40","FECHA_INI":"27-07-2026 12:40","id_alim":1725,"numero_cliente":2924222,"ID_AVISO":"500ck000015qQpsAAE"}},{"type":"Feature","geometry":{"type":"Point","coordinates":[-70.66517304145849,-33.44259657518153]},"properties":{"TIPO":"AVISO","CODIGO":"DF202671761477","COD_AVISO":1024517484,"DIRECCION":"BRASIL 3 ","FALLA":"TEN Actualizado a 27/07/2026 1","DESC_EVENTO":"prueba","COD_EVENTO":"DF202671761477","FECHA_REPOSICION":"27-07-2026 19:43","FECHA_INI":"27-07-2026 08:53","id_alim":3113,"numero_cliente":2867784,"ID_AVISO":"500ck000015pJbfAAE"}},{"type":"Feature","geometry":{"type":"Point","coordinates":[-70.66517304145849,-33.44259657518153]},"properties":{"TIPO":"AVISO","CODIGO":"DF202671761477","COD_AVISO":1024554443,"DIRECCION":"BRASIL 3 ","FALLA":"TEN Actualizado a 27/07/2026 1","DESC_EVENTO":"prueba","COD_EVENTO":"DF202671761477","FECHA_REPOSICION":"27-07-2026 19:43","FECHA_INI":"27-07-2026 08:53","id_alim":3113,"numero_cliente":95498,"ID_AVISO":"500ck000015pLP9AAM"}},{"type":"Feature","geometry":{"type":"Point","coordinates":[-70.59516689040522,-33.46949918468204]},"properties":{"TIPO":"AVISO","CODIGO":"DF202671761236","COD_AVISO":1024356198,"DIRECCION":"PANULCILLO 3533 ","FALLA":"TEN Actualizado a 27/07/2026 1","DESC_EVENTO":"prueba","COD_EVENTO":"DF202671761236","FECHA_REPOSICION":"27-07-2026 16:38","FECHA_INI":"26-07-2026 20:49","id_alim":1844,"numero_cliente":119796,"ID_AVISO":"500ck000015ljzPAAQ"}},{"type":"Feature","geometry":{"type":"Point","coordinates":[-70.66899800396376,-33.422614064117546]},"properties":{"TIPO":"AVISO","CODIGO":"DF202671761396","COD_AVISO":1024464364,"DIRECCION":"5 NORTE 752 ","FALLA":"TEN Actualizado a 27/07/2026 1","DESC_EVENTO":"prueba","COD_EVENTO":"DF202671761396","FECHA_REPOSICION":"27-07-2026 17:01","FECHA_INI":"27-07-2026 06:40","id_alim":113,"numero_cliente":35049,"ID_AVISO":"500ck000015oWRNAA2"}},{"type":"Feature","geometry":{"type":"Point","coordinates":[-70.50127724722783,-33.352548191597414]},"properties":{"TIPO":"AVISO","CODIGO":"DF202671761380","COD_AVISO":1024515852,"DIRECCION":"CIRCUNVALACION SUR 994 DP C ","FALLA":"TEN Actualizado a 27/07/2026 1","DESC_EVENTO":"prueba","COD_EVENTO":"DF202671761380","FECHA_REPOSICION":"27-07-2026 17:48","FECHA_INI":"27-07-2026 03:48","id_alim":1031,"numero_cliente":1131190,"ID_AVISO":"500ck000015ompeAAA"}},{"type":"Feature","geometry":{"type":"Point","coordinates":[-70.62667402830802,-33.501645962236346]},"properties":{"TIPO":"AVISO","CODIGO":"DF202671761930","COD_AVISO":1024702696,"DIRECCION":"ARMANDO MOOCK 301 ","FALLA":"-->< 2 DOMICILIOS SIN SERVICIO","DESC_EVENTO":"prueba","COD_EVENTO":"DF202671761930","FECHA_REPOSICION":"27-07-2026 18:00","FECHA_INI":"27-07-2026 13:00","id_alim":1943,"numero_cliente":422035,"ID_AVISO":"500ck000015pbPuAAI"}},{"type":"Feature","geometry":{"type":"Point","coordinates":[-70.29314543846917,-33.34650963147338]},"properties":{"TIPO":"AVISO","CODIGO":"DF202671761206","COD_AVISO":1024363256,"DIRECCION":"EDIFICIO MORROS BAYOS  ","FALLA":"TEN Actualizado a 27/07/2026 1","DESC_EVENTO":"prueba","COD_EVENTO":"DF202671761206","FECHA_REPOSICION":"27-07-2026 16:28","FECHA_INI":"26-07-2026 20:28","id_alim":1024,"numero_cliente":7933108,"ID_AVISO":"500ck000015lhGHAAY"}},{"type":"Feature","geometry":{"type":"Point","coordinates":[-70.29314543846917,-33.34650963147338]},"properties":{"TIPO":"AVISO","CODIGO":"DF202671761206","COD_AVISO":1024388110,"DIRECCION":"EDIFICIO MORROS BAYOS  ","FALLA":"TEN Actualizado a 27/07/2026 1","DESC_EVENTO":"prueba","COD_EVENTO":"DF202671761206","FECHA_REPOSICION":"27-07-2026 16:28","FECHA_INI":"26-07-2026 20:28","id_alim":1024,"numero_cliente":5200517,"ID_AVISO":"500ck000015m5vFAAQ"}},{"type":"Feature","geometry":{"type":"Point","coordinates":[-70.29314543846917,-33.34650963147338]},"properties":{"TIPO":"AVISO","CODIGO":"DF202671761206","COD_AVISO":1024352313,"DIRECCION":"EDIFICIO MORROS BAYOS  ","FALLA":"TEN Actualizado a 27/07/2026 1","DESC_EVENTO":"prueba","COD_EVENTO":"DF202671761206","FECHA_REPOSICION":"27-07-2026 16:28","FECHA_INI":"26-07-2026 20:28","id_alim":1024,"numero_cliente":8037091,"ID_AVISO":"500ck000015lszFAAQ"}},{"type":"Feature","geometry":{"type":"Point","coordinates":[-70.726924424295,-33.47850145730227]},"properties":{"TIPO":"AVISO","CODIGO":"DF202671761692","COD_AVISO":1024625940,"DIRECCION":"ESTRELLA DE BELEN 1325 ","FALLA":"TICKET CON 2 AVISOSESTRELLA DE","DESC_EVENTO":"prueba","COD_EVENTO":"DF202671761692","FECHA_REPOSICION":"27-07-2026 13:51","FECHA_INI":"27-07-2026 10:36","id_alim":2231,"numero_cliente":1158268,"ID_AVISO":"500ck000015plwXAAQ"}},{"type":"Feature","geometry":{"type":"Point","coordinates":[-70.65433009941749,-33.4595774464853]},"properties":{"TIPO":"AVISO","CODIGO":"DF202671761875","COD_AVISO":1024669376,"DIRECCION":"ALDUNATE 1224 ","FALLA":"--","DESC_EVENTO":"prueba","COD_EVENTO":"DF202671761875","FECHA_REPOSICION":"27-07-2026 17:24","FECHA_INI":"27-07-2026 12:24","id_alim":633,"numero_cliente":110961,"ID_AVISO":"500ck000015qiwFAAQ"}},{"type":"Feature","geometry":{"type":"Point","coordinates":[-70.67662303577018,-33.42918340642952]},"properties":{"TIPO":"AVISO","CODIGO":"DF202671761575","COD_AVISO":1024529836,"DIRECCION":"ESPERANZA 1216 ","FALLA":"TEN Actualizado a 27/07/2026 1","DESC_EVENTO":"prueba","COD_EVENTO":"DF202671761575","FECHA_REPOSICION":"27-07-2026 17:45","FECHA_INI":"27-07-2026 09:45","id_alim":323,"numero_cliente":3019555,"ID_AVISO":"500ck000015pTZKAA2"}},{"type":"Feature","geometry":{"type":"Point","coordinates":[-70.76385241384297,-33.43002368801081]},"properties":{"TIPO":"AVISO","CODIGO":"DF202671761713","COD_AVISO":1024588078,"DIRECCION":"SERGIO SAAVEDRA 9272 ","FALLA":"NOMBRE:OSCAR VASQUEZRUT:164187","DESC_EVENTO":"prueba","COD_EVENTO":"DF202671761713","FECHA_REPOSICION":"27-07-2026 15:48","FECHA_INI":"27-07-2026 10:48","id_alim":442,"numero_cliente":328344,"ID_AVISO":"500ck000015pGmDAAU"}},{"type":"Feature","geometry":{"type":"Point","coordinates":[-70.63586917928374,-33.531228527930615]},"properties":{"TIPO":"AVISO","CODIGO":"DF202671761662","COD_AVISO":1024567287,"DIRECCION":"COLOMBIA 2082 ","FALLA":"Telefono de contacto 945667562","DESC_EVENTO":"prueba","COD_EVENTO":"DF202671761662","FECHA_REPOSICION":"27-07-2026 15:25","FECHA_INI":"27-07-2026 10:25","id_alim":511,"numero_cliente":333890,"ID_AVISO":"500ck000015pzKdAAI"}},{"type":"Feature","geometry":{"type":"Point","coordinates":[-70.7823357360549,-33.51637391941165]},"properties":{"TIPO":"AVISO","CODIGO":"DF202671761841","COD_AVISO":1024650179,"DIRECCION":"IRIDIO 1124 ","FALLA":"TEN Actualizado a 27/07/2026 1","DESC_EVENTO":"prueba","COD_EVENTO":"DF202671761841","FECHA_REPOSICION":"27-07-2026 16:30","FECHA_INI":"27-07-2026 12:00","id_alim":3316,"numero_cliente":1327846,"ID_AVISO":"500ck000015qLgRAAU"}},{"type":"Feature","geometry":{"type":"Point","coordinates":[-70.68743116019787,-33.428670397030075]},"properties":{"TIPO":"AVISO","CODIGO":"DF202671761193","COD_AVISO":1024350269,"DIRECCION":"JUAN DE BARROS 3885 TR D DP 911  ","FALLA":"TEN Actualizado a 27/07/2026 1","DESC_EVENTO":"prueba","COD_EVENTO":"DF202671761193","FECHA_REPOSICION":"27-07-2026 16:16","FECHA_INI":"26-07-2026 20:16","id_alim":321,"numero_cliente":3311011,"ID_AVISO":"500ck000015lqfhAAA"}},{"type":"Feature","geometry":{"type":"Point","coordinates":[-70.72687338626322,-33.47899351515391]},"properties":{"TIPO":"AVISO","CODIGO":"DF202671735463","COD_AVISO":1024577944,"DIRECCION":"","FALLA":"","DESC_EVENTO":"prueba","COD_EVENTO":"DF202671735463","FECHA_REPOSICION":"27-07-2026 15:30","FECHA_INI":"27-07-2026 09:30","id_alim":2231,"numero_cliente":1248636,"ID_AVISO":"500ck000015pPmJAAU"}},{"type":"Feature","geometry":{"type":"Point","coordinates":[-70.6223278516377,-33.42768019380387]},"properties":{"TIPO":"AVISO","CODIGO":"DF202671761833","COD_AVISO":1024644352,"DIRECCION":"PROVIDENCIA 1120 LC 59  ","FALLA":"--","DESC_EVENTO":"prueba","COD_EVENTO":"DF202671761833","FECHA_REPOSICION":"27-07-2026 16:53","FECHA_INI":"27-07-2026 11:53","id_alim":2146,"numero_cliente":166885,"ID_AVISO":"500ck000015qYf6AAE"}},{"type":"Feature","geometry":{"type":"Point","coordinates":[-70.73723622724363,-33.35275981031177]},"properties":{"TIPO":"AVISO","CODIGO":"DF202671761824","COD_AVISO":1024640835,"DIRECCION":"CERRO PUNTA REDONDA 122 ","FALLA":"--","DESC_EVENTO":"prueba","COD_EVENTO":"DF202671761824","FECHA_REPOSICION":"27-07-2026 16:48","FECHA_INI":"27-07-2026 11:48","id_alim":3223,"numero_cliente":1673514,"ID_AVISO":"500ck000015oKU8AAM"}},{"type":"Feature","geometry":{"type":"Point","coordinates":[-70.67632105162069,-33.43232865935427]},"properties":{"TIPO":"AVISO","CODIGO":"DF202671761842","COD_AVISO":1024651004,"DIRECCION":"ESPERANZA 876 ","FALLA":"Un camion paso llevandose los ","DESC_EVENTO":"prueba","COD_EVENTO":"DF202671761842","FECHA_REPOSICION":"27-07-2026 17:01","FECHA_INI":"27-07-2026 12:01","id_alim":313,"numero_cliente":3638001,"ID_AVISO":"500ck000015qYfBAAU"}},{"type":"Feature","geometry":{"type":"Point","coordinates":[-70.69844683394697,-33.24877059695019]},"properties":{"TIPO":"AVISO","CODIGO":"DF202671761785","COD_AVISO":"","DIRECCION":"LOTEO SAN MIGUEL 8 ","FALLA":"Se solicita energización de em","DESC_EVENTO":"prueba","COD_EVENTO":"DF202671761785","FECHA_REPOSICION":"27-07-2026 16:23","FECHA_INI":"27-07-2026 11:23","id_alim":2526,"numero_cliente":1464315,"ID_AVISO":""}},{"type":"Feature","geometry":{"type":"Point","coordinates":[-70.69319837478766,-33.043142004114515]},"properties":{"TIPO":"AVISO","CODIGO":"DF202671761443","COD_AVISO":1024455997,"DIRECCION":"SERVIDUMBRE DE TRANSITO S/N PARC ALGARROBAL LOTE 21 MZ/ N ","FALLA":"TEN Actualizado a 27/07/2026 1","DESC_EVENTO":"prueba","COD_EVENTO":"DF202671761443","FECHA_REPOSICION":"27-07-2026 16:19","FECHA_INI":"27-07-2026 08:19","id_alim":5513,"numero_cliente":3320799,"ID_AVISO":"500ck000015oJnXAAU"}},{"type":"Feature","geometry":{"type":"Point","coordinates":[-70.55665665964925,-33.43798581372089]},"properties":{"TIPO":"AVISO","CODIGO":"DF202671761449","COD_AVISO":1024459503,"DIRECCION":"AGUAS CLARAS 1645 C/ 5 ","FALLA":"TEN Actualizado a 27/07/2026 1","DESC_EVENTO":"prueba","COD_EVENTO":"DF202671761449","FECHA_REPOSICION":"27-07-2026 16:24","FECHA_INI":"27-07-2026 08:24","id_alim":2913,"numero_cliente":204133,"ID_AVISO":"500ck000015oHIiAAM"}},{"type":"Feature","geometry":{"type":"Point","coordinates":[-70.69980115290416,-33.437306169063945]},"properties":{"TIPO":"AVISO","CODIGO":"DF202671761426","COD_AVISO":1024448419,"DIRECCION":"GASPAR DE ORENSE 950 ","FALLA":"SE LLAMA AL NUMERO REGISTRADO,","DESC_EVENTO":"prueba","COD_EVENTO":"DF202671761426","FECHA_REPOSICION":"27-07-2026 16:06","FECHA_INI":"27-07-2026 08:06","id_alim":2023,"numero_cliente":634042,"ID_AVISO":"500ck000015o3nWAAQ"}},{"type":"Feature","geometry":{"type":"Point","coordinates":[-70.67759204608868,-33.39025405254615]},"properties":{"TIPO":"AVISO","CODIGO":"DF202671761497","COD_AVISO":1024499208,"DIRECCION":"CANCHA RAYADA 3963 ","FALLA":"TEN Actualizado a 27/07/2026 1","DESC_EVENTO":"prueba","COD_EVENTO":"DF202671761497","FECHA_REPOSICION":"27-07-2026 17:11","FECHA_INI":"27-07-2026 09:11","id_alim":127,"numero_cliente":528256,"ID_AVISO":"500ck000015o6uFAAQ"}},{"type":"Feature","geometry":{"type":"Point","coordinates":[-70.73938230961048,-33.423302773754834]},"properties":{"TIPO":"AVISO","CODIGO":"DF202671761404","COD_AVISO":1024519958,"DIRECCION":"HUELEN 1511 D 304 ","FALLA":"TEN Actualizado a 27/07/2026 1","DESC_EVENTO":"prueba","COD_EVENTO":"DF202671761404","FECHA_REPOSICION":"27-07-2026 15:17","FECHA_INI":"27-07-2026 07:17","id_alim":423,"numero_cliente":1468810,"ID_AVISO":"500ck000015ocvYAAQ"}},{"type":"Feature","geometry":{"type":"Point","coordinates":[-70.63564112582297,-33.501198488833595]},"properties":{"TIPO":"AVISO","CODIGO":"DF202671761957","COD_AVISO":1024711521,"DIRECCION":"DIEGO DE MEZA 5026 ","FALLA":"Sr Ismael Becerra Fono: 993396","DESC_EVENTO":"prueba","COD_EVENTO":"DF202671761957","FECHA_REPOSICION":"27-07-2026 18:17","FECHA_INI":"27-07-2026 13:17","id_alim":1942,"numero_cliente":509793,"ID_AVISO":"500ck000015rYbGAAU"}},{"type":"Feature","geometry":{"type":"Point","coordinates":[-70.36457562118211,-33.33644591749738]},"properties":{"TIPO":"AVISO","CODIGO":"DF202671761418","COD_AVISO":1024436577,"DIRECCION":"CNO A LA DISPUTADA PARCELA 83 ","FALLA":"DV 27/07/2026 CLIENTE C/FACTUR","DESC_EVENTO":"prueba","COD_EVENTO":"DF202671761418","FECHA_REPOSICION":"27-07-2026 15:47","FECHA_INI":"27-07-2026 07:47","id_alim":1024,"numero_cliente":1557433,"ID_AVISO":"500ck000015nYiTAAU"}},{"type":"Feature","geometry":{"type":"Point","coordinates":[-70.72814821209342,-33.365310430553805]},"properties":{"TIPO":"AVISO","CODIGO":"DF202671761425","COD_AVISO":1024445779,"DIRECCION":"MANANTIALES 339 ","FALLA":"TEN Actualizado a 27/07/2026 1","DESC_EVENTO":"prueba","COD_EVENTO":"DF202671761425","FECHA_REPOSICION":"27-07-2026 16:05","FECHA_INI":"27-07-2026 08:05","id_alim":1423,"numero_cliente":1306344,"ID_AVISO":"500ck000015o0JaAAI"}},{"type":"Feature","geometry":{"type":"Point","coordinates":[-70.69452427376713,-33.473142693809734]},"properties":{"TIPO":"AVISO","CODIGO":"DF202671761523","COD_AVISO":1024507552,"DIRECCION":"LUIS CRUZ MARTINEZ 4402 ","FALLA":"VERIFICAR CLIENTE SIN SUMINSIT","DESC_EVENTO":"prueba","COD_EVENTO":"DF202671761523","FECHA_REPOSICION":"27-07-2026 17:23","FECHA_INI":"27-07-2026 09:23","id_alim":2212,"numero_cliente":1157561,"ID_AVISO":"500ck000015ou8kAAA"}},{"type":"Feature","geometry":{"type":"Point","coordinates":[-70.76616437963189,-33.40173801903986]},"properties":{"TIPO":"AVISO","CODIGO":"DF202671761488","COD_AVISO":1024488965,"DIRECCION":"AVD EL VENTISQUERO 1204  ","FALLA":"TEN Actualizado a 27/07/2026 1","DESC_EVENTO":"prueba","COD_EVENTO":"DF202671761488","FECHA_REPOSICION":"27-07-2026 16:59","FECHA_INI":"27-07-2026 08:59","id_alim":2835,"numero_cliente":3567122,"ID_AVISO":"500ck000015p8EhAAI"}},{"type":"Feature","geometry":{"type":"Point","coordinates":[-70.69087717874484,-33.449486117623664]},"properties":{"TIPO":"AVISO","CODIGO":"DF202671761778","COD_AVISO":1024616153,"DIRECCION":"PADRE ALBERTO HURTADO 0131 DP 2905  ","FALLA":"Telefono de contacto 922473927","DESC_EVENTO":"prueba","COD_EVENTO":"DF202671761778","FECHA_REPOSICION":"27-07-2026 16:19","FECHA_INI":"27-07-2026 11:19","id_alim":2241,"numero_cliente":2984886,"ID_AVISO":"500ck000015qPjiAAE"}},{"type":"Feature","geometry":{"type":"Point","coordinates":[-70.78314073611848,-33.52462584445912]},"properties":{"TIPO":"AVISO","CODIGO":"DF202671761929","COD_AVISO":1024697596,"DIRECCION":"IGNACIO GARCIA SILV 1738 ","FALLA":"--","DESC_EVENTO":"prueba","COD_EVENTO":"DF202671761929","FECHA_REPOSICION":"27-07-2026 17:59","FECHA_INI":"27-07-2026 12:59","id_alim":3315,"numero_cliente":1460026,"ID_AVISO":"500ck000015qskQAAQ"}},{"type":"Feature","geometry":{"type":"Point","coordinates":[-70.68714810801073,-33.42723941035872]},"properties":{"TIPO":"AVISO","CODIGO":"DF202671761971","COD_AVISO":1024722914,"DIRECCION":"VILLASANA 1451 DP B1903 ","FALLA":"NOMBRE:   3425749-3RUT:FONO:97","DESC_EVENTO":"prueba","COD_EVENTO":"DF202671761971","FECHA_REPOSICION":"27-07-2026 18:32","FECHA_INI":"27-07-2026 13:32","id_alim":321,"numero_cliente":3425749,"ID_AVISO":"500ck000015rhoMAAQ"}},{"type":"Feature","geometry":{"type":"Point","coordinates":[-70.7370820337766,-33.27097942716434]},"properties":{"TIPO":"AVISO","CODIGO":"DF202671761598","COD_AVISO":1024536067,"DIRECCION":"ANT.CAM.COQUIMBO S/2 B2","FALLA":"TEN Actualizado a 27/07/2026 1","DESC_EVENTO":"prueba","COD_EVENTO":"DF202671761598","FECHA_REPOSICION":"27-07-2026 17:52","FECHA_INI":"27-07-2026 09:52","id_alim":2523,"numero_cliente":1557650,"ID_AVISO":"500ck000015ouwuAAA"}},{"type":"Feature","geometry":{"type":"Point","coordinates":[-70.5840228590689,-33.4800948820363]},"properties":{"TIPO":"AVISO","CODIGO":"DF202671761975","COD_AVISO":1024724590,"DIRECCION":"RAMON CRUZ MONTT 2910 ","FALLA":"Telefono de contacto 993801860","DESC_EVENTO":"prueba","COD_EVENTO":"DF202671761975","FECHA_REPOSICION":"27-07-2026 18:33","FECHA_INI":"27-07-2026 13:33","id_alim":934,"numero_cliente":791347,"ID_AVISO":"500ck000015s4JNAAY"}},{"type":"Feature","geometry":{"type":"Point","coordinates":[-70.71431229295952,-33.431774462717144]},"properties":{"TIPO":"AVISO","CODIGO":"DF202671761872","COD_AVISO":1024667592,"DIRECCION":"JUPITER 1480 ","FALLA":"ESTAMOS SIN LUZ EN EL SECTOR D","DESC_EVENTO":"prueba","COD_EVENTO":"DF202671761872","FECHA_REPOSICION":"27-07-2026 17:22","FECHA_INI":"27-07-2026 12:22","id_alim":2041,"numero_cliente":679877,"ID_AVISO":"500ck000015qqP1AAI"}},{"type":"Feature","geometry":{"type":"Point","coordinates":[-70.63960281991841,-33.372076875549965]},"properties":{"TIPO":"AVISO","CODIGO":"DF202671761903","COD_AVISO":1024683624,"DIRECCION":"LAS SIERVAS D MARIA 5531 ","FALLA":"Telefono de contacto 962644525","DESC_EVENTO":"prueba","COD_EVENTO":"DF202671761903","FECHA_REPOSICION":"27-07-2026 17:42","FECHA_INI":"27-07-2026 12:42","id_alim":2341,"numero_cliente":796527,"ID_AVISO":"500ck000015qsVjAAI"}},{"type":"Feature","geometry":{"type":"Point","coordinates":[-70.62018784253972,-33.403978858916794]},"properties":{"TIPO":"AVISO","CODIGO":"DF202671761948","COD_AVISO":1024700055,"DIRECCION":"VENEZUELA 1030 ","FALLA":"MOTIVO: CLIENTE SIN SUMINISTO ","DESC_EVENTO":"prueba","COD_EVENTO":"DF202671761948","FECHA_REPOSICION":"27-07-2026 18:07","FECHA_INI":"27-07-2026 13:07","id_alim":2332,"numero_cliente":482259,"ID_AVISO":"500ck000015r7hhAAA"}},{"type":"Feature","geometry":{"type":"Point","coordinates":[-70.7100152604157,-33.459159004298144]},"properties":{"TIPO":"AVISO","CODIGO":"DF202671761808","COD_AVISO":1024632724,"DIRECCION":"LAS CATALPAS 157 ","FALLA":"Connid: 0ae603b59378c135Nombre","DESC_EVENTO":"prueba","COD_EVENTO":"DF202671761808","FECHA_REPOSICION":"27-07-2026 16:39","FECHA_INI":"27-07-2026 11:39","id_alim":2033,"numero_cliente":541515,"ID_AVISO":"500ck000015q2URAAY"}},{"type":"Feature","geometry":{"type":"Point","coordinates":[-70.70499423790052,-33.43824875384335]},"properties":{"TIPO":"AVISO","CODIGO":"DF202671761604","COD_AVISO":1024539150,"DIRECCION":"JOSE BESA 1108 DP B ","FALLA":"CONNID:0ae603b59378901cNOMBRE:","DESC_EVENTO":"prueba","COD_EVENTO":"DF202671761604","FECHA_REPOSICION":"27-07-2026 14:56","FECHA_INI":"27-07-2026 09:56","id_alim":2031,"numero_cliente":280901,"ID_AVISO":"500ck000015pIu5AAE"}},{"type":"Feature","geometry":{"type":"Point","coordinates":[-70.71501330772831,-33.441764590179595]},"properties":{"TIPO":"AVISO","CODIGO":"DF202671761718","COD_AVISO":1024591979,"DIRECCION":"CATEDRAL 5784 ","FALLA":"ConnID:0ae603b59378aa4cNombre:","DESC_EVENTO":"prueba","COD_EVENTO":"DF202671761718","FECHA_REPOSICION":"27-07-2026 15:52","FECHA_INI":"27-07-2026 10:52","id_alim":2032,"numero_cliente":1161543,"ID_AVISO":"500ck000015pEmAAAU"}},{"type":"Feature","geometry":{"type":"Point","coordinates":[-70.5728867590945,-33.47729069738803]},"properties":{"TIPO":"AVISO","CODIGO":"DF202671761885","COD_AVISO":1024672499,"DIRECCION":"BOLIVAR 6151 ","FALLA":"Cliente: \talejandraRUT: FONO: ","DESC_EVENTO":"prueba","COD_EVENTO":"DF202671761885","FECHA_REPOSICION":"27-07-2026 17:28","FECHA_INI":"27-07-2026 12:28","id_alim":911,"numero_cliente":1162882,"ID_AVISO":"500ck000015qbDNAAY"}},{"type":"Feature","geometry":{"type":"Point","coordinates":[-70.66399317364056,-33.50375958044381]},"properties":{"TIPO":"AVISO","CODIGO":"DF202671761967","COD_AVISO":1024722088,"DIRECCION":"QUINTA AVENIDA 1475 DP 526 ","FALLA":"Telefono de contacto 223905300","DESC_EVENTO":"prueba","COD_EVENTO":"DF202671761967","FECHA_REPOSICION":"27-07-2026 18:30","FECHA_INI":"27-07-2026 13:30","id_alim":534,"numero_cliente":3312325,"ID_AVISO":"500ck000015qyLSAAY"}},{"type":"Feature","geometry":{"type":"Point","coordinates":[-70.66517304145849,-33.44259657518153]},"properties":{"TIPO":"AVISO","CODIGO":"DF202671761477","COD_AVISO":1024499134,"DIRECCION":"BRASIL 3 ","FALLA":"TEN Actualizado a 27/07/2026 1","DESC_EVENTO":"prueba","COD_EVENTO":"DF202671761477","FECHA_REPOSICION":"27-07-2026 19:43","FECHA_INI":"27-07-2026 08:53","id_alim":3113,"numero_cliente":95488,"ID_AVISO":"500ck000015oY5PAAU"}},{"type":"Feature","geometry":{"type":"Point","coordinates":[-70.66517304145849,-33.44259657518153]},"properties":{"TIPO":"AVISO","CODIGO":"DF202671761477","COD_AVISO":1024504346,"DIRECCION":"BRASIL 3 ","FALLA":"TEN Actualizado a 27/07/2026 1","DESC_EVENTO":"prueba","COD_EVENTO":"DF202671761477","FECHA_REPOSICION":"27-07-2026 19:43","FECHA_INI":"27-07-2026 08:53","id_alim":3113,"numero_cliente":185925,"ID_AVISO":"500ck000015nyrlAAA"}},{"type":"Feature","geometry":{"type":"Point","coordinates":[-70.66517304145849,-33.44259657518153]},"properties":{"TIPO":"AVISO","CODIGO":"DF202671761477","COD_AVISO":1024607902,"DIRECCION":"BRASIL 3 ","FALLA":"TEN Actualizado a 27/07/2026 1","DESC_EVENTO":"prueba","COD_EVENTO":"DF202671761477","FECHA_REPOSICION":"27-07-2026 19:43","FECHA_INI":"27-07-2026 08:53","id_alim":3113,"numero_cliente":95252,"ID_AVISO":"500ck000015qMvWAAU"}},{"type":"Feature","geometry":{"type":"Point","coordinates":[-70.66517304145849,-33.44259657518153]},"properties":{"TIPO":"AVISO","CODIGO":"DF202671761477","COD_AVISO":1024500049,"DIRECCION":"BRASIL 3 ","FALLA":"TEN Actualizado a 27/07/2026 1","DESC_EVENTO":"prueba","COD_EVENTO":"DF202671761477","FECHA_REPOSICION":"27-07-2026 19:43","FECHA_INI":"27-07-2026 08:53","id_alim":3113,"numero_cliente":185867,"ID_AVISO":"500ck000015ougUAAQ"}},{"type":"Feature","geometry":{"type":"Point","coordinates":[-70.6381628008349,-33.36265632289218]},"properties":{"TIPO":"AVISO","CODIGO":"DF202671761232","COD_AVISO":1024355572,"DIRECCION":"PEDRO AGUIRRE CERDA 5971 ","FALLA":"TEN Actualizado a 27/07/2026 1","DESC_EVENTO":"prueba","COD_EVENTO":"DF202671761232","FECHA_REPOSICION":"27-07-2026 16:43","FECHA_INI":"26-07-2026 20:47","id_alim":2341,"numero_cliente":351599,"ID_AVISO":"500ck000015lYDCAA2"}},{"type":"Feature","geometry":{"type":"Point","coordinates":[-70.60939777896066,-33.41427092492287]},"properties":{"TIPO":"AVISO","CODIGO":"DF202671761784","COD_AVISO":1024619770,"DIRECCION":"SANTA MARIA 2670 ","FALLA":"Telefono de contacto 975047989","DESC_EVENTO":"prueba","COD_EVENTO":"DF202671761784","FECHA_REPOSICION":"27-07-2026 16:23","FECHA_INI":"27-07-2026 11:23","id_alim":2123,"numero_cliente":2725817,"ID_AVISO":"500ck000015pdKvAAI"}},{"type":"Feature","geometry":{"type":"Point","coordinates":[-70.66899800396376,-33.422614064117546]},"properties":{"TIPO":"AVISO","CODIGO":"DF202671761396","COD_AVISO":1024411547,"DIRECCION":"5 NORTE 752 ","FALLA":"TEN Actualizado a 27/07/2026 1","DESC_EVENTO":"prueba","COD_EVENTO":"DF202671761396","FECHA_REPOSICION":"27-07-2026 17:01","FECHA_INI":"27-07-2026 06:40","id_alim":113,"numero_cliente":35020,"ID_AVISO":"500ck000015n3BVAAY"}},{"type":"Feature","geometry":{"type":"Point","coordinates":[-70.66899800396376,-33.422614064117546]},"properties":{"TIPO":"AVISO","CODIGO":"DF202671761396","COD_AVISO":1024601484,"DIRECCION":"5 NORTE 752 ","FALLA":"TEN Actualizado a 27/07/2026 1","DESC_EVENTO":"prueba","COD_EVENTO":"DF202671761396","FECHA_REPOSICION":"27-07-2026 17:01","FECHA_INI":"27-07-2026 06:40","id_alim":113,"numero_cliente":35025,"ID_AVISO":"500ck000015oP3yAAE"}},{"type":"Feature","geometry":{"type":"Point","coordinates":[-70.50127724722783,-33.352548191597414]},"properties":{"TIPO":"AVISO","CODIGO":"DF202671761380","COD_AVISO":1024389695,"DIRECCION":"CIRCUNVALACION SUR 994 DP C ","FALLA":"TEN Actualizado a 27/07/2026 1","DESC_EVENTO":"prueba","COD_EVENTO":"DF202671761380","FECHA_REPOSICION":"27-07-2026 17:48","FECHA_INI":"27-07-2026 03:48","id_alim":1031,"numero_cliente":1131191,"ID_AVISO":"500ck000015meXdAAI"}},{"type":"Feature","geometry":{"type":"Point","coordinates":[-70.29314543846917,-33.34650963147338]},"properties":{"TIPO":"AVISO","CODIGO":"DF202671761206","COD_AVISO":1024371966,"DIRECCION":"EDIFICIO MORROS BAYOS  ","FALLA":"TEN Actualizado a 27/07/2026 1","DESC_EVENTO":"prueba","COD_EVENTO":"DF202671761206","FECHA_REPOSICION":"27-07-2026 16:28","FECHA_INI":"26-07-2026 20:28","id_alim":1024,"numero_cliente":5202902,"ID_AVISO":"500ck000015lwDEAAY"}},{"type":"Feature","geometry":{"type":"Point","coordinates":[-70.63622108459779,-33.519420674347266]},"properties":{"TIPO":"AVISO","CODIGO":"DF202671761712","COD_AVISO":1024588880,"DIRECCION":"SANTA ROSA 6514 ","FALLA":"TEN Actualizado a 27/07/2026 1","DESC_EVENTO":"prueba","COD_EVENTO":"DF202671761712","FECHA_REPOSICION":"27-07-2026 16:29","FECHA_INI":"27-07-2026 10:47","id_alim":512,"numero_cliente":419171,"ID_AVISO":"500ck000015pdKcAAI"}},{"type":"Feature","geometry":{"type":"Point","coordinates":[-70.56868662144124,-33.38695090650789]},"properties":{"TIPO":"AVISO","CODIGO":"DF202671761886","COD_AVISO":1024673015,"DIRECCION":"VITACURA 6562 ","FALLA":"Teléfono : 927678108CONNID :0a","DESC_EVENTO":"prueba","COD_EVENTO":"DF202671761886","FECHA_REPOSICION":"27-07-2026 17:29","FECHA_INI":"27-07-2026 12:29","id_alim":234,"numero_cliente":662037,"ID_AVISO":"500ck000015qWQiAAM"}},{"type":"Feature","geometry":{"type":"Point","coordinates":[-70.5488175498815,-33.40969877302043]},"properties":{"TIPO":"AVISO","CODIGO":"DF202671761733","COD_AVISO":1024598957,"DIRECCION":"SANTA MAGDALENA SOFIA 352 ","FALLA":"TEN Actualizado a 27/07/2026 1","DESC_EVENTO":"prueba","COD_EVENTO":"DF202671761733","FECHA_REPOSICION":"27-07-2026 16:26","FECHA_INI":"27-07-2026 11:01","id_alim":226,"numero_cliente":755563,"ID_AVISO":"500ck000015pGkwAAE"}},{"type":"Feature","geometry":{"type":"Point","coordinates":[-70.5473016166336,-33.4252661315735]},"properties":{"TIPO":"AVISO","CODIGO":"DF202671761859","COD_AVISO":1024659069,"DIRECCION":"CHUSMIZA 1799 ","FALLA":"Telefono de contacto 985282822","DESC_EVENTO":"prueba","COD_EVENTO":"DF202671761859","FECHA_REPOSICION":"27-07-2026 17:11","FECHA_INI":"27-07-2026 12:11","id_alim":2912,"numero_cliente":615607,"ID_AVISO":"500ck000015qlnVAAQ"}},{"type":"Feature","geometry":{"type":"Point","coordinates":[-70.67462027083117,-33.501607335853464]},"properties":{"TIPO":"AVISO","CODIGO":"DF202671761736","COD_AVISO":1024601989,"DIRECCION":"ALHUE 2695 ","FALLA":"null Comuna: PEDRO AGUIRRE CER","DESC_EVENTO":"prueba","COD_EVENTO":"DF202671761736","FECHA_REPOSICION":"27-07-2026 16:02","FECHA_INI":"27-07-2026 11:02","id_alim":1212,"numero_cliente":3557736,"ID_AVISO":"500ck000015pdW5AAI"}},{"type":"Feature","geometry":{"type":"Point","coordinates":[-70.75035243996433,-33.473484854937446]},"properties":{"TIPO":"AVISO","CODIGO":"DF202671761439","COD_AVISO":1024455871,"DIRECCION":"TIZIANO 708 ","FALLA":"CLIENTE SIN SUMINISTRO ELECTRI","DESC_EVENTO":"prueba","COD_EVENTO":"DF202671761439","FECHA_REPOSICION":"27-07-2026 16:17","FECHA_INI":"27-07-2026 08:17","id_alim":2734,"numero_cliente":1264068,"ID_AVISO":"500ck000015oMNLAA2"}},{"type":"Feature","geometry":{"type":"Point","coordinates":[-70.67262693299563,-33.37748264796457]},"properties":{"TIPO":"AVISO","CODIGO":"DF202671761819","COD_AVISO":1024639788,"DIRECCION":"PEDRO FONTOVA 5049 INTERIOR ","FALLA":"null Comuna: CONCHALI","DESC_EVENTO":"prueba","COD_EVENTO":"DF202671761819","FECHA_REPOSICION":"27-07-2026 16:47","FECHA_INI":"27-07-2026 11:47","id_alim":1421,"numero_cliente":2584496,"ID_AVISO":"500ck000015q92vAAA"}},{"type":"Feature","geometry":{"type":"Point","coordinates":[-70.73877032099563,-33.41561297646733]},"properties":{"TIPO":"AVISO","CODIGO":"DF202671761243","COD_AVISO":1024357379,"DIRECCION":"NALOLO 7311 ","FALLA":"TEN Actualizado a 27/07/2026 1","DESC_EVENTO":"prueba","COD_EVENTO":"DF202671761243","FECHA_REPOSICION":"27-07-2026 16:55","FECHA_INI":"26-07-2026 20:55","id_alim":412,"numero_cliente":818806,"ID_AVISO":"500ck000015lgtWAAQ"}},{"type":"Feature","geometry":{"type":"Point","coordinates":[-70.73526035866252,-33.42857320070239]},"properties":{"TIPO":"AVISO","CODIGO":"DF202671761834","COD_AVISO":1024644837,"DIRECCION":"MONSENOR HORACIO CAMPILLO 1335 ","FALLA":"El poste  de luz del número de","DESC_EVENTO":"prueba","COD_EVENTO":"DF202671761834","FECHA_REPOSICION":"27-07-2026 16:53","FECHA_INI":"27-07-2026 11:53","id_alim":2035,"numero_cliente":682368,"ID_AVISO":"500ck000015pzBRAAY"}},{"type":"Feature","geometry":{"type":"Point","coordinates":[-70.69944725319563,-33.45642142359585]},"properties":{"TIPO":"AVISO","CODIGO":"DF202671761904","COD_AVISO":1024684620,"DIRECCION":"CORONEL SOUPER 4670 DP E4 ","FALLA":"Connid:0ae603b59378e42cNombre:","DESC_EVENTO":"prueba","COD_EVENTO":"DF202671761904","FECHA_REPOSICION":"27-07-2026 17:43","FECHA_INI":"27-07-2026 12:43","id_alim":2242,"numero_cliente":5629,"ID_AVISO":"500ck000015qchTAAQ"}},{"type":"Feature","geometry":{"type":"Point","coordinates":[-70.73534733376113,-33.45748616352814]},"properties":{"TIPO":"AVISO","CODIGO":"DF202671761857","COD_AVISO":1024656288,"DIRECCION":"LOS CHERCANES 497 ","FALLA":"Reclama una rama de un arbol c","DESC_EVENTO":"prueba","COD_EVENTO":"DF202671761857","FECHA_REPOSICION":"27-07-2026 17:10","FECHA_INI":"27-07-2026 12:10","id_alim":2022,"numero_cliente":1213165,"ID_AVISO":"500ck000015pIF9AAM"}},{"type":"Feature","geometry":{"type":"Point","coordinates":[-70.75129223901251,-33.3483546231131]},"properties":{"TIPO":"AVISO","CODIGO":"DF202671761306","COD_AVISO":1024372354,"DIRECCION":"KINTAMANI 0373  ","FALLA":"TEN Actualizado a 27/07/2026 1","DESC_EVENTO":"prueba","COD_EVENTO":"DF202671761306","FECHA_REPOSICION":"27-07-2026 15:34","FECHA_INI":"26-07-2026 22:34","id_alim":5642,"numero_cliente":2606724,"ID_AVISO":"500ck000015liXFAAY"}},{"type":"Feature","geometry":{"type":"Point","coordinates":[-70.73267513806357,-33.367720391388964]},"properties":{"TIPO":"AVISO","CODIGO":"DF202671761451","COD_AVISO":1024463520,"DIRECCION":"GUARDIAMARINA RIQUELME 508 ","FALLA":"TEN Actualizado a 27/07/2026 1","DESC_EVENTO":"prueba","COD_EVENTO":"DF202671761451","FECHA_REPOSICION":"27-07-2026 16:27","FECHA_INI":"27-07-2026 08:27","id_alim":1423,"numero_cliente":1106637,"ID_AVISO":"500ck000015nidFAAQ"}},{"type":"Feature","geometry":{"type":"Point","coordinates":[-70.71443807326426,-33.3620866374402]},"properties":{"TIPO":"AVISO","CODIGO":"DF202671761462","COD_AVISO":1024472112,"DIRECCION":"LAS PAULONIAS 1435 ","FALLA":"TEN Actualizado a 27/07/2026 1","DESC_EVENTO":"prueba","COD_EVENTO":"DF202671761462","FECHA_REPOSICION":"27-07-2026 16:41","FECHA_INI":"27-07-2026 08:41","id_alim":1441,"numero_cliente":440406,"ID_AVISO":"500ck000015nrhtAAA"}},{"type":"Feature","geometry":{"type":"Point","coordinates":[-70.72007321882288,-33.41588472727588]},"properties":{"TIPO":"AVISO","CODIGO":"DF202671761479","COD_AVISO":1024483844,"DIRECCION":"SARA GAJARDO 6313 ","FALLA":"TEN Actualizado a 27/07/2026 1","DESC_EVENTO":"prueba","COD_EVENTO":"DF202671761479","FECHA_REPOSICION":"27-07-2026 16:54","FECHA_INI":"27-07-2026 08:54","id_alim":422,"numero_cliente":282337,"ID_AVISO":"500ck000015oV77AAE"}},{"type":"Feature","geometry":{"type":"Point","coordinates":[-70.72097318083108,-33.38307566696282]},"properties":{"TIPO":"AVISO","CODIGO":"DF202671761410","COD_AVISO":1024427750,"DIRECCION":"CAMINO DEL CERRO Y OTROS 2800 C/ 45 ","FALLA":"TEN Actualizado a 27/07/2026 1","DESC_EVENTO":"prueba","COD_EVENTO":"DF202671761410","FECHA_REPOSICION":"27-07-2026 15:31","FECHA_INI":"27-07-2026 07:31","id_alim":2842,"numero_cliente":3268047,"ID_AVISO":"500ck000015nnXSAAY"}},{"type":"Feature","geometry":{"type":"Point","coordinates":[-70.75748848156167,-33.46834482331416]},"properties":{"TIPO":"AVISO","CODIGO":"DF202671761409","COD_AVISO":1024427418,"DIRECCION":"TIERRA FERTIL 5255 T/ E2 DEPTO 215 ","FALLA":"CLIENTE SIN SUMINISTRO, VERIFI","DESC_EVENTO":"prueba","COD_EVENTO":"DF202671761409","FECHA_REPOSICION":"27-07-2026 15:31","FECHA_INI":"27-07-2026 07:31","id_alim":2734,"numero_cliente":3634511,"ID_AVISO":"500ck000015nizUAAQ"}},{"type":"Feature","geometry":{"type":"Point","coordinates":[-70.6539405503723,-33.18619353605383]},"properties":{"TIPO":"AVISOC","CODIGO":"DF202671761923","COD_AVISO":1024690774,"DIRECCION":"ESMERALDA ENTRE POSTES 0.658.060 Y 0.658 .066 ","FALLA":"CLIENTE:ROBERTO MUÑOZRUT:17031","DESC_EVENTO":"prueba","COD_EVENTO":"DF202671761923","FECHA_REPOSICION":"27-07-2026 17:51","FECHA_INI":"27-07-2026 12:51","id_alim":8501,"numero_cliente":9193771,"ID_AVISO":"500ck000015r0rTAAQ"}},{"type":"Feature","geometry":{"type":"Point","coordinates":[-70.5418515742259,-33.4586223431681]},"properties":{"TIPO":"AVISO","CODIGO":"DF202671761924","COD_AVISO":1024692267,"DIRECCION":"PASAJE 3 8840 ","FALLA":"NOMBRE:ricardo RUT:15191723-2T","DESC_EVENTO":"prueba","COD_EVENTO":"DF202671761924","FECHA_REPOSICION":"27-07-2026 17:53","FECHA_INI":"27-07-2026 12:53","id_alim":941,"numero_cliente":1551166,"ID_AVISO":"500ck000015r2mqAAA"}},{"type":"Feature","geometry":{"type":"Point","coordinates":[-70.6206870462701,-33.51040307261259]},"properties":{"TIPO":"AVISO","CODIGO":"DF202671761941","COD_AVISO":1024698909,"DIRECCION":"PJE.LAGO RI\\\\IHUE  5950 ","FALLA":"Nombre. leopoldoRut.47585902Te","DESC_EVENTO":"prueba","COD_EVENTO":"DF202671761941","FECHA_REPOSICION":"27-07-2026 18:04","FECHA_INI":"27-07-2026 13:04","id_alim":1944,"numero_cliente":17700,"ID_AVISO":"500ck000015qPKtAAM"}},{"type":"Feature","geometry":{"type":"Point","coordinates":[-70.50922029380823,-33.36175182504867]},"properties":{"TIPO":"AVISO","CODIGO":"DF202671761196","COD_AVISO":1024350476,"DIRECCION":"LAS LOMAS FTE COMPLEJO DEPORTIVO S/N ","FALLA":"TEN Actualizado a 27/07/2026 1","DESC_EVENTO":"prueba","COD_EVENTO":"DF202671761196","FECHA_REPOSICION":"27-07-2026 16:17","FECHA_INI":"26-07-2026 20:17","id_alim":1021,"numero_cliente":3562711,"ID_AVISO":"500ck000015lquDAAQ"}},{"type":"Feature","geometry":{"type":"Point","coordinates":[-70.71211225771485,-33.425548753372944]},"properties":{"TIPO":"AVISO","CODIGO":"DF202671761754","COD_AVISO":1024607978,"DIRECCION":"ALBERDI 1747 C/P ","FALLA":"Telefono de contacto 938760615","DESC_EVENTO":"prueba","COD_EVENTO":"DF202671761754","FECHA_REPOSICION":"27-07-2026 16:09","FECHA_INI":"27-07-2026 11:09","id_alim":445,"numero_cliente":372069,"ID_AVISO":"500ck000015pViiAAE"}},{"type":"Feature","geometry":{"type":"Point","coordinates":[-70.6913830399273,-33.37068463216033]},"properties":{"TIPO":"AVISO","CODIGO":"DF202671761711","COD_AVISO":1024645148,"DIRECCION":"PASAJE 14 5810 ","FALLA":"SE LLAMA AL NUMERO REGISTRADO,","DESC_EVENTO":"prueba","COD_EVENTO":"DF202671761711","FECHA_REPOSICION":"27-07-2026 15:47","FECHA_INI":"27-07-2026 10:47","id_alim":1414,"numero_cliente":485004,"ID_AVISO":"500ck000015qbxuAAA"}},{"type":"Feature","geometry":{"type":"Point","coordinates":[-70.6913830399273,-33.37068463216033]},"properties":{"TIPO":"AVISO","CODIGO":"DF202671761711","COD_AVISO":1024588380,"DIRECCION":"PASAJE 14 5810 ","FALLA":"SE LLAMA AL NUMERO REGISTRADO,","DESC_EVENTO":"prueba","COD_EVENTO":"DF202671761711","FECHA_REPOSICION":"27-07-2026 15:47","FECHA_INI":"27-07-2026 10:47","id_alim":1414,"numero_cliente":484875,"ID_AVISO":"500ck000015qBC9AAM"}},{"type":"Feature","geometry":{"type":"Point","coordinates":[-70.74187338197866,-33.468830694135264]},"properties":{"TIPO":"AVISO","CODIGO":"DF202671761962","COD_AVISO":1024717330,"DIRECCION":"INGENIERO PEDRO GALLO 5352 ","FALLA":"Telefono de contacto 953742989","DESC_EVENTO":"prueba","COD_EVENTO":"DF202671761962","FECHA_REPOSICION":"27-07-2026 18:24","FECHA_INI":"27-07-2026 13:24","id_alim":2726,"numero_cliente":1342886,"ID_AVISO":"500ck000015r5GAAAY"}},{"type":"Feature","geometry":{"type":"Point","coordinates":[-70.62152213838584,-33.54753943432886]},"properties":{"TIPO":"AVISO","CODIGO":"DF202671761678","COD_AVISO":1024572946,"DIRECCION":"LAS PARCELAS 10118 ","FALLA":"--","DESC_EVENTO":"prueba","COD_EVENTO":"DF202671761678","FECHA_REPOSICION":"27-07-2026 15:30","FECHA_INI":"27-07-2026 10:30","id_alim":2621,"numero_cliente":1316030,"ID_AVISO":"500ck000015q3RMAAY"}},{"type":"Feature","geometry":{"type":"Point","coordinates":[-70.71883445820818,-33.50882194926043]},"properties":{"TIPO":"AVISO","CODIGO":"DF202671761804","COD_AVISO":1024631458,"DIRECCION":"LOS ESTUDIANTES 8100 ","FALLA":"--","DESC_EVENTO":"prueba","COD_EVENTO":"DF202671761804","FECHA_REPOSICION":"27-07-2026 16:37","FECHA_INI":"27-07-2026 11:37","id_alim":2222,"numero_cliente":325186,"ID_AVISO":"500ck000015qCOoAAM"}},{"type":"Feature","geometry":{"type":"Point","coordinates":[-70.57062683044718,-33.5152952244643]},"properties":{"TIPO":"AVISO","CODIGO":"DF202671761940","COD_AVISO":1024700756,"DIRECCION":"PJE.TREN=TREN 7116 ","FALLA":"Corte de suministro a las 12.4","DESC_EVENTO":"prueba","COD_EVENTO":"DF202671761940","FECHA_REPOSICION":"27-07-2026 18:03","FECHA_INI":"27-07-2026 13:03","id_alim":2442,"numero_cliente":1483292,"ID_AVISO":"500ck000015qo1JAAQ"}},{"type":"Feature","geometry":{"type":"Point","coordinates":[-70.66665706858561,-33.41512467471499]},"properties":{"TIPO":"AVISO","CODIGO":"DF202671761769","COD_AVISO":1024613771,"DIRECCION":"NUEVA ANDRES BELLO 1890 ED 2B DP 1417  ","FALLA":"Telefono de contacto 973668708","DESC_EVENTO":"prueba","COD_EVENTO":"DF202671761769","FECHA_REPOSICION":"27-07-2026 16:16","FECHA_INI":"27-07-2026 11:16","id_alim":124,"numero_cliente":3124975,"ID_AVISO":"500ck000015q6RMAAY"}},{"type":"Feature","geometry":{"type":"Point","coordinates":[-70.61881705192302,-33.507508500089536]},"properties":{"TIPO":"AVISO","CODIGO":"DF202671761969","COD_AVISO":1024722906,"DIRECCION":"CARMEN MENA 100 ED/ 17 DEPTO 143 ","FALLA":"Telefono de contacto 954287546","DESC_EVENTO":"prueba","COD_EVENTO":"DF202671761969","FECHA_REPOSICION":"27-07-2026 18:31","FECHA_INI":"27-07-2026 13:31","id_alim":1915,"numero_cliente":3663523,"ID_AVISO":"500ck000015qFTjAAM"}},{"type":"Feature","geometry":{"type":"Point","coordinates":[-70.80000599792942,-33.12587417350601]},"properties":{"TIPO":"AVISO","CODIGO":"DF202671761864","COD_AVISO":1024661120,"DIRECCION":"5 ORIENTE 094  ","FALLA":"Nombre:Georgina Aurelia Rivera","DESC_EVENTO":"prueba","COD_EVENTO":"DF202671761864","FECHA_REPOSICION":"27-07-2026 17:14","FECHA_INI":"27-07-2026 12:14","id_alim":5531,"numero_cliente":2792828,"ID_AVISO":"500ck000015qXEhAAM"}},{"type":"Feature","geometry":{"type":"Point","coordinates":[-70.69929514063367,-33.43200047881253]},"properties":{"TIPO":"AVISO","CODIGO":"DF202671761596","COD_AVISO":1024527806,"DIRECCION":"ANDES 4616 ","FALLA":"TEN Actualizado a 27/07/2026 1","DESC_EVENTO":"prueba","COD_EVENTO":"DF202671761596","FECHA_REPOSICION":"27-07-2026 16:43","FECHA_INI":"27-07-2026 09:43","id_alim":2041,"numero_cliente":1128838,"ID_AVISO":"500ck000015oa0lAAA"}},{"type":"Feature","geometry":{"type":"Point","coordinates":[-70.70872408714534,-33.35872984572155]},"properties":{"TIPO":"AVISO","CODIGO":"DF202671761951","COD_AVISO":1024704657,"DIRECCION":"IÑAKI 1705 C/ 8 ","FALLA":"cliente informa sin suministro","DESC_EVENTO":"prueba","COD_EVENTO":"DF202671761951","FECHA_REPOSICION":"27-07-2026 18:09","FECHA_INI":"27-07-2026 13:09","id_alim":1441,"numero_cliente":3219017,"ID_AVISO":"500ck000015qW2mAAE"}},{"type":"Feature","geometry":{"type":"Point","coordinates":[-70.68384404156099,-33.37272054340888]},"properties":{"TIPO":"AVISO","CODIGO":"DF202671761964","COD_AVISO":1024718322,"DIRECCION":"MANIZALES 1856 ","FALLA":"CONNID : 0ae603b59378fa96Nombr","DESC_EVENTO":"prueba","COD_EVENTO":"DF202671761964","FECHA_REPOSICION":"27-07-2026 18:27","FECHA_INI":"27-07-2026 13:27","id_alim":1414,"numero_cliente":569917,"ID_AVISO":"500ck000015qTYPAA2"}},{"type":"Feature","geometry":{"type":"Point","coordinates":[-70.6618850707757,-33.438478129998394]},"properties":{"TIPO":"AVISO","CODIGO":"DF202671761936","COD_AVISO":1024700221,"DIRECCION":"HUERFANOS 1765 DP 5 ","FALLA":"null Comuna: SANTIAGO","DESC_EVENTO":"prueba","COD_EVENTO":"DF202671761936","FECHA_REPOSICION":"27-07-2026 18:03","FECHA_INI":"27-07-2026 13:03","id_alim":3111,"numero_cliente":1149600,"ID_AVISO":"500ck000015rCR8AAM"}},{"type":"Feature","geometry":{"type":"Point","coordinates":[-70.56366280999809,-33.4969068010661]},"properties":{"TIPO":"AVISO","CODIGO":"DF202671761433","COD_AVISO":1024451624,"DIRECCION":"QUILIN 6767 ","FALLA":"TEN Actualizado a 27/07/2026 1","DESC_EVENTO":"prueba","COD_EVENTO":"DF202671761433","FECHA_REPOSICION":"27-07-2026 15:49","FECHA_INI":"27-07-2026 08:11","id_alim":2435,"numero_cliente":1304952,"ID_AVISO":"500ck000015o0UjAAI"}},{"type":"Feature","geometry":{"type":"Point","coordinates":[-70.79864403066664,-33.18577435955814]},"properties":{"TIPO":"AVISO","CODIGO":"DF202671761233","COD_AVISO":1024359722,"DIRECCION":"CAMINO INTERIOR PARCELA 49 ","FALLA":"TEN Actualizado a 27/07/2026 1","DESC_EVENTO":"prueba","COD_EVENTO":"DF202671761233","FECHA_REPOSICION":"27-07-2026 17:06","FECHA_INI":"26-07-2026 20:48","id_alim":5516,"numero_cliente":2939848,"ID_AVISO":"500ck000015lbScAAI"}},{"type":"Feature","geometry":{"type":"Point","coordinates":[-70.66517304145849,-33.44259657518153]},"properties":{"TIPO":"AVISO","CODIGO":"DF202671761477","COD_AVISO":1024546551,"DIRECCION":"BRASIL 3 ","FALLA":"TEN Actualizado a 27/07/2026 1","DESC_EVENTO":"prueba","COD_EVENTO":"DF202671761477","FECHA_REPOSICION":"27-07-2026 19:43","FECHA_INI":"27-07-2026 08:53","id_alim":3113,"numero_cliente":185875,"ID_AVISO":"500ck000015omq1AAA"}},{"type":"Feature","geometry":{"type":"Point","coordinates":[-70.66517304145849,-33.44259657518153]},"properties":{"TIPO":"AVISO","CODIGO":"DF202671761477","COD_AVISO":1024505459,"DIRECCION":"BRASIL 3 ","FALLA":"TEN Actualizado a 27/07/2026 1","DESC_EVENTO":"prueba","COD_EVENTO":"DF202671761477","FECHA_REPOSICION":"27-07-2026 19:43","FECHA_INI":"27-07-2026 08:53","id_alim":3113,"numero_cliente":185852,"ID_AVISO":"500ck000015p0E0AAI"}},{"type":"Feature","geometry":{"type":"Point","coordinates":[-70.2890313468484,-33.333936417201414]},"properties":{"TIPO":"AVISO","CODIGO":"DF202671760126","COD_AVISO":1024649595,"DIRECCION":"EMILE ALLAIS 493 LA PARVA ","FALLA":"TEN Actualizado a 27/07/2026 1","DESC_EVENTO":"prueba","COD_EVENTO":"DF202671760126","FECHA_REPOSICION":"27-07-2026 17:06","FECHA_INI":"25-07-2026 13:42","id_alim":1024,"numero_cliente":5303301,"ID_AVISO":"500ck000015qDmKAAU"}},{"type":"Feature","geometry":{"type":"Point","coordinates":[-70.6658351933348,-33.494404345737486]},"properties":{"TIPO":"AVISO","CODIGO":"DF202671761482","COD_AVISO":1024486042,"DIRECCION":"JULIETA 5052 ","FALLA":"TEN Actualizado a 27/07/2026 1","DESC_EVENTO":"prueba","COD_EVENTO":"DF202671761482","FECHA_REPOSICION":"27-07-2026 16:55","FECHA_INI":"27-07-2026 08:55","id_alim":2244,"numero_cliente":3199506,"ID_AVISO":"500ck000015oFCUAA2"}},{"type":"Feature","geometry":{"type":"Point","coordinates":[-70.6674420361692,-33.44531907763349]},"properties":{"TIPO":"AVISO","CODIGO":"DF202671761500","COD_AVISO":1024502621,"DIRECCION":"LIB BERNARDO O HIGGINS 2205 ","FALLA":"TEN Actualizado a 27/07/2026 1","DESC_EVENTO":"prueba","COD_EVENTO":"DF202671761500","FECHA_REPOSICION":"27-07-2026 17:15","FECHA_INI":"27-07-2026 09:15","id_alim":3113,"numero_cliente":95191,"ID_AVISO":"500ck000015pEiNAAU"}},{"type":"Feature","geometry":{"type":"Point","coordinates":[-70.6674420361692,-33.44531907763349]},"properties":{"TIPO":"AVISO","CODIGO":"DF202671761500","COD_AVISO":1024635627,"DIRECCION":"LIB BERNARDO O HIGGINS 2205 ","FALLA":"TEN Actualizado a 27/07/2026 1","DESC_EVENTO":"prueba","COD_EVENTO":"DF202671761500","FECHA_REPOSICION":"27-07-2026 17:15","FECHA_INI":"27-07-2026 09:15","id_alim":3113,"numero_cliente":95267,"ID_AVISO":"500ck000015pjTiAAI"}},{"type":"Feature","geometry":{"type":"Point","coordinates":[-70.60939777896066,-33.41427092492287]},"properties":{"TIPO":"AVISO","CODIGO":"DF202671761784","COD_AVISO":1024650219,"DIRECCION":"SANTA MARIA 2670 ","FALLA":"Telefono de contacto 975047989","DESC_EVENTO":"prueba","COD_EVENTO":"DF202671761784","FECHA_REPOSICION":"27-07-2026 16:23","FECHA_INI":"27-07-2026 11:23","id_alim":2123,"numero_cliente":2718729,"ID_AVISO":"500ck000015qXkiAAE"}},{"type":"Feature","geometry":{"type":"Point","coordinates":[-70.66899800396376,-33.422614064117546]},"properties":{"TIPO":"AVISO","CODIGO":"DF202671761396","COD_AVISO":1024462147,"DIRECCION":"5 NORTE 752 ","FALLA":"TEN Actualizado a 27/07/2026 1","DESC_EVENTO":"prueba","COD_EVENTO":"DF202671761396","FECHA_REPOSICION":"27-07-2026 17:01","FECHA_INI":"27-07-2026 06:40","id_alim":113,"numero_cliente":887869,"ID_AVISO":"500ck000015o4oWAAQ"}},{"type":"Feature","geometry":{"type":"Point","coordinates":[-70.69923329236366,-33.460023377782996]},"properties":{"TIPO":"AVISO","CODIGO":"DF202671761468","COD_AVISO":1024478148,"DIRECCION":"5 DE ABRIL 4746 ","FALLA":"TEN Actualizado a 27/07/2026 1","DESC_EVENTO":"prueba","COD_EVENTO":"DF202671761468","FECHA_REPOSICION":"27-07-2026 16:46","FECHA_INI":"27-07-2026 08:46","id_alim":2242,"numero_cliente":455359,"ID_AVISO":"500ck000015oIF5AAM"}},{"type":"Feature","geometry":{"type":"Point","coordinates":[-70.29314543846917,-33.34650963147338]},"properties":{"TIPO":"AVISO","CODIGO":"DF202671761206","COD_AVISO":1024431700,"DIRECCION":"EDIFICIO MORROS BAYOS  ","FALLA":"TEN Actualizado a 27/07/2026 1","DESC_EVENTO":"prueba","COD_EVENTO":"DF202671761206","FECHA_REPOSICION":"27-07-2026 16:28","FECHA_INI":"26-07-2026 20:28","id_alim":1024,"numero_cliente":5202409,"ID_AVISO":"500ck000015nyBnAAI"}},{"type":"Feature","geometry":{"type":"Point","coordinates":[-70.29314543846917,-33.34650963147338]},"properties":{"TIPO":"AVISO","CODIGO":"DF202671761206","COD_AVISO":1024362383,"DIRECCION":"EDIFICIO MORROS BAYOS  ","FALLA":"TEN Actualizado a 27/07/2026 1","DESC_EVENTO":"prueba","COD_EVENTO":"DF202671761206","FECHA_REPOSICION":"27-07-2026 16:28","FECHA_INI":"26-07-2026 20:28","id_alim":1024,"numero_cliente":8029643,"ID_AVISO":"500ck000015lnGjAAI"}},{"type":"Feature","geometry":{"type":"Point","coordinates":[-70.65144200753718,-33.42795475489196]},"properties":{"TIPO":"AVISO","CODIGO":"DF202671761682","COD_AVISO":1024573349,"DIRECCION":"LA PAZ 267 5/3 ","FALLA":"NOMBRE:SindyRUT:25224885-4TELE","DESC_EVENTO":"prueba","COD_EVENTO":"DF202671761682","FECHA_REPOSICION":"27-07-2026 15:32","FECHA_INI":"27-07-2026 10:32","id_alim":3112,"numero_cliente":261013,"ID_AVISO":"500ck000015pEIvAAM"}},{"type":"Feature","geometry":{"type":"Point","coordinates":[-70.72687338626322,-33.47899351515391]},"properties":{"TIPO":"AVISO","CODIGO":"DF202671735463","COD_AVISO":1024573520,"DIRECCION":"","FALLA":"","DESC_EVENTO":"prueba","COD_EVENTO":"DF202671735463","FECHA_REPOSICION":"27-07-2026 15:30","FECHA_INI":"27-07-2026 09:30","id_alim":2231,"numero_cliente":1248657,"ID_AVISO":"500ck000015pe20AAA"}},{"type":"Feature","geometry":{"type":"Point","coordinates":[-70.73176321920934,-33.37208405248089]},"properties":{"TIPO":"AVISO","CODIGO":"DF202671761182","COD_AVISO":1024348401,"DIRECCION":"PEDRO RIVEROS 1481 ED 2 DP 222  ","FALLA":"TEN Actualizado a 27/07/2026 1","DESC_EVENTO":"prueba","COD_EVENTO":"DF202671761182","FECHA_REPOSICION":"27-07-2026 16:06","FECHA_INI":"26-07-2026 20:06","id_alim":2842,"numero_cliente":3609822,"ID_AVISO":"500ck000015lV7AAAU"}},{"type":"Feature","geometry":{"type":"Point","coordinates":[-70.54921459691782,-33.40942087918038]},"properties":{"TIPO":"AVISO","CODIGO":"DF202671736465","COD_AVISO":1024608124,"DIRECCION":"","FALLA":"","DESC_EVENTO":"prueba","COD_EVENTO":"DF202671736465","FECHA_REPOSICION":"27-07-2026 16:30","FECHA_INI":"27-07-2026 10:30","id_alim":226,"numero_cliente":1202308,"ID_AVISO":"500ck000015qKLuAAM"}},{"type":"Feature","geometry":{"type":"Point","coordinates":[-70.71121725680617,-33.425345181558555]},"properties":{"TIPO":"AVISO","CODIGO":"DF202671761387","COD_AVISO":1024396230,"DIRECCION":"JUANA QUINEL 01777  ","FALLA":"TEN Actualizado a 27/07/2026 1","DESC_EVENTO":"prueba","COD_EVENTO":"DF202671761387","FECHA_REPOSICION":"27-07-2026 16:16","FECHA_INI":"27-07-2026 05:16","id_alim":445,"numero_cliente":2985525,"ID_AVISO":"500ck000015nEY3AAM"}},{"type":"Feature","geometry":{"type":"Point","coordinates":[-70.66448499352158,-33.41315884792401]},"properties":{"TIPO":"AVISO","CODIGO":"DF202671761507","COD_AVISO":1024505145,"DIRECCION":"FERMIN VIVACETA 1325 ","FALLA":"TEN Actualizado a 27/07/2026 1","DESC_EVENTO":"prueba","COD_EVENTO":"DF202671761507","FECHA_REPOSICION":"27-07-2026 17:18","FECHA_INI":"27-07-2026 09:18","id_alim":114,"numero_cliente":659133,"ID_AVISO":"500ck000015ojS3AAI"}},{"type":"Feature","geometry":{"type":"Point","coordinates":[-70.64418600830668,-33.44586876170934]},"properties":{"TIPO":"AVISO","CODIGO":"DF202671761843","COD_AVISO":1024652433,"DIRECCION":"ELEUTERIO RAMIREZ 636 ","FALLA":"Telefono de contacto 978539068","DESC_EVENTO":"prueba","COD_EVENTO":"DF202671761843","FECHA_REPOSICION":"27-07-2026 17:03","FECHA_INI":"27-07-2026 12:03","id_alim":1615,"numero_cliente":245439,"ID_AVISO":"500ck000015pf0DAAQ"}},{"type":"Feature","geometry":{"type":"Point","coordinates":[-70.73973219482994,-33.36295387064395]},"properties":{"TIPO":"AVISO","CODIGO":"DF202671761549","COD_AVISO":1024517855,"DIRECCION":"PAULA JARAQUEMADA 369 ","FALLA":"TEN Actualizado a 27/07/2026 1","DESC_EVENTO":"prueba","COD_EVENTO":"DF202671761549","FECHA_REPOSICION":"27-07-2026 17:32","FECHA_INI":"27-07-2026 09:32","id_alim":1423,"numero_cliente":1600903,"ID_AVISO":"500ck000015oIIgAAM"}},{"type":"Feature","geometry":{"type":"Point","coordinates":[-70.69980115290416,-33.437306169063945]},"properties":{"TIPO":"AVISO","CODIGO":"DF202671761426","COD_AVISO":1024517791,"DIRECCION":"GASPAR DE ORENSE 950 ","FALLA":"SE LLAMA AL NUMERO REGISTRADO,","DESC_EVENTO":"prueba","COD_EVENTO":"DF202671761426","FECHA_REPOSICION":"27-07-2026 16:06","FECHA_INI":"27-07-2026 08:06","id_alim":2023,"numero_cliente":633889,"ID_AVISO":"500ck000015pHelAAE"}},{"type":"Feature","geometry":{"type":"Point","coordinates":[-70.67141814070997,-33.43850567690268]},"properties":{"TIPO":"AVISO","CODIGO":"DF202671761463","COD_AVISO":1024473872,"DIRECCION":"GARCIA REYES 584 ","FALLA":"CORREO ENVIADO ------ 27/07/20","DESC_EVENTO":"prueba","COD_EVENTO":"DF202671761463","FECHA_REPOSICION":"27-07-2026 15:13","FECHA_INI":"27-07-2026 08:41","id_alim":313,"numero_cliente":495647,"ID_AVISO":"500ck000015opK8AAI"}},{"type":"Feature","geometry":{"type":"Point","coordinates":[-70.65129509029657,-33.46999960530938]},"properties":{"TIPO":"AVISO","CODIGO":"DF202671761855","COD_AVISO":1024656842,"DIRECCION":"ROBERTO ESPINOZA 1956 A ","FALLA":"--","DESC_EVENTO":"prueba","COD_EVENTO":"DF202671761855","FECHA_REPOSICION":"27-07-2026 17:08","FECHA_INI":"27-07-2026 12:08","id_alim":631,"numero_cliente":690970,"ID_AVISO":"500ck000015psWoAAI"}},{"type":"Feature","geometry":{"type":"Point","coordinates":[-70.73878216736647,-33.351680690921164]},"properties":{"TIPO":"AVISO","CODIGO":"DF202671761057","COD_AVISO":1024320474,"DIRECCION":"FRENTE A CALLE SANTA LUISA 290 ","FALLA":"TEN Actualizado a 27/07/2026 1","DESC_EVENTO":"prueba","COD_EVENTO":"DF202671761057","FECHA_REPOSICION":"27-07-2026 16:37","FECHA_INI":"26-07-2026 17:37","id_alim":5642,"numero_cliente":3164123,"ID_AVISO":"500ck000015lJ2fAAE"}},{"type":"Feature","geometry":{"type":"Point","coordinates":[-70.74145527232581,-33.410868461917524]},"properties":{"TIPO":"AVISO","CODIGO":"DF202671761303","COD_AVISO":1024371747,"DIRECCION":"ISOKA 1720 D 11","FALLA":"TEN Actualizado a 27/07/2026 1","DESC_EVENTO":"prueba","COD_EVENTO":"DF202671761303","FECHA_REPOSICION":"27-07-2026 15:30","FECHA_INI":"26-07-2026 22:30","id_alim":412,"numero_cliente":1518783,"ID_AVISO":"500ck000015lxG2AAI"}},{"type":"Feature","geometry":{"type":"Point","coordinates":[-70.72292328511843,-33.42883635790288]},"properties":{"TIPO":"AVISO","CODIGO":"DF202671761324","COD_AVISO":1024373362,"DIRECCION":"MARIANO NECOCHEA 1359 ","FALLA":"TEN Actualizado a 27/07/2026 1","DESC_EVENTO":"prueba","COD_EVENTO":"DF202671761324","FECHA_REPOSICION":"27-07-2026 15:43","FECHA_INI":"26-07-2026 22:43","id_alim":2031,"numero_cliente":326106,"ID_AVISO":"500ck000015ljaBAAQ"}},{"type":"Feature","geometry":{"type":"Point","coordinates":[-70.64210391382747,-33.383954213440546]},"properties":{"TIPO":"AVISO","CODIGO":"DF202671761925","COD_AVISO":1024695511,"DIRECCION":"MARIA LUISA BOMBAL 606 ","FALLA":"Telefono de contacto 983616120","DESC_EVENTO":"prueba","COD_EVENTO":"DF202671761925","FECHA_REPOSICION":"27-07-2026 17:57","FECHA_INI":"27-07-2026 12:57","id_alim":2313,"numero_cliente":959506,"ID_AVISO":"500ck000015r1AlAAI"}},{"type":"Feature","geometry":{"type":"Point","coordinates":[-70.70135979186745,-33.23942253563027]},"properties":{"TIPO":"AVISO","CODIGO":"DF202671761376","COD_AVISO":1024385800,"DIRECCION":"SAN JOSE SITIO 10  LOTE 1 ","FALLA":"TEN Actualizado a 27/07/2026 1","DESC_EVENTO":"prueba","COD_EVENTO":"DF202671761376","FECHA_REPOSICION":"27-07-2026 15:47","FECHA_INI":"27-07-2026 01:47","id_alim":2522,"numero_cliente":1483989,"ID_AVISO":"500ck000015mAgiAAE"}},{"type":"Feature","geometry":{"type":"Point","coordinates":[-70.50742936504645,-33.404869627650434]},"properties":{"TIPO":"AVISO","CODIGO":"DF202671761796","COD_AVISO":1024627917,"DIRECCION":"SAN CARLOS DE APOQUINDO 2220 ","FALLA":"EMPRESA ENTEL INGRESA REQUERIM","DESC_EVENTO":"prueba","COD_EVENTO":"DF202671761796","FECHA_REPOSICION":"27-07-2026 16:32","FECHA_INI":"27-07-2026 11:32","id_alim":1026,"numero_cliente":3314176,"ID_AVISO":"500ck000015qFb4AAE"}},{"type":"Feature","geometry":{"type":"Point","coordinates":[-70.64359395569302,-33.41412194267162]},"properties":{"TIPO":"AVISO","CODIGO":"DF202671761960","COD_AVISO":1024711950,"DIRECCION":"RECOLETA 1289 ","FALLA":"Cliente: Miriam RUT: 14597297-","DESC_EVENTO":"prueba","COD_EVENTO":"DF202671761960","FECHA_REPOSICION":"27-07-2026 18:21","FECHA_INI":"27-07-2026 13:21","id_alim":1754,"numero_cliente":123447,"ID_AVISO":"500ck000015q6LXAAY"}},{"type":"Feature","geometry":{"type":"Point","coordinates":[-70.5803988469003,-33.495972490098644]},"properties":{"TIPO":"AVISO","CODIGO":"DF202671761726","COD_AVISO":1024597335,"DIRECCION":"CABO SEGUNDO JULIO PAVEZ ORTIZ 5535 ","FALLA":"null Comuna: PENALOLEN","DESC_EVENTO":"prueba","COD_EVENTO":"DF202671761726","FECHA_REPOSICION":"27-07-2026 15:57","FECHA_INI":"27-07-2026 10:57","id_alim":2435,"numero_cliente":917233,"ID_AVISO":"500ck000015p1XYAAY"}},{"type":"Feature","geometry":{"type":"Point","coordinates":[-70.77311363388853,-33.507911184544895]},"properties":{"TIPO":"AVISO","CODIGO":"DF202671761613","COD_AVISO":1024544526,"DIRECCION":"EL CID 2072 ","FALLA":"NOMBRE:HERNAN RIVERA 916729-3R","DESC_EVENTO":"prueba","COD_EVENTO":"DF202671761613","FECHA_REPOSICION":"27-07-2026 15:02","FECHA_INI":"27-07-2026 10:02","id_alim":2733,"numero_cliente":916729,"ID_AVISO":"500ck000015pDMvAAM"}},{"type":"Feature","geometry":{"type":"Point","coordinates":[-70.62386993270464,-33.44106483503876]},"properties":{"TIPO":"AVISO","CODIGO":"DF202671761688","COD_AVISO":1024577801,"DIRECCION":"SALVADOR 1049 ","FALLA":"SALVADOR 1049 estamos sin luz ","DESC_EVENTO":"prueba","COD_EVENTO":"DF202671761688","FECHA_REPOSICION":"27-07-2026 15:35","FECHA_INI":"27-07-2026 10:35","id_alim":1725,"numero_cliente":2372,"ID_AVISO":"500ck000015ol7LAAQ"}},{"type":"Feature","geometry":{"type":"Point","coordinates":[-70.88611766895792,-33.286094748209294]},"properties":{"TIPO":"AVISO","CODIGO":"DF202671761942","COD_AVISO":1024700060,"DIRECCION":"ARTURO PRAT 37 ","FALLA":"Connid: 0ae603b59378e9dbNombre","DESC_EVENTO":"prueba","COD_EVENTO":"DF202671761942","FECHA_REPOSICION":"27-07-2026 18:05","FECHA_INI":"27-07-2026 13:05","id_alim":7411,"numero_cliente":1529993,"ID_AVISO":"500ck000015rEW8AAM"}},{"type":"Feature","geometry":{"type":"Point","coordinates":[-70.71185225648382,-33.42915572792982]},"properties":{"TIPO":"AVISO","CODIGO":"DF202671761876","COD_AVISO":1024681682,"DIRECCION":"RIO BAKER 5501 ","FALLA":"CONNID:0ae603b59378d35aNombre:","DESC_EVENTO":"prueba","COD_EVENTO":"DF202671761876","FECHA_REPOSICION":"27-07-2026 17:24","FECHA_INI":"27-07-2026 12:24","id_alim":2041,"numero_cliente":1261197,"ID_AVISO":"500ck000015qwZRAAY"}},{"type":"Feature","geometry":{"type":"Point","coordinates":[-70.63123094220269,-33.44674762864868]},"properties":{"TIPO":"AVISO","CODIGO":"DF202671761866","COD_AVISO":1024663789,"DIRECCION":"ALMTE RIVEROS O30 B ","FALLA":"Telefono de contacto 946308526","DESC_EVENTO":"prueba","COD_EVENTO":"DF202671761866","FECHA_REPOSICION":"27-07-2026 17:17","FECHA_INI":"27-07-2026 12:17","id_alim":1845,"numero_cliente":158047,"ID_AVISO":"500ck000015q7dwAAA"}},{"type":"Feature","geometry":{"type":"Point","coordinates":[-70.70249623810824,-33.430962989529405]},"properties":{"TIPO":"AVISO","CODIGO":"DF202671761891","COD_AVISO":1024677102,"DIRECCION":"VARGAS FONTECILLA 4998 ","FALLA":"Telefono de contacto 976746090","DESC_EVENTO":"prueba","COD_EVENTO":"DF202671761891","FECHA_REPOSICION":"27-07-2026 17:34","FECHA_INI":"27-07-2026 12:34","id_alim":2041,"numero_cliente":1543491,"ID_AVISO":"500ck000015qZd2AAE"}},{"type":"Feature","geometry":{"type":"Point","coordinates":[-70.56561090489232,-33.553672690822886]},"properties":{"TIPO":"AVISO","CODIGO":"DF202671761973","COD_AVISO":1024723742,"DIRECCION":"SAN JUAN DE DIOS 2232 ","FALLA":"Cliente: Ricardo RUT: 26339230","DESC_EVENTO":"prueba","COD_EVENTO":"DF202671761973","FECHA_REPOSICION":"27-07-2026 18:32","FECHA_INI":"27-07-2026 13:32","id_alim":2683,"numero_cliente":1190328,"ID_AVISO":"500ck000015qfo8AAA"}},{"type":"Feature","geometry":{"type":"Point","coordinates":[-70.63647608691089,-33.53274666381364]},"properties":{"TIPO":"AVISO","CODIGO":"DF202671761681","COD_AVISO":1024572665,"DIRECCION":"VENEZUELA 2027 ","FALLA":"ID: 0ae603b593789f66Nombre:  R","DESC_EVENTO":"prueba","COD_EVENTO":"DF202671761681","FECHA_REPOSICION":"27-07-2026 15:32","FECHA_INI":"27-07-2026 10:32","id_alim":511,"numero_cliente":824923,"ID_AVISO":"500ck000015piJvAAI"}},{"type":"Feature","geometry":{"type":"Point","coordinates":[-70.59231188672159,-33.500026400103756]},"properties":{"TIPO":"AVISO","CODIGO":"DF202671761814","COD_AVISO":1024630510,"DIRECCION":"EL LIBANO 5524  ","FALLA":"Telefono de contacto 977097107","DESC_EVENTO":"prueba","COD_EVENTO":"DF202671761814","FECHA_REPOSICION":"27-07-2026 15:36","FECHA_INI":"27-07-2026 11:36","id_alim":2414,"numero_cliente":131632,"ID_AVISO":"500ck000015qTKZAA2"}},{"type":"Feature","geometry":{"type":"Point","coordinates":[-70.68866212427397,-33.44871227571128]},"properties":{"TIPO":"AVISO","CODIGO":"DF202671761581","COD_AVISO":1024531428,"DIRECCION":"ECUADOR 3806 ","FALLA":"TEN Actualizado a 27/07/2026 1","DESC_EVENTO":"prueba","COD_EVENTO":"DF202671761581","FECHA_REPOSICION":"27-07-2026 17:47","FECHA_INI":"27-07-2026 09:47","id_alim":2241,"numero_cliente":541202,"ID_AVISO":"500ck000015p54MAAQ"}},{"type":"Feature","geometry":{"type":"Point","coordinates":[-70.5817168612599,-33.49884769053883]},"properties":{"TIPO":"AVISO","CODIGO":"DF202671761907","COD_AVISO":1024685813,"DIRECCION":"EL CASCO 4835 ","FALLA":"Telefono de contacto 984853959","DESC_EVENTO":"prueba","COD_EVENTO":"DF202671761907","FECHA_REPOSICION":"27-07-2026 17:45","FECHA_INI":"27-07-2026 12:45","id_alim":2435,"numero_cliente":1376308,"ID_AVISO":"500ck000015r3UFAAY"}},{"type":"Feature","geometry":{"type":"Point","coordinates":[-70.7677422525835,-33.32486134295356]},"properties":{"TIPO":"AVISO","CODIGO":"DF202671761739","COD_AVISO":1024601966,"DIRECCION":"BOULEVARD LOS CONDORES 4321 TR D DP 114  ","FALLA":"Nombre completoJimena LopezCar","DESC_EVENTO":"prueba","COD_EVENTO":"DF202671761739","FECHA_REPOSICION":"27-07-2026 16:03","FECHA_INI":"27-07-2026 11:03","id_alim":5641,"numero_cliente":3360286,"ID_AVISO":"500ck000015pnTjAAI"}},{"type":"Feature","geometry":{"type":"Point","coordinates":[-70.67287596625347,-33.39859014469444]},"properties":{"TIPO":"AVISO","CODIGO":"DF202671761661","COD_AVISO":1024567058,"DIRECCION":"TACORA 2189 ","FALLA":"TACORA 2189 MEDIDOR SMART METE","DESC_EVENTO":"prueba","COD_EVENTO":"DF202671761661","FECHA_REPOSICION":"27-07-2026 15:24","FECHA_INI":"27-07-2026 10:24","id_alim":122,"numero_cliente":172876,"ID_AVISO":"500ck000015q2qMAAQ"}},{"type":"Feature","geometry":{"type":"Point","coordinates":[-70.66284895018285,-33.38315966067437]},"properties":{"TIPO":"AVISO","CODIGO":"DF202671761968","COD_AVISO":1024722673,"DIRECCION":"SEVILLA 4012 ","FALLA":"--","DESC_EVENTO":"prueba","COD_EVENTO":"DF202671761968","FECHA_REPOSICION":"27-07-2026 18:31","FECHA_INI":"27-07-2026 13:31","id_alim":2321,"numero_cliente":353161,"ID_AVISO":"500ck000015rmT2AAI"}},{"type":"Feature","geometry":{"type":"Point","coordinates":[-70.7574635706068,-33.50206396627336]},"properties":{"TIPO":"AVISO","CODIGO":"DF202671736015","COD_AVISO":1024627041,"DIRECCION":"","FALLA":"PEDRO NAVARRETE LLAMARÀ CON TI","DESC_EVENTO":"prueba","COD_EVENTO":"DF202671736015","FECHA_REPOSICION":"27-07-2026 16:00","FECHA_INI":"27-07-2026 10:00","id_alim":2721,"numero_cliente":52371,"ID_AVISO":"500ck000015psOYAAY"}},{"type":"Feature","geometry":{"type":"Point","coordinates":[-70.79864403066664,-33.18577435955814]},"properties":{"TIPO":"AVISO","CODIGO":"DF202671761233","COD_AVISO":1024355964,"DIRECCION":"CAMINO INTERIOR PARCELA 49 ","FALLA":"TEN Actualizado a 27/07/2026 1","DESC_EVENTO":"prueba","COD_EVENTO":"DF202671761233","FECHA_REPOSICION":"27-07-2026 17:06","FECHA_INI":"26-07-2026 20:48","id_alim":5516,"numero_cliente":2674541,"ID_AVISO":"500ck000015lgqSAAQ"}},{"type":"Feature","geometry":{"type":"Point","coordinates":[-70.66517304145849,-33.44259657518153]},"properties":{"TIPO":"AVISO","CODIGO":"DF202671761477","COD_AVISO":1024726599,"DIRECCION":"BRASIL 3 ","FALLA":"TEN Actualizado a 27/07/2026 1","DESC_EVENTO":"prueba","COD_EVENTO":"DF202671761477","FECHA_REPOSICION":"27-07-2026 19:43","FECHA_INI":"27-07-2026 08:53","id_alim":3113,"numero_cliente":185792,"ID_AVISO":"500ck000015rJMJAA2"}},{"type":"Feature","geometry":{"type":"Point","coordinates":[-70.29125642540653,-33.34659656350759]},"properties":{"TIPO":"AVISO","CODIGO":"DF202671760479","COD_AVISO":1024170053,"DIRECCION":"EDIF VALLE COLORADO 1 LA PALOMA 65 ","FALLA":"TEN Actualizado a 27/07/2026 1","DESC_EVENTO":"prueba","COD_EVENTO":"DF202671760479","FECHA_REPOSICION":"27-07-2026 14:58","FECHA_INI":"25-07-2026 20:04","id_alim":1024,"numero_cliente":8060125,"ID_AVISO":"500ck000015jEIgAAM"}},{"type":"Feature","geometry":{"type":"Point","coordinates":[-70.5611466816152,-33.443729651579424]},"properties":{"TIPO":"AVISO","CODIGO":"DF202671761446","COD_AVISO":1024454628,"DIRECCION":"MONSENOR EDWARDS 953 ","FALLA":"TEN Actualizado a 27/07/2026 1","DESC_EVENTO":"prueba","COD_EVENTO":"DF202671761446","FECHA_REPOSICION":"27-07-2026 16:21","FECHA_INI":"27-07-2026 08:21","id_alim":912,"numero_cliente":296999,"ID_AVISO":"500ck000015oCnlAAE"}},{"type":"Feature","geometry":{"type":"Point","coordinates":[-70.5510837120915,-33.46542531219658]},"properties":{"TIPO":"AVISO","CODIGO":"DF202671761459","COD_AVISO":1024471109,"DIRECCION":"TOBALABA 10539 DP 34 ","FALLA":"TEN Actualizado a 27/07/2026 1","DESC_EVENTO":"prueba","COD_EVENTO":"DF202671761459","FECHA_REPOSICION":"27-07-2026 16:37","FECHA_INI":"27-07-2026 08:37","id_alim":944,"numero_cliente":791878,"ID_AVISO":"500ck000015oU9PAAU"}},{"type":"Feature","geometry":{"type":"Point","coordinates":[-70.69452530527481,-33.48063221703289]},"properties":{"TIPO":"AVISO","CODIGO":"DF202671761384","COD_AVISO":1024394817,"DIRECCION":"BUZETA 4554 ","FALLA":"CONTACTO 978585789   BUZETA 46","DESC_EVENTO":"prueba","COD_EVENTO":"DF202671761384","FECHA_REPOSICION":"27-07-2026 15:55","FECHA_INI":"27-07-2026 04:55","id_alim":2233,"numero_cliente":53969,"ID_AVISO":"500ck000015nGRjAAM"}},{"type":"Feature","geometry":{"type":"Point","coordinates":[-70.6674420361692,-33.44531907763349]},"properties":{"TIPO":"AVISO","CODIGO":"DF202671761500","COD_AVISO":1024667297,"DIRECCION":"LIB BERNARDO O HIGGINS 2205 ","FALLA":"TEN Actualizado a 27/07/2026 1","DESC_EVENTO":"prueba","COD_EVENTO":"DF202671761500","FECHA_REPOSICION":"27-07-2026 17:15","FECHA_INI":"27-07-2026 09:15","id_alim":3113,"numero_cliente":1402890,"ID_AVISO":"500ck000015qpvxAAA"}},{"type":"Feature","geometry":{"type":"Point","coordinates":[-70.60939777896066,-33.41427092492287]},"properties":{"TIPO":"AVISO","CODIGO":"DF202671761784","COD_AVISO":1024661257,"DIRECCION":"SANTA MARIA 2670 ","FALLA":"Telefono de contacto 975047989","DESC_EVENTO":"prueba","COD_EVENTO":"DF202671761784","FECHA_REPOSICION":"27-07-2026 16:23","FECHA_INI":"27-07-2026 11:23","id_alim":2123,"numero_cliente":2718730,"ID_AVISO":"500ck000015qd6uAAA"}},{"type":"Feature","geometry":{"type":"Point","coordinates":[-70.66899800396376,-33.422614064117546]},"properties":{"TIPO":"AVISO","CODIGO":"DF202671761396","COD_AVISO":1024517881,"DIRECCION":"5 NORTE 752 ","FALLA":"TEN Actualizado a 27/07/2026 1","DESC_EVENTO":"prueba","COD_EVENTO":"DF202671761396","FECHA_REPOSICION":"27-07-2026 17:01","FECHA_INI":"27-07-2026 06:40","id_alim":113,"numero_cliente":887883,"ID_AVISO":"500ck000015nzJDAAY"}},{"type":"Feature","geometry":{"type":"Point","coordinates":[-70.66899800396376,-33.422614064117546]},"properties":{"TIPO":"AVISO","CODIGO":"DF202671761396","COD_AVISO":1024429472,"DIRECCION":"5 NORTE 752 ","FALLA":"TEN Actualizado a 27/07/2026 1","DESC_EVENTO":"prueba","COD_EVENTO":"DF202671761396","FECHA_REPOSICION":"27-07-2026 17:01","FECHA_INI":"27-07-2026 06:40","id_alim":113,"numero_cliente":35039,"ID_AVISO":"500ck000015ntgIAAQ"}},{"type":"Feature","geometry":{"type":"Point","coordinates":[-70.66899800396376,-33.422614064117546]},"properties":{"TIPO":"AVISO","CODIGO":"DF202671761396","COD_AVISO":1024502819,"DIRECCION":"5 NORTE 752 ","FALLA":"TEN Actualizado a 27/07/2026 1","DESC_EVENTO":"prueba","COD_EVENTO":"DF202671761396","FECHA_REPOSICION":"27-07-2026 17:01","FECHA_INI":"27-07-2026 06:40","id_alim":113,"numero_cliente":887875,"ID_AVISO":"500ck000015p2hTAAQ"}},{"type":"Feature","geometry":{"type":"Point","coordinates":[-70.64627096127798,-33.448406768995746]},"properties":{"TIPO":"AVISO","CODIGO":"DF202671761632","COD_AVISO":"I836082874","DIRECCION":"SANTA ISABEL 765 DP 2001 ","FALLA":"TEN Actualizado a 27/07/2026 1","DESC_EVENTO":"prueba","COD_EVENTO":"DF202671761632","FECHA_REPOSICION":"27-07-2026 17:48","FECHA_INI":"27-07-2026 09:48","id_alim":640,"numero_cliente":2832903,"ID_AVISO":"500ck000015pB3UAAU"}},{"type":"Feature","geometry":{"type":"Point","coordinates":[-70.67233218939435,-33.5009725998991]},"properties":{"TIPO":"AVISO","CODIGO":"DF202671735048","COD_AVISO":1024560499,"DIRECCION":"PIRIHUEICO PTE HUEPIL","FALLA":"","DESC_EVENTO":"prueba","COD_EVENTO":"DF202671735048","FECHA_REPOSICION":"27-07-2026 16:00","FECHA_INI":"27-07-2026 10:00","id_alim":2244,"numero_cliente":200141,"ID_AVISO":"500ck000015pwg5AAA"}},{"type":"Feature","geometry":{"type":"Point","coordinates":[-70.79173177509523,-33.51872227836253]},"properties":{"TIPO":"AVISO","CODIGO":"DF202671761856","COD_AVISO":1024656640,"DIRECCION":"CABO VIRGENES 872 ","FALLA":"ARRIBAR ANTES DE LAS 15:15Nomb","DESC_EVENTO":"prueba","COD_EVENTO":"DF202671761856","FECHA_REPOSICION":"27-07-2026 17:09","FECHA_INI":"27-07-2026 12:09","id_alim":2733,"numero_cliente":1397796,"ID_AVISO":"500ck000015qPfCAAU"}},{"type":"Feature","geometry":{"type":"Point","coordinates":[-70.79309669843789,-33.501783972137844]},"properties":{"TIPO":"AVISO","CODIGO":"DF202671761835","COD_AVISO":1024645026,"DIRECCION":"GOETHE 2741 ","FALLA":"Telefono de contacto 984864967","DESC_EVENTO":"prueba","COD_EVENTO":"DF202671761835","FECHA_REPOSICION":"27-07-2026 16:53","FECHA_INI":"27-07-2026 11:53","id_alim":3335,"numero_cliente":2654173,"ID_AVISO":"500ck000015qTQmAAM"}},{"type":"Feature","geometry":{"type":"Point","coordinates":[-70.69980115290416,-33.437306169063945]},"properties":{"TIPO":"AVISO","CODIGO":"DF202671761426","COD_AVISO":1024509650,"DIRECCION":"GASPAR DE ORENSE 950 ","FALLA":"SE LLAMA AL NUMERO REGISTRADO,","DESC_EVENTO":"prueba","COD_EVENTO":"DF202671761426","FECHA_REPOSICION":"27-07-2026 16:06","FECHA_INI":"27-07-2026 08:06","id_alim":2023,"numero_cliente":634058,"ID_AVISO":"500ck000015pGAdAAM"}},{"type":"Feature","geometry":{"type":"Point","coordinates":[-70.7563564355994,-33.42487484452803]},"properties":{"TIPO":"AVISO","CODIGO":"DF202671761235","COD_AVISO":1024356160,"DIRECCION":"J J PEREZ 8919 ","FALLA":"TEN Actualizado a 27/07/2026 1","DESC_EVENTO":"prueba","COD_EVENTO":"DF202671761235","FECHA_REPOSICION":"27-07-2026 16:49","FECHA_INI":"26-07-2026 20:49","id_alim":442,"numero_cliente":281814,"ID_AVISO":"500ck000015lt8zAAA"}},{"type":"Feature","geometry":{"type":"Point","coordinates":[-70.67141814070997,-33.43850567690268]},"properties":{"TIPO":"AVISO","CODIGO":"DF202671761463","COD_AVISO":1024545706,"DIRECCION":"GARCIA REYES 584 ","FALLA":"CORREO ENVIADO ------ 27/07/20","DESC_EVENTO":"prueba","COD_EVENTO":"DF202671761463","FECHA_REPOSICION":"27-07-2026 15:13","FECHA_INI":"27-07-2026 08:41","id_alim":313,"numero_cliente":495644,"ID_AVISO":"500ck000015pKfkAAE"}},{"type":"Feature","geometry":{"type":"Point","coordinates":[-70.67141814070997,-33.43850567690268]},"properties":{"TIPO":"AVISO","CODIGO":"DF202671761463","COD_AVISO":1024519357,"DIRECCION":"GARCIA REYES 584 ","FALLA":"CORREO ENVIADO ------ 27/07/20","DESC_EVENTO":"prueba","COD_EVENTO":"DF202671761463","FECHA_REPOSICION":"27-07-2026 15:13","FECHA_INI":"27-07-2026 08:41","id_alim":313,"numero_cliente":495645,"ID_AVISO":"500ck000015ojKAAAY"}},{"type":"Feature","geometry":{"type":"Point","coordinates":[-70.69718680769051,-33.2357334682763]},"properties":{"TIPO":"AVISO","CODIGO":"DF202671761270","COD_AVISO":1024363649,"DIRECCION":"COND. SN JAIME P/26 S/5 ","FALLA":"TEN Actualizado a 27/07/2026 1","DESC_EVENTO":"prueba","COD_EVENTO":"DF202671761270","FECHA_REPOSICION":"27-07-2026 14:57","FECHA_INI":"26-07-2026 21:31","id_alim":2522,"numero_cliente":1461109,"ID_AVISO":"500ck000015m0NNAAY"}},{"type":"Feature","geometry":{"type":"Point","coordinates":[-70.74882728057835,-33.359842189934376]},"properties":{"TIPO":"AVISO","CODIGO":"DF202671761166","COD_AVISO":1024343599,"DIRECCION":"VOLCAN LONQUIMAY 0461  ","FALLA":"TEN Actualizado a 27/07/2026 1","DESC_EVENTO":"prueba","COD_EVENTO":"DF202671761166","FECHA_REPOSICION":"27-07-2026 15:39","FECHA_INI":"26-07-2026 19:39","id_alim":1413,"numero_cliente":1344100,"ID_AVISO":"500ck000015lcYAAAY"}},{"type":"Feature","geometry":{"type":"Point","coordinates":[-70.49839219946328,-33.362589620531544]},"properties":{"TIPO":"AVISO","CODIGO":"DF202671761178","COD_AVISO":1024347514,"DIRECCION":"MONS ESCRIVA DE BALAGUER 14426 ","FALLA":"TEN Actualizado a 27/07/2026 1","DESC_EVENTO":"prueba","COD_EVENTO":"DF202671761178","FECHA_REPOSICION":"27-07-2026 16:00","FECHA_INI":"26-07-2026 20:00","id_alim":1024,"numero_cliente":1011557,"ID_AVISO":"500ck000015lfnkAAA"}},{"type":"Feature","geometry":{"type":"Point","coordinates":[-70.66316019661937,-33.51469074618263]},"properties":{"TIPO":"AVISO","CODIGO":"DF202671761547","COD_AVISO":1024516564,"DIRECCION":"SERGIO CEPPI 384 ","FALLA":"TEN Actualizado a 27/07/2026 1","DESC_EVENTO":"prueba","COD_EVENTO":"DF202671761547","FECHA_REPOSICION":"27-07-2026 17:31","FECHA_INI":"27-07-2026 09:31","id_alim":524,"numero_cliente":195181,"ID_AVISO":"500ck000015pDT4AAM"}},{"type":"Feature","geometry":{"type":"Point","coordinates":[-70.75480825609486,-33.35898364690106]},"properties":{"TIPO":"AVISO","CODIGO":"DF202671761403","COD_AVISO":1024420375,"DIRECCION":"LOS DOMINICOS 0665  ","FALLA":"TEN Actualizado a 27/07/2026 1","DESC_EVENTO":"prueba","COD_EVENTO":"DF202671761403","FECHA_REPOSICION":"27-07-2026 15:15","FECHA_INI":"27-07-2026 07:15","id_alim":2833,"numero_cliente":1598647,"ID_AVISO":"500ck000015nsk0AAA"}},{"type":"Feature","geometry":{"type":"Point","coordinates":[-70.6831320819825,-33.412851910260855]},"properties":{"TIPO":"AVISO","CODIGO":"DF202671761777","COD_AVISO":1024616116,"DIRECCION":"JOSE SANTIAGO ALDUNATE 2828 ","FALLA":"Telefono de contacto 964717405","DESC_EVENTO":"prueba","COD_EVENTO":"DF202671761777","FECHA_REPOSICION":"27-07-2026 16:19","FECHA_INI":"27-07-2026 11:19","id_alim":114,"numero_cliente":3220390,"ID_AVISO":"500ck000015qNLMAA2"}},{"type":"Feature","geometry":{"type":"Point","coordinates":[-70.74363462678481,-33.54159098120968]},"properties":{"TIPO":"AVISO","CODIGO":"DF202671761779","COD_AVISO":1024616206,"DIRECCION":"CAMINO A LONQUEN 14263 ","FALLA":"SL","DESC_EVENTO":"prueba","COD_EVENTO":"DF202671761779","FECHA_REPOSICION":"27-07-2026 16:19","FECHA_INI":"27-07-2026 11:19","id_alim":3412,"numero_cliente":2598381,"ID_AVISO":"500ck000015pJJ7AAM"}},{"type":"Feature","geometry":{"type":"Point","coordinates":[-70.57874070392045,-33.408962031541066]},"properties":{"TIPO":"AVISO","CODIGO":"DF202671761926","COD_AVISO":1024695663,"DIRECCION":"ORINOCO 99 ","FALLA":"null Comuna: LAS CONDES","DESC_EVENTO":"prueba","COD_EVENTO":"DF202671761926","FECHA_REPOSICION":"27-07-2026 17:57","FECHA_INI":"27-07-2026 12:57","id_alim":1523,"numero_cliente":1492513,"ID_AVISO":"500ck000015r9eWAAQ"}},{"type":"Feature","geometry":{"type":"Point","coordinates":[-70.86292856011076,-33.273876385820046]},"properties":{"TIPO":"AVISO","CODIGO":"DF202671761946","COD_AVISO":1024702348,"DIRECCION":"CAMINO SERVIDUMBRE S/N LOTE 2A ","FALLA":"Contacto: Miguel Angel LaraTel","DESC_EVENTO":"prueba","COD_EVENTO":"DF202671761946","FECHA_REPOSICION":"27-07-2026 18:06","FECHA_INI":"27-07-2026 13:06","id_alim":2511,"numero_cliente":3542881,"ID_AVISO":"500ck000015qkLfAAI"}},{"type":"Feature","geometry":{"type":"Point","coordinates":[-70.5318166088717,-33.460336851829986]},"properties":{"TIPO":"AVISO","CODIGO":"DF202671761569","COD_AVISO":1024526567,"DIRECCION":"CALLE A 9288 ","FALLA":"TEN Actualizado a 27/07/2026 1","DESC_EVENTO":"prueba","COD_EVENTO":"DF202671761569","FECHA_REPOSICION":"27-07-2026 17:42","FECHA_INI":"27-07-2026 09:42","id_alim":941,"numero_cliente":1278141,"ID_AVISO":"500ck000015obEMAAY"}},{"type":"Feature","geometry":{"type":"Point","coordinates":[-70.66211320353881,-33.49480323479966]},"properties":{"TIPO":"AVISO","CODIGO":"DF202671761623","COD_AVISO":1024547939,"DIRECCION":"SAN NICOLAS 1480 DP 2206 ","FALLA":"CLIENTE AL DIA, FONO NO CONTES","DESC_EVENTO":"prueba","COD_EVENTO":"DF202671761623","FECHA_REPOSICION":"27-07-2026 15:05","FECHA_INI":"27-07-2026 10:05","id_alim":1214,"numero_cliente":3036247,"ID_AVISO":"500ck000015oYVSAA2"}},{"type":"Feature","geometry":{"type":"Point","coordinates":[-70.68733430347113,-33.50810161440575]},"properties":{"TIPO":"AVISO","CODIGO":"DF202671761753","COD_AVISO":1024605439,"DIRECCION":"MAIPO           4847 SIT ","FALLA":"RUT:13094025-0TELEFONO:9846626","DESC_EVENTO":"prueba","COD_EVENTO":"DF202671761753","FECHA_REPOSICION":"27-07-2026 16:08","FECHA_INI":"27-07-2026 11:08","id_alim":1215,"numero_cliente":728917,"ID_AVISO":"500ck000015pf9IAAQ"}},{"type":"Feature","geometry":{"type":"Point","coordinates":[-70.84487975658237,-33.45163340566746]},"properties":{"TIPO":"AVISO","CODIGO":"DF202671761709","COD_AVISO":1024587855,"DIRECCION":"NUEVA 1 SUR 19929 ","FALLA":"Telefono de contacto 991280407","DESC_EVENTO":"prueba","COD_EVENTO":"DF202671761709","FECHA_REPOSICION":"27-07-2026 15:46","FECHA_INI":"27-07-2026 10:46","id_alim":5811,"numero_cliente":2718185,"ID_AVISO":"500ck000015pFwjAAE"}},{"type":"Feature","geometry":{"type":"Point","coordinates":[-70.65395098874919,-33.422922007358444]},"properties":{"TIPO":"AVISO","CODIGO":"DF202671761932","COD_AVISO":1024698635,"DIRECCION":"ECHEVERRIA 1053 ","FALLA":"ConnID : 0ae603b59378eb30Nombr","DESC_EVENTO":"prueba","COD_EVENTO":"DF202671761932","FECHA_REPOSICION":"27-07-2026 18:01","FECHA_INI":"27-07-2026 13:01","id_alim":7012,"numero_cliente":749617,"ID_AVISO":"500ck000015r54oAAA"}},{"type":"Feature","geometry":{"type":"Point","coordinates":[-70.57388669672166,-33.43450608328626]},"properties":{"TIPO":"AVISO","CODIGO":"DF202671761587","COD_AVISO":1024534905,"DIRECCION":"OSSA 1806 ","FALLA":"TEN Actualizado a 27/07/2026 1","DESC_EVENTO":"prueba","COD_EVENTO":"DF202671761587","FECHA_REPOSICION":"27-07-2026 17:50","FECHA_INI":"27-07-2026 09:50","id_alim":913,"numero_cliente":515342,"ID_AVISO":"500ck000015p1lWAAQ"}},{"type":"Feature","geometry":{"type":"Point","coordinates":[-70.71970587665741,-33.25406522219079]},"properties":{"TIPO":"AVISO","CODIGO":"DF202671761725","COD_AVISO":1024596190,"DIRECCION":"CAM.LO PINTO KM LOTE 1 X                      ","FALLA":"Motivo:*Cliente:*Rut:4224733-2","DESC_EVENTO":"prueba","COD_EVENTO":"DF202671761725","FECHA_REPOSICION":"27-07-2026 15:56","FECHA_INI":"27-07-2026 10:56","id_alim":2522,"numero_cliente":1616804,"ID_AVISO":"500ck000015q3hlAAA"}},{"type":"Feature","geometry":{"type":"Point","coordinates":[-70.67041614324177,-33.491955433069094]},"properties":{"TIPO":"AVISO","CODIGO":"DF202671761761","COD_AVISO":"I836082977","DIRECCION":"CARLOS MARTEL 2275 ","FALLA":"DON ULISIS GONZALEZ FONO 97443","DESC_EVENTO":"prueba","COD_EVENTO":"DF202671761761","FECHA_REPOSICION":"27-07-2026 15:35","FECHA_INI":"27-07-2026 10:35","id_alim":2244,"numero_cliente":155812,"ID_AVISO":"500ck000015pK5KAAU"}},{"type":"Feature","geometry":{"type":"Point","coordinates":[-70.55595972112212,-33.46095584060564]},"properties":{"TIPO":"AVISO","CODIGO":"DF202671761705","COD_AVISO":1024585853,"DIRECCION":"DIEGO ROJAS 808 DP 32 ","FALLA":"--","DESC_EVENTO":"prueba","COD_EVENTO":"DF202671761705","FECHA_REPOSICION":"27-07-2026 15:44","FECHA_INI":"27-07-2026 10:44","id_alim":932,"numero_cliente":653074,"ID_AVISO":"500ck000015q9AIAAY"}},{"type":"Feature","geometry":{"type":"Point","coordinates":[-70.62822691467262,-33.45855747132672]},"properties":{"TIPO":"AVISO","CODIGO":"DF202671761894","COD_AVISO":1024678109,"DIRECCION":"VICUNA MACKENNA 1420 ","FALLA":"Telefono de contacto 942019845","DESC_EVENTO":"prueba","COD_EVENTO":"DF202671761894","FECHA_REPOSICION":"27-07-2026 17:35","FECHA_INI":"27-07-2026 12:35","id_alim":1217,"numero_cliente":716631,"ID_AVISO":"500ck000015qmOeAAI"}},{"type":"Feature","geometry":{"type":"Point","coordinates":[-70.72000092914314,-33.24262864936479]},"properties":{"TIPO":"AVISO","CODIGO":"DF202671761759","COD_AVISO":1024609303,"DIRECCION":"CAM LIRAY STA MARIA L/2  S/17 ","FALLA":"Telefono de contacto 939347522","DESC_EVENTO":"prueba","COD_EVENTO":"DF202671761759","FECHA_REPOSICION":"27-07-2026 16:11","FECHA_INI":"27-07-2026 11:11","id_alim":2527,"numero_cliente":1472439,"ID_AVISO":"500ck000015pp8gAAA"}},{"type":"Feature","geometry":{"type":"Point","coordinates":[-70.71185225648382,-33.42915572792982]},"properties":{"TIPO":"AVISO","CODIGO":"DF202671761876","COD_AVISO":1024692664,"DIRECCION":"RIO BAKER 5501 ","FALLA":"CONNID:0ae603b59378d35aNombre:","DESC_EVENTO":"prueba","COD_EVENTO":"DF202671761876","FECHA_REPOSICION":"27-07-2026 17:24","FECHA_INI":"27-07-2026 12:24","id_alim":2041,"numero_cliente":327648,"ID_AVISO":"500ck000015qsx9AAA"}},{"type":"Feature","geometry":{"type":"Point","coordinates":[-70.63034492823326,-33.45580133750809]},"properties":{"TIPO":"AVISO","CODIGO":"DF202671761955","COD_AVISO":1024689587,"DIRECCION":"SANTA ELVIRA 97 DEPTO 1204 ","FALLA":"Nombre: Alejandra  Rut: 152956","DESC_EVENTO":"prueba","COD_EVENTO":"DF202671761955","FECHA_REPOSICION":"27-07-2026 18:12","FECHA_INI":"27-07-2026 13:12","id_alim":1945,"numero_cliente":3641019,"ID_AVISO":"500ck000015qjZ3AAI"}},{"type":"Feature","geometry":{"type":"Point","coordinates":[-70.57952089773012,-33.52208042683968]},"properties":{"TIPO":"AVISO","CODIGO":"DF202671761768","COD_AVISO":1024613428,"DIRECCION":"LOS VALLES 1593 ","FALLA":"--","DESC_EVENTO":"prueba","COD_EVENTO":"DF202671761768","FECHA_REPOSICION":"27-07-2026 16:16","FECHA_INI":"27-07-2026 11:16","id_alim":2442,"numero_cliente":1169409,"ID_AVISO":"500ck000015q7obAAA"}},{"type":"Feature","geometry":{"type":"Point","coordinates":[-70.57074079100725,-33.477977959477386]},"properties":{"TIPO":"AVISO","CODIGO":"DF202671761934","COD_AVISO":1024699779,"DIRECCION":"BOLIVAR 6332 ","FALLA":"hace un par de días salió humo","DESC_EVENTO":"prueba","COD_EVENTO":"DF202671761934","FECHA_REPOSICION":"27-07-2026 18:02","FECHA_INI":"27-07-2026 13:02","id_alim":911,"numero_cliente":1220765,"ID_AVISO":"500ck000015qbOwAAI"}},{"type":"Feature","geometry":{"type":"Point","coordinates":[-70.47977516685694,-33.35911423613144]},"properties":{"TIPO":"AVISO","CODIGO":"DF202671761601","COD_AVISO":1024537589,"DIRECCION":"C EL CAJON P 30 17200 ","FALLA":"TEN Actualizado a 27/07/2026 1","DESC_EVENTO":"prueba","COD_EVENTO":"DF202671761601","FECHA_REPOSICION":"27-07-2026 17:53","FECHA_INI":"27-07-2026 09:53","id_alim":1021,"numero_cliente":756175,"ID_AVISO":"500ck000015ohlbAAA"}},{"type":"Feature","geometry":{"type":"Point","coordinates":[-70.84854855756618,-33.304370795452606]},"properties":{"TIPO":"AVISO","CODIGO":"DF202671761862","COD_AVISO":1024659919,"DIRECCION":"CAMINO A LAMPA G 16 PARC 103","FALLA":"NO GEOREFERENCIADOEBENEZER SN ","DESC_EVENTO":"prueba","COD_EVENTO":"DF202671761862","FECHA_REPOSICION":"27-07-2026 17:13","FECHA_INI":"27-07-2026 12:13","id_alim":2833,"numero_cliente":3537606,"ID_AVISO":"500ck000015qYdVAAU"}},{"type":"Feature","geometry":{"type":"Point","coordinates":[-70.52401556883268,-33.48139676709459]},"properties":{"TIPO":"AVISO","CODIGO":"DF202671761870","COD_AVISO":1024667088,"DIRECCION":"ALVARO CASANOVA 2500 ","FALLA":"Telefono de contacto 987084387","DESC_EVENTO":"prueba","COD_EVENTO":"DF202671761870","FECHA_REPOSICION":"27-07-2026 17:21","FECHA_INI":"27-07-2026 12:21","id_alim":932,"numero_cliente":2525861,"ID_AVISO":"500ck000015pfoTAAQ"}},{"type":"Feature","geometry":{"type":"Point","coordinates":[-70.68134903167845,-33.39833542951725]},"properties":{"TIPO":"AVISO","CODIGO":"DF202671761981","COD_AVISO":1024730194,"DIRECCION":"MONTERREY 2801 ED 18 DP 1831  ","FALLA":"Telefono de contacto 949591444","DESC_EVENTO":"prueba","COD_EVENTO":"DF202671761981","FECHA_REPOSICION":"27-07-2026 18:40","FECHA_INI":"27-07-2026 13:40","id_alim":126,"numero_cliente":2939219,"ID_AVISO":"500ck000015rhmqAAA"}},{"type":"Feature","geometry":{"type":"Point","coordinates":[-70.68425421269508,-33.5018611795608]},"properties":{"TIPO":"AVISO","CODIGO":"DF202671761295","COD_AVISO":1024370167,"DIRECCION":"MAIPU 6332 ","FALLA":"CLIENTE CON SUMINISTRO INTERMI","DESC_EVENTO":"prueba","COD_EVENTO":"DF202671761295","FECHA_REPOSICION":"27-07-2026 15:15","FECHA_INI":"26-07-2026 22:15","id_alim":1215,"numero_cliente":149745,"ID_AVISO":"500ck000015lnVaAAI"}},{"type":"Feature","geometry":{"type":"Point","coordinates":[-70.66517304145849,-33.44259657518153]},"properties":{"TIPO":"AVISO","CODIGO":"DF202671761477","COD_AVISO":1024611161,"DIRECCION":"BRASIL 3 ","FALLA":"TEN Actualizado a 27/07/2026 1","DESC_EVENTO":"prueba","COD_EVENTO":"DF202671761477","FECHA_REPOSICION":"27-07-2026 19:43","FECHA_INI":"27-07-2026 08:53","id_alim":3113,"numero_cliente":185859,"ID_AVISO":"500ck000015q1TLAAY"}},{"type":"Feature","geometry":{"type":"Point","coordinates":[-70.66517304145849,-33.44259657518153]},"properties":{"TIPO":"AVISO","CODIGO":"DF202671761477","COD_AVISO":1024483541,"DIRECCION":"BRASIL 3 ","FALLA":"TEN Actualizado a 27/07/2026 1","DESC_EVENTO":"prueba","COD_EVENTO":"DF202671761477","FECHA_REPOSICION":"27-07-2026 19:43","FECHA_INI":"27-07-2026 08:53","id_alim":3113,"numero_cliente":185815,"ID_AVISO":"500ck000015ozhgAAA"}},{"type":"Feature","geometry":{"type":"Point","coordinates":[-70.76005744376445,-33.43325272464905]},"properties":{"TIPO":"AVISO","CODIGO":"DF202671761532","COD_AVISO":1024512059,"DIRECCION":"TIERRA SEPARADA 1185 C/ A ","FALLA":"TEN Actualizado a 27/07/2026 1","DESC_EVENTO":"prueba","COD_EVENTO":"DF202671761532","FECHA_REPOSICION":"27-07-2026 17:25","FECHA_INI":"27-07-2026 09:25","id_alim":442,"numero_cliente":3400280,"ID_AVISO":"500ck000015pLALAA2"}},{"type":"Feature","geometry":{"type":"Point","coordinates":[-70.66899800396376,-33.422614064117546]},"properties":{"TIPO":"AVISO","CODIGO":"DF202671761396","COD_AVISO":1024544852,"DIRECCION":"5 NORTE 752 ","FALLA":"TEN Actualizado a 27/07/2026 1","DESC_EVENTO":"prueba","COD_EVENTO":"DF202671761396","FECHA_REPOSICION":"27-07-2026 17:01","FECHA_INI":"27-07-2026 06:40","id_alim":113,"numero_cliente":35036,"ID_AVISO":"500ck000015pZ27AAE"}},{"type":"Feature","geometry":{"type":"Point","coordinates":[-70.57546381394178,-33.50758918649338]},"properties":{"TIPO":"AVISO","CODIGO":"DF202671761719","COD_AVISO":1024593331,"DIRECCION":"LOS FERIANOS 5625 ","FALLA":"Telefono de contacto 978278201","DESC_EVENTO":"prueba","COD_EVENTO":"DF202671761719","FECHA_REPOSICION":"27-07-2026 15:52","FECHA_INI":"27-07-2026 10:52","id_alim":2421,"numero_cliente":652727,"ID_AVISO":"500ck000015qFdtAAE"}},{"type":"Feature","geometry":{"type":"Point","coordinates":[-70.63537387903538,-33.405183146710066]},"properties":{"TIPO":"AVISO","CODIGO":"DF202671761884","COD_AVISO":1024670733,"DIRECCION":"MAIPO 212 B ","FALLA":"0ae603b59378d091nombre: armand","DESC_EVENTO":"prueba","COD_EVENTO":"DF202671761884","FECHA_REPOSICION":"27-07-2026 17:28","FECHA_INI":"27-07-2026 12:28","id_alim":2332,"numero_cliente":886767,"ID_AVISO":"500ck000015qVEWAA2"}},{"type":"Feature","geometry":{"type":"Point","coordinates":[-70.6137348227394,-33.44544246654736]},"properties":{"TIPO":"AVISO","CODIGO":"DF202671729239","COD_AVISO":1024598396,"DIRECCION":"","FALLA":"DAVID BELMAR 985015733 DE 10:0","DESC_EVENTO":"prueba","COD_EVENTO":"DF202671729239","FECHA_REPOSICION":"27-07-2026 18:00","FECHA_INI":"27-07-2026 10:00","id_alim":1835,"numero_cliente":295674,"ID_AVISO":"500ck000015pJkVAAU"}},{"type":"Feature","geometry":{"type":"Point","coordinates":[-70.66329598020438,-33.37640569945729]},"properties":{"TIPO":"AVISO","CODIGO":"DF202671761831","COD_AVISO":1024644265,"DIRECCION":"ELISA UNDURRAGA 1345 ","FALLA":"NOMBRE: Pedro de la Municipali","DESC_EVENTO":"prueba","COD_EVENTO":"DF202671761831","FECHA_REPOSICION":"27-07-2026 16:53","FECHA_INI":"27-07-2026 11:53","id_alim":2343,"numero_cliente":82487,"ID_AVISO":"500ck000015qdd4AAA"}},{"type":"Feature","geometry":{"type":"Point","coordinates":[-70.79173177509523,-33.51872227836253]},"properties":{"TIPO":"AVISO","CODIGO":"DF202671761856","COD_AVISO":1024721136,"DIRECCION":"CABO VIRGENES 872 ","FALLA":"ARRIBAR ANTES DE LAS 15:15Nomb","DESC_EVENTO":"prueba","COD_EVENTO":"DF202671761856","FECHA_REPOSICION":"27-07-2026 17:09","FECHA_INI":"27-07-2026 12:09","id_alim":2733,"numero_cliente":1397773,"ID_AVISO":"500ck000015rtXdAAI"}},{"type":"Feature","geometry":{"type":"Point","coordinates":[-70.69677713006698,-33.41964573918742]},"properties":{"TIPO":"AVISO","CODIGO":"DF202671761431","COD_AVISO":1024450682,"DIRECCION":"ELOY ROSALES 4581 ","FALLA":"992390716 clienta reporta un c","DESC_EVENTO":"prueba","COD_EVENTO":"DF202671761431","FECHA_REPOSICION":"27-07-2026 16:09","FECHA_INI":"27-07-2026 08:09","id_alim":322,"numero_cliente":726700,"ID_AVISO":"500ck000015nj2qAAA"}},{"type":"Feature","geometry":{"type":"Point","coordinates":[-70.67249498847754,-33.39224430274495]},"properties":{"TIPO":"AVISO","CODIGO":"DF202671761913","COD_AVISO":1024685938,"DIRECCION":"AVIADOR ACEVEDO 1921 ","FALLA":"CONNID:  0ae603b59378e4f9NOMBR","DESC_EVENTO":"prueba","COD_EVENTO":"DF202671761913","FECHA_REPOSICION":"27-07-2026 17:46","FECHA_INI":"27-07-2026 12:46","id_alim":127,"numero_cliente":1396335,"ID_AVISO":"500ck000015qA8lAAE"}},{"type":"Feature","geometry":{"type":"Point","coordinates":[-70.75380641770441,-33.42555491157659]},"properties":{"TIPO":"AVISO","CODIGO":"DF202671761229","COD_AVISO":1024355519,"DIRECCION":"J J PEREZ 8843 ","FALLA":"TEN Actualizado a 27/07/2026 1","DESC_EVENTO":"prueba","COD_EVENTO":"DF202671761229","FECHA_REPOSICION":"27-07-2026 16:45","FECHA_INI":"26-07-2026 20:45","id_alim":442,"numero_cliente":935206,"ID_AVISO":"500ck000015lUqoAAE"}},{"type":"Feature","geometry":{"type":"Point","coordinates":[-70.6523250483656,-33.43657585449904]},"properties":{"TIPO":"AVISO","CODIGO":"DF202671761821","COD_AVISO":1024639866,"DIRECCION":"COMPANIA DE JESUS 1068 DP 309 ","FALLA":"--","DESC_EVENTO":"prueba","COD_EVENTO":"DF202671761821","FECHA_REPOSICION":"27-07-2026 16:47","FECHA_INI":"27-07-2026 11:47","id_alim":3122,"numero_cliente":139411,"ID_AVISO":"500ck000015qInGAAU"}},{"type":"Feature","geometry":{"type":"Point","coordinates":[-70.72410212204996,-33.360315461200116]},"properties":{"TIPO":"AVISO","CODIGO":"DF202671761448","COD_AVISO":1024460190,"DIRECCION":"DE LA MEDIALUNA 0155  ","FALLA":"TEN Actualizado a 27/07/2026 1","DESC_EVENTO":"prueba","COD_EVENTO":"DF202671761448","FECHA_REPOSICION":"27-07-2026 16:22","FECHA_INI":"27-07-2026 08:22","id_alim":1411,"numero_cliente":1440287,"ID_AVISO":"500ck000015oVbZAAU"}},{"type":"Feature","geometry":{"type":"Point","coordinates":[-70.63067290969381,-33.43199469561034]},"properties":{"TIPO":"AVISO","CODIGO":"DF202671761850","COD_AVISO":1024655169,"DIRECCION":"SANTA MARIA 316 608 ","FALLA":"nombre: juanderrementeriarut: ","DESC_EVENTO":"prueba","COD_EVENTO":"DF202671761850","FECHA_REPOSICION":"27-07-2026 17:08","FECHA_INI":"27-07-2026 12:08","id_alim":1752,"numero_cliente":364996,"ID_AVISO":"500ck000015qfgYAAQ"}},{"type":"Feature","geometry":{"type":"Point","coordinates":[-70.73938230961048,-33.423302773754834]},"properties":{"TIPO":"AVISO","CODIGO":"DF202671761404","COD_AVISO":1024421199,"DIRECCION":"HUELEN 1511 D 304 ","FALLA":"TEN Actualizado a 27/07/2026 1","DESC_EVENTO":"prueba","COD_EVENTO":"DF202671761404","FECHA_REPOSICION":"27-07-2026 15:17","FECHA_INI":"27-07-2026 07:17","id_alim":423,"numero_cliente":1468813,"ID_AVISO":"500ck000015o8NDAAY"}},{"type":"Feature","geometry":{"type":"Point","coordinates":[-70.6250980115692,-33.47704836625241]},"properties":{"TIPO":"AVISO","CODIGO":"DF202671761953","COD_AVISO":1024705906,"DIRECCION":"PALESTRINA 2984 ","FALLA":"Telefono de contacto 988105437","DESC_EVENTO":"prueba","COD_EVENTO":"DF202671761953","FECHA_REPOSICION":"27-07-2026 18:10","FECHA_INI":"27-07-2026 13:10","id_alim":1934,"numero_cliente":557407,"ID_AVISO":"500ck000015r06iAAA"}},{"type":"Feature","geometry":{"type":"Point","coordinates":[-70.69037200165509,-33.36200295792819]},"properties":{"TIPO":"AVISO","CODIGO":"DF202671761432","COD_AVISO":1024450892,"DIRECCION":"FRENTE A CAL GENERAL SAN MARTIN 6300 ","FALLA":"TEN Actualizado a 27/07/2026 1","DESC_EVENTO":"prueba","COD_EVENTO":"DF202671761432","FECHA_REPOSICION":"27-07-2026 16:10","FECHA_INI":"27-07-2026 08:10","id_alim":1422,"numero_cliente":3501941,"ID_AVISO":"500ck000015nsnUAAQ"}},{"type":"Feature","geometry":{"type":"Point","coordinates":[-70.64315193908692,-33.44529956655608]},"properties":{"TIPO":"AVISO","CODIGO":"DF202671761406","COD_AVISO":1024421910,"DIRECCION":"SAN ISIDRO 292 DP 2516 ","FALLA":"SAN ISIDRO 292 DP 2516 CLIENTE","DESC_EVENTO":"prueba","COD_EVENTO":"DF202671761406","FECHA_REPOSICION":"27-07-2026 16:21","FECHA_INI":"27-07-2026 07:19","id_alim":640,"numero_cliente":2979491,"ID_AVISO":"500ck000015o2RWAAY"}},{"type":"Feature","geometry":{"type":"Point","coordinates":[-70.70747915127632,-33.400780225269834]},"properties":{"TIPO":"AVISO","CODIGO":"DF202671761436","COD_AVISO":1024452777,"DIRECCION":"ANGAMOS 1416 ","FALLA":"TEN Actualizado a 27/07/2026 1","DESC_EVENTO":"prueba","COD_EVENTO":"DF202671761436","FECHA_REPOSICION":"27-07-2026 16:12","FECHA_INI":"27-07-2026 08:12","id_alim":121,"numero_cliente":1441873,"ID_AVISO":"500ck000015oB5eAAE"}},{"type":"Feature","geometry":{"type":"Point","coordinates":[-70.76155345584152,-33.41820757168472]},"properties":{"TIPO":"AVISO","CODIGO":"DF202671761561","COD_AVISO":1024521710,"DIRECCION":"PJE EL ULMO 8433 ","FALLA":"TEN Actualizado a 27/07/2026 1","DESC_EVENTO":"prueba","COD_EVENTO":"DF202671761561","FECHA_REPOSICION":"27-07-2026 17:36","FECHA_INI":"27-07-2026 09:36","id_alim":421,"numero_cliente":2963981,"ID_AVISO":"500ck000015of5EAAQ"}},{"type":"Feature","geometry":{"type":"Point","coordinates":[-70.69386474131294,-33.24523551918341]},"properties":{"TIPO":"AVISO","CODIGO":"DF202671761153","COD_AVISO":1024341918,"DIRECCION":"PALO ALTO PARCELA 5 J ","FALLA":"TEN Actualizado a 27/07/2026 1","DESC_EVENTO":"prueba","COD_EVENTO":"DF202671761153","FECHA_REPOSICION":"27-07-2026 15:30","FECHA_INI":"26-07-2026 19:30","id_alim":2526,"numero_cliente":2671585,"ID_AVISO":"500ck000015lLVvAAM"}},{"type":"Feature","geometry":{"type":"Point","coordinates":[-70.70981424280541,-33.43203175019569]},"properties":{"TIPO":"AVISO","CODIGO":"DF202671761649","COD_AVISO":1024587070,"DIRECCION":"","FALLA":"TEN Actualizado a 27/07/2026 1","DESC_EVENTO":"prueba","COD_EVENTO":"DF202671761649","FECHA_REPOSICION":"27-07-2026 17:00","FECHA_INI":"27-07-2026 10:11","id_alim":2041,"numero_cliente":587803,"ID_AVISO":"500ck000015oz2UAAQ"}},{"type":"Feature","geometry":{"type":"Point","coordinates":[-70.74707723627105,-33.34654068408081]},"properties":{"TIPO":"AVISO","CODIGO":"DF202671761617","COD_AVISO":1024546749,"DIRECCION":"CARPAY 1005 ","FALLA":"el día de ayer domingo 26 de j","DESC_EVENTO":"prueba","COD_EVENTO":"DF202671761617","FECHA_REPOSICION":"27-07-2026 15:03","FECHA_INI":"27-07-2026 10:03","id_alim":5642,"numero_cliente":2637307,"ID_AVISO":"500ck000015oxzVAAQ"}},{"type":"Feature","geometry":{"type":"Point","coordinates":[-70.70623236246945,-33.51033950689983]},"properties":{"TIPO":"AVISO","CODIGO":"DF202671761947","COD_AVISO":1024701903,"DIRECCION":"OBISPO JAVIER VASQUEZ VALENCIA 3059 ","FALLA":"nombre: maru torresrut: 279853","DESC_EVENTO":"prueba","COD_EVENTO":"DF202671761947","FECHA_REPOSICION":"27-07-2026 18:06","FECHA_INI":"27-07-2026 13:06","id_alim":1121,"numero_cliente":2961542,"ID_AVISO":"500ck000015qzsCAAQ"}},{"type":"Feature","geometry":{"type":"Point","coordinates":[-70.57910593678173,-33.520737780636686]},"properties":{"TIPO":"AVISO","CODIGO":"DF202671761659","COD_AVISO":1024565394,"DIRECCION":"FRENTE A AVENIDA WALKER MARTINEZ 1767 ","FALLA":"nombre ercos valdivieso cuenta","DESC_EVENTO":"prueba","COD_EVENTO":"DF202671761659","FECHA_REPOSICION":"27-07-2026 15:23","FECHA_INI":"27-07-2026 10:23","id_alim":2442,"numero_cliente":1468025,"ID_AVISO":"500ck000015pyRqAAI"}},{"type":"Feature","geometry":{"type":"Point","coordinates":[-70.64893264495133,-33.27870505634617]},"properties":{"TIPO":"AVISO","CODIGO":"DF202671761467","COD_AVISO":1024477675,"DIRECCION":"RUTA NTE RADIAL NOR OTE NAVE F B/ 85","FALLA":"TEN Actualizado a 27/07/2026 1","DESC_EVENTO":"prueba","COD_EVENTO":"DF202671761467","FECHA_REPOSICION":"27-07-2026 16:45","FECHA_INI":"27-07-2026 08:45","id_alim":3512,"numero_cliente":3531351,"ID_AVISO":"500ck000015obkSAAQ"}},{"type":"Feature","geometry":{"type":"Point","coordinates":[-70.72900325091479,-33.42705086920187]},"properties":{"TIPO":"AVISO","CODIGO":"DF202671761469","COD_AVISO":1024478671,"DIRECCION":"ANTONIO ACEVEDO H 1396 ","FALLA":"TEN Actualizado a 27/07/2026 1","DESC_EVENTO":"prueba","COD_EVENTO":"DF202671761469","FECHA_REPOSICION":"27-07-2026 16:47","FECHA_INI":"27-07-2026 08:47","id_alim":2031,"numero_cliente":57855,"ID_AVISO":"500ck000015osMqAAI"}},{"type":"Feature","geometry":{"type":"Point","coordinates":[-70.64340203244353,-33.47669028496687]},"properties":{"TIPO":"AVISO","CODIGO":"DF202671761954","COD_AVISO":1024706668,"DIRECCION":"RIVAS 788 ","FALLA":"Telefono de contacto 957836490","DESC_EVENTO":"prueba","COD_EVENTO":"DF202671761954","FECHA_REPOSICION":"27-07-2026 18:11","FECHA_INI":"27-07-2026 13:11","id_alim":1932,"numero_cliente":111979,"ID_AVISO":"500ck000015rM8nAAE"}},{"type":"Feature","geometry":{"type":"Point","coordinates":[-70.60801681580755,-33.450117440514575]},"properties":{"TIPO":"AVISO","CODIGO":"DF202671761927","COD_AVISO":1024695758,"DIRECCION":"MANAGUA 2209 ","FALLA":"Telefono de contacto 962189808","DESC_EVENTO":"prueba","COD_EVENTO":"DF202671761927","FECHA_REPOSICION":"27-07-2026 17:57","FECHA_INI":"27-07-2026 12:57","id_alim":1846,"numero_cliente":558246,"ID_AVISO":"500ck000015qcmJAAQ"}},{"type":"Feature","geometry":{"type":"Point","coordinates":[-70.65423209821698,-33.48907335319834]},"properties":{"TIPO":"AVISO","CODIGO":"DF202671761599","COD_AVISO":1024535838,"DIRECCION":"BARTOLO SOTO 4055 DP 509 ","FALLA":"TEN Actualizado a 27/07/2026 1","DESC_EVENTO":"prueba","COD_EVENTO":"DF202671761599","FECHA_REPOSICION":"27-07-2026 17:52","FECHA_INI":"27-07-2026 09:52","id_alim":1213,"numero_cliente":3311287,"ID_AVISO":"500ck000015pQJrAAM"}},{"type":"Feature","geometry":{"type":"Point","coordinates":[-70.59061682776854,-33.44685059243987]},"properties":{"TIPO":"AVISO","CODIGO":"DF202671761912","COD_AVISO":1024686186,"DIRECCION":"PDTE J BATTLE 3736                            ","FALLA":"Cliente Ana Perez Fono: 992772","DESC_EVENTO":"prueba","COD_EVENTO":"DF202671761912","FECHA_REPOSICION":"27-07-2026 17:46","FECHA_INI":"27-07-2026 12:46","id_alim":922,"numero_cliente":473256,"ID_AVISO":"500ck000015qRCiAAM"}},{"type":"Feature","geometry":{"type":"Point","coordinates":[-70.75724930385071,-33.3624400711403]},"properties":{"TIPO":"AVISO","CODIGO":"DF202671761748","COD_AVISO":1024605853,"DIRECCION":"LAS VIOLETAS 773 ","FALLA":"--","DESC_EVENTO":"prueba","COD_EVENTO":"DF202671761748","FECHA_REPOSICION":"27-07-2026 16:07","FECHA_INI":"27-07-2026 11:07","id_alim":2844,"numero_cliente":1606476,"ID_AVISO":"500ck000015pFAXAA2"}},{"type":"Feature","geometry":{"type":"Point","coordinates":[-70.67129107472573,-33.43151126925075]},"properties":{"TIPO":"AVISO","CODIGO":"DF202671761844","COD_AVISO":1024652543,"DIRECCION":"GENERAL BULNES 930 ","FALLA":"Telefono de contacto 995781214","DESC_EVENTO":"prueba","COD_EVENTO":"DF202671761844","FECHA_REPOSICION":"27-07-2026 17:03","FECHA_INI":"27-07-2026 12:03","id_alim":323,"numero_cliente":674599,"ID_AVISO":"500ck000015qb5GAAQ"}},{"type":"Feature","geometry":{"type":"Point","coordinates":[-70.72702209182705,-33.32294782260163]},"properties":{"TIPO":"AVISO","CODIGO":"DF202671761695","COD_AVISO":1024580443,"DIRECCION":"JUAN DE LA FUENTE LOTEO NORTE BUENO 901 B 1 ","FALLA":"Telefono de contacto 999397170","DESC_EVENTO":"prueba","COD_EVENTO":"DF202671761695","FECHA_REPOSICION":"27-07-2026 15:38","FECHA_INI":"27-07-2026 10:38","id_alim":3232,"numero_cliente":2579151,"ID_AVISO":"500ck000015pZVWAA2"}},{"type":"Feature","geometry":{"type":"Point","coordinates":[-70.70777215239123,-33.40681621705659]},"properties":{"TIPO":"AVISO","CODIGO":"DF202671761731","COD_AVISO":1024599146,"DIRECCION":"LO ESPINOZA 3064 ","FALLA":"CONID: 0ae603b59378ab3aNombre:","DESC_EVENTO":"prueba","COD_EVENTO":"DF202671761731","FECHA_REPOSICION":"27-07-2026 16:00","FECHA_INI":"27-07-2026 11:00","id_alim":112,"numero_cliente":634505,"ID_AVISO":"500ck000015prFKAAY"}},{"type":"Feature","geometry":{"type":"Point","coordinates":[-70.69221529274232,-33.51464711623764]},"properties":{"TIPO":"AVISO","CODIGO":"DF202671761816","COD_AVISO":1024639419,"DIRECCION":"FRENTE A CALLE GUADALUPE 6779 ","FALLA":"--","DESC_EVENTO":"prueba","COD_EVENTO":"DF202671761816","FECHA_REPOSICION":"27-07-2026 16:46","FECHA_INI":"27-07-2026 11:46","id_alim":535,"numero_cliente":1015472,"ID_AVISO":"500ck000015qYiHAAU"}},{"type":"Feature","geometry":{"type":"Point","coordinates":[-70.75326424278188,-33.35408596813886]},"properties":{"TIPO":"AVISO","CODIGO":"DF202671761696","COD_AVISO":1024579263,"DIRECCION":"PUERTO PORVENIR 0528  ","FALLA":"EMERGENCIA/QUILICURA¿¿¿¿¿¿¿Nom","DESC_EVENTO":"prueba","COD_EVENTO":"DF202671761696","FECHA_REPOSICION":"27-07-2026 15:38","FECHA_INI":"27-07-2026 10:38","id_alim":2833,"numero_cliente":1611776,"ID_AVISO":"500ck000015pqpfAAA"}},{"type":"Feature","geometry":{"type":"Point","coordinates":[-70.67138200904174,-33.415055068045895]},"properties":{"TIPO":"AVISO","CODIGO":"DF202671761901","COD_AVISO":1024683033,"DIRECCION":"ENRIQUE SORO 1102 ","FALLA":"cliente Víctor Díaz indica que","DESC_EVENTO":"prueba","COD_EVENTO":"DF202671761901","FECHA_REPOSICION":"27-07-2026 17:42","FECHA_INI":"27-07-2026 12:42","id_alim":114,"numero_cliente":483650,"ID_AVISO":"500ck000015qfNGAAY"}},{"type":"Feature","geometry":{"type":"Point","coordinates":[-70.67939407927813,-33.43287427142558]},"properties":{"TIPO":"AVISO","CODIGO":"DF202671761767","COD_AVISO":1024612887,"DIRECCION":"CHACABUCO 860 LOC/ 1 ","FALLA":"null Comuna: SANTIAGO","DESC_EVENTO":"prueba","COD_EVENTO":"DF202671761767","FECHA_REPOSICION":"27-07-2026 16:15","FECHA_INI":"27-07-2026 11:15","id_alim":323,"numero_cliente":3715865,"ID_AVISO":"500ck000015phxiAAA"}},{"type":"Feature","geometry":{"type":"Point","coordinates":[-70.61024378207114,-33.421390580338326]},"properties":{"TIPO":"AVISO","CODIGO":"DF202671761881","COD_AVISO":1024671445,"DIRECCION":"GUARDIA VIEJA 128 OF 1106  ","FALLA":"null Comuna: PROVIDENCIA","DESC_EVENTO":"prueba","COD_EVENTO":"DF202671761881","FECHA_REPOSICION":"27-07-2026 17:27","FECHA_INI":"27-07-2026 12:27","id_alim":2111,"numero_cliente":838932,"ID_AVISO":"500ck000015qXLLAA2"}},{"type":"Feature","geometry":{"type":"Point","coordinates":[-70.75072332887038,-33.393955957562795]},"properties":{"TIPO":"AVISO","CODIGO":"DF202671761565","COD_AVISO":1024523018,"DIRECCION":"LOS ALERCES 147 C/ B ","FALLA":"TEN Actualizado a 27/07/2026 1","DESC_EVENTO":"prueba","COD_EVENTO":"DF202671761565","FECHA_REPOSICION":"27-07-2026 17:39","FECHA_INI":"27-07-2026 09:39","id_alim":411,"numero_cliente":2919305,"ID_AVISO":"500ck000015od8CAAQ"}},{"type":"Feature","geometry":{"type":"Point","coordinates":[-70.5910477625227,-33.410928474181866]},"properties":{"TIPO":"AVISO","CODIGO":"DF202671761812","COD_AVISO":1024635697,"DIRECCION":"SAN FRANCISCO DE ASIS 205 DP 409 ","FALLA":"Telefono de contacto 987268328","DESC_EVENTO":"prueba","COD_EVENTO":"DF202671761812","FECHA_REPOSICION":"27-07-2026 16:42","FECHA_INI":"27-07-2026 11:42","id_alim":1538,"numero_cliente":2571616,"ID_AVISO":"500ck000015pSLpAAM"}},{"type":"Feature","geometry":{"type":"Point","coordinates":[-70.75964141276562,-33.40105349306442]},"properties":{"TIPO":"AVISO","CODIGO":"DF202671761612","COD_AVISO":1024544035,"DIRECCION":"CARLOTA GUZMAN 1338 BL/ BODEGAS 3 ","FALLA":"Telefono de contacto 995862245","DESC_EVENTO":"prueba","COD_EVENTO":"DF202671761612","FECHA_REPOSICION":"27-07-2026 15:00","FECHA_INI":"27-07-2026 10:00","id_alim":2839,"numero_cliente":3733801,"ID_AVISO":"500ck000015pRzBAAU"}},{"type":"Feature","geometry":{"type":"Point","coordinates":[-70.72363743395533,-33.50482938314371]},"properties":{"TIPO":"AVISO","CODIGO":"DF202671761977","COD_AVISO":1024726057,"DIRECCION":"EL AREQUIPAS 754 ","FALLA":"ConnID: 0ae603b59378fd94Nombre","DESC_EVENTO":"prueba","COD_EVENTO":"DF202671761977","FECHA_REPOSICION":"27-07-2026 18:35","FECHA_INI":"27-07-2026 13:35","id_alim":1123,"numero_cliente":413077,"ID_AVISO":"500ck000015s77ZAAQ"}},{"type":"Feature","geometry":{"type":"Point","coordinates":[-70.69698221489145,-33.46536144527851]},"properties":{"TIPO":"AVISO","CODIGO":"DF202671761972","COD_AVISO":1024723717,"DIRECCION":"8 DE ENERO 4545 ","FALLA":"--","DESC_EVENTO":"prueba","COD_EVENTO":"DF202671761972","FECHA_REPOSICION":"27-07-2026 18:32","FECHA_INI":"27-07-2026 13:32","id_alim":2224,"numero_cliente":186699,"ID_AVISO":"500ck000015qWHRAA2"}},{"type":"Feature","geometry":{"type":"Point","coordinates":[-70.7307543028221,-33.40690195897556]},"properties":{"TIPO":"AVISO","CODIGO":"DF202671761680","COD_AVISO":1024573066,"DIRECCION":"CRUZ GRANDE 1170 ","FALLA":"Connid: 0ae603b593789ec9Nombre","DESC_EVENTO":"prueba","COD_EVENTO":"DF202671761680","FECHA_REPOSICION":"27-07-2026 15:32","FECHA_INI":"27-07-2026 10:32","id_alim":413,"numero_cliente":266747,"ID_AVISO":"500ck000015q1UXAAY"}},{"type":"Feature","geometry":{"type":"Point","coordinates":[-70.7573895430233,-33.50341790945794]},"properties":{"TIPO":"AVISO","CODIGO":"DF202671736008","COD_AVISO":1024596659,"DIRECCION":"","FALLA":"PEDRO NAVARRETE LLAMARÀ CON TI","DESC_EVENTO":"prueba","COD_EVENTO":"DF202671736008","FECHA_REPOSICION":"27-07-2026 16:00","FECHA_INI":"27-07-2026 10:00","id_alim":2721,"numero_cliente":52415,"ID_AVISO":"500ck000015q6pDAAQ"}},{"type":"Feature","geometry":{"type":"Point","coordinates":[-70.71589946884932,-33.51900609918586]},"properties":{"TIPO":"AVISO","CODIGO":"DF202671761465","COD_AVISO":1024470614,"DIRECCION":"AEROPUERTO 9431 ","FALLA":"TEN Actualizado a 27/07/2026 1","DESC_EVENTO":"prueba","COD_EVENTO":"DF202671761465","FECHA_REPOSICION":"27-07-2026 15:37","FECHA_INI":"27-07-2026 08:37","id_alim":3413,"numero_cliente":1454506,"ID_AVISO":"500ck000015oLkWAAU"}},{"type":"Feature","geometry":{"type":"Point","coordinates":[-70.78837772068856,-33.520621590507666]},"properties":{"TIPO":"AVISO","CODIGO":"DF202671761348","COD_AVISO":1024374158,"DIRECCION":"DIEGO BARROS ORTIZ S/N ","FALLA":"TEN Actualizado a 27/07/2026 1","DESC_EVENTO":"prueba","COD_EVENTO":"DF202671761348","FECHA_REPOSICION":"27-07-2026 15:50","FECHA_INI":"26-07-2026 22:50","id_alim":3315,"numero_cliente":2958408,"ID_AVISO":"500ck000015ls0JAAQ"}},{"type":"Feature","geometry":{"type":"Point","coordinates":[-70.66517304145849,-33.44259657518153]},"properties":{"TIPO":"AVISO","CODIGO":"DF202671761477","COD_AVISO":1024495718,"DIRECCION":"BRASIL 3 ","FALLA":"TEN Actualizado a 27/07/2026 1","DESC_EVENTO":"prueba","COD_EVENTO":"DF202671761477","FECHA_REPOSICION":"27-07-2026 19:43","FECHA_INI":"27-07-2026 08:53","id_alim":3113,"numero_cliente":95508,"ID_AVISO":"500ck000015pBu8AAE"}},{"type":"Feature","geometry":{"type":"Point","coordinates":[-70.66517304145849,-33.44259657518153]},"properties":{"TIPO":"AVISO","CODIGO":"DF202671761477","COD_AVISO":1024559764,"DIRECCION":"BRASIL 3 ","FALLA":"TEN Actualizado a 27/07/2026 1","DESC_EVENTO":"prueba","COD_EVENTO":"DF202671761477","FECHA_REPOSICION":"27-07-2026 19:43","FECHA_INI":"27-07-2026 08:53","id_alim":3113,"numero_cliente":185881,"ID_AVISO":"500ck000015owGCAAY"}},{"type":"Feature","geometry":{"type":"Point","coordinates":[-70.6814499813311,-33.390025679030835]},"properties":{"TIPO":"AVISO","CODIGO":"DF202671761120","COD_AVISO":1024335027,"DIRECCION":"VENTURA LAUREAD 2439 ","FALLA":"TEN Actualizado a 27/07/2026 1","DESC_EVENTO":"prueba","COD_EVENTO":"DF202671761120","FECHA_REPOSICION":"27-07-2026 17:52","FECHA_INI":"26-07-2026 18:52","id_alim":127,"numero_cliente":261932,"ID_AVISO":"500ck000015lPcqAAE"}},{"type":"Feature","geometry":{"type":"Point","coordinates":[-70.66899800396376,-33.422614064117546]},"properties":{"TIPO":"AVISO","CODIGO":"DF202671761396","COD_AVISO":1024540286,"DIRECCION":"5 NORTE 752 ","FALLA":"TEN Actualizado a 27/07/2026 1","DESC_EVENTO":"prueba","COD_EVENTO":"DF202671761396","FECHA_REPOSICION":"27-07-2026 17:01","FECHA_INI":"27-07-2026 06:40","id_alim":113,"numero_cliente":35033,"ID_AVISO":"500ck000015pXRjAAM"}},{"type":"Feature","geometry":{"type":"Point","coordinates":[-70.66899800396376,-33.422614064117546]},"properties":{"TIPO":"AVISO","CODIGO":"DF202671761396","COD_AVISO":1024607950,"DIRECCION":"5 NORTE 752 ","FALLA":"TEN Actualizado a 27/07/2026 1","DESC_EVENTO":"prueba","COD_EVENTO":"DF202671761396","FECHA_REPOSICION":"27-07-2026 17:01","FECHA_INI":"27-07-2026 06:40","id_alim":113,"numero_cliente":887873,"ID_AVISO":"500ck000015pcNGAAY"}},{"type":"Feature","geometry":{"type":"Point","coordinates":[-70.29314543846917,-33.34650963147338]},"properties":{"TIPO":"AVISO","CODIGO":"DF202671761206","COD_AVISO":1024363122,"DIRECCION":"EDIFICIO MORROS BAYOS  ","FALLA":"TEN Actualizado a 27/07/2026 1","DESC_EVENTO":"prueba","COD_EVENTO":"DF202671761206","FECHA_REPOSICION":"27-07-2026 16:28","FECHA_INI":"26-07-2026 20:28","id_alim":1024,"numero_cliente":8029644,"ID_AVISO":"500ck000015lqmSAAQ"}},{"type":"Feature","geometry":{"type":"Point","coordinates":[-70.29314543846917,-33.34650963147338]},"properties":{"TIPO":"AVISO","CODIGO":"DF202671761206","COD_AVISO":1024493014,"DIRECCION":"EDIFICIO MORROS BAYOS  ","FALLA":"TEN Actualizado a 27/07/2026 1","DESC_EVENTO":"prueba","COD_EVENTO":"DF202671761206","FECHA_REPOSICION":"27-07-2026 16:28","FECHA_INI":"26-07-2026 20:28","id_alim":1024,"numero_cliente":5201103,"ID_AVISO":"500ck000015ozmbAAA"}},{"type":"Feature","geometry":{"type":"Point","coordinates":[-70.58877968645615,-33.427918421689796]},"properties":{"TIPO":"AVISO","CODIGO":"DF202671761687","COD_AVISO":1024573274,"DIRECCION":"LOS PENSAMIENTOS 1766 ","FALLA":"NOMBRE:OLGA ELIANA GALARCE STO","DESC_EVENTO":"prueba","COD_EVENTO":"DF202671761687","FECHA_REPOSICION":"27-07-2026 15:35","FECHA_INI":"27-07-2026 10:35","id_alim":2922,"numero_cliente":793597,"ID_AVISO":"500ck000015pnGJAAY"}},{"type":"Feature","geometry":{"type":"Point","coordinates":[-70.64893006828825,-33.45004347404725]},"properties":{"TIPO":"AVISO","CODIGO":"DF202671761817","COD_AVISO":1024639756,"DIRECCION":"ARTURO PRAT 583 T/ B DEPTO 1007 ","FALLA":"Telefono de contacto 992694879","DESC_EVENTO":"prueba","COD_EVENTO":"DF202671761817","FECHA_REPOSICION":"27-07-2026 16:47","FECHA_INI":"27-07-2026 11:47","id_alim":636,"numero_cliente":3669907,"ID_AVISO":"500ck000015phOoAAI"}},{"type":"Feature","geometry":{"type":"Point","coordinates":[-70.7948206672048,-33.508186617030645]},"properties":{"TIPO":"AVISO","CODIGO":"DF202671761847","COD_AVISO":1024700862,"DIRECCION":"HIPOLITO  2190  107","FALLA":"TICKET CON 2 AVISOSARRIBAR ANT","DESC_EVENTO":"prueba","COD_EVENTO":"DF202671761847","FECHA_REPOSICION":"27-07-2026 17:05","FECHA_INI":"27-07-2026 12:05","id_alim":3333,"numero_cliente":1560453,"ID_AVISO":"500ck000015qgxwAAA"}},{"type":"Feature","geometry":{"type":"Point","coordinates":[-70.54091156926431,-33.45110681952523]},"properties":{"TIPO":"AVISO","CODIGO":"DF202671761503","COD_AVISO":1024503562,"DIRECCION":"LOS TEJEDORES 133 ","FALLA":"TEN Actualizado a 27/07/2026 1","DESC_EVENTO":"prueba","COD_EVENTO":"DF202671761503","FECHA_REPOSICION":"27-07-2026 17:16","FECHA_INI":"27-07-2026 09:16","id_alim":2911,"numero_cliente":1204601,"ID_AVISO":"500ck000015pE0nAAE"}},{"type":"Feature","geometry":{"type":"Point","coordinates":[-70.73772217613997,-33.36972208862174]},"properties":{"TIPO":"AVISO","CODIGO":"DF202671761790","COD_AVISO":1024622556,"DIRECCION":"AV.A.VESPUCIO 1389 D                         ","FALLA":"--","DESC_EVENTO":"prueba","COD_EVENTO":"DF202671761790","FECHA_REPOSICION":"27-07-2026 16:26","FECHA_INI":"27-07-2026 11:26","id_alim":1423,"numero_cliente":1595239,"ID_AVISO":"500ck000015q8BIAAY"}},{"type":"Feature","geometry":{"type":"Point","coordinates":[-70.64482263026864,-33.26203573887359]},"properties":{"TIPO":"AVISO","CODIGO":"DF202671761427","COD_AVISO":1024449350,"DIRECCION":"AVDA. QUILAPILUN ALTO S/N LOTE 2 SIT/ B ","FALLA":"TEN Actualizado a 27/07/2026 1","DESC_EVENTO":"prueba","COD_EVENTO":"DF202671761427","FECHA_REPOSICION":"27-07-2026 16:07","FECHA_INI":"27-07-2026 08:07","id_alim":3512,"numero_cliente":3191619,"ID_AVISO":"500ck000015oCMAAA2"}},{"type":"Feature","geometry":{"type":"Point","coordinates":[-70.63843787881873,-33.37557530992839]},"properties":{"TIPO":"AVISO","CODIGO":"DF202671761191","COD_AVISO":1024349821,"DIRECCION":"RECOLETA 5332 ","FALLA":"TEN Actualizado a 27/07/2026 1","DESC_EVENTO":"prueba","COD_EVENTO":"DF202671761191","FECHA_REPOSICION":"27-07-2026 16:15","FECHA_INI":"26-07-2026 20:15","id_alim":2322,"numero_cliente":437667,"ID_AVISO":"500ck000015li5XAAQ"}},{"type":"Feature","geometry":{"type":"Point","coordinates":[-70.6251368703919,-33.42737796610046]},"properties":{"TIPO":"AVISO","CODIGO":"DF202671761853","COD_AVISO":1024655923,"DIRECCION":"BELLAVISTA 360 ALT ","FALLA":"NOMBRE:Raul AcevedoRUT:1590215","DESC_EVENTO":"prueba","COD_EVENTO":"DF202671761853","FECHA_REPOSICION":"27-07-2026 17:08","FECHA_INI":"27-07-2026 12:08","id_alim":1732,"numero_cliente":274007,"ID_AVISO":"500ck000015qjLrAAI"}},{"type":"Feature","geometry":{"type":"Point","coordinates":[-70.68867908377521,-33.406792107714665]},"properties":{"TIPO":"AVISO","CODIGO":"DF202671761863","COD_AVISO":1024660743,"DIRECCION":"LOS AROMOS 3216 C/ C ","FALLA":"NOMBRE: Jonathan RUT : 1460912","DESC_EVENTO":"prueba","COD_EVENTO":"DF202671761863","FECHA_REPOSICION":"27-07-2026 17:13","FECHA_INI":"27-07-2026 12:13","id_alim":121,"numero_cliente":1635203,"ID_AVISO":"500ck000015q9B4AAI"}},{"type":"Feature","geometry":{"type":"Point","coordinates":[-70.69132810687064,-33.409793370129414]},"properties":{"TIPO":"AVISO","CODIGO":"DF202671761343","COD_AVISO":1024373978,"DIRECCION":"JOSE SANTIAGO ALDUNATE 3286 ","FALLA":"TEN Actualizado a 27/07/2026 1","DESC_EVENTO":"prueba","COD_EVENTO":"DF202671761343","FECHA_REPOSICION":"27-07-2026 15:48","FECHA_INI":"26-07-2026 22:48","id_alim":112,"numero_cliente":532224,"ID_AVISO":"500ck000015m0ydAAA"}},{"type":"Feature","geometry":{"type":"Point","coordinates":[-70.710282231755,-33.42559569730079]},"properties":{"TIPO":"AVISO","CODIGO":"DF202671761498","COD_AVISO":1024399212,"DIRECCION":"JUANA QUINEL 1779 ","FALLA":"TEN Actualizado a 27/07/2026 1","DESC_EVENTO":"prueba","COD_EVENTO":"DF202671761498","FECHA_REPOSICION":"27-07-2026 16:50","FECHA_INI":"27-07-2026 05:50","id_alim":445,"numero_cliente":327535,"ID_AVISO":"500ck000015n9JzAAI"}},{"type":"Feature","geometry":{"type":"Point","coordinates":[-70.73225694361375,-33.27098866629152]},"properties":{"TIPO":"AVISO","CODIGO":"DF202671761156","COD_AVISO":1024342386,"DIRECCION":"EL QUILAL P/3 L/36 ","FALLA":"TEN Actualizado a 27/07/2026 1","DESC_EVENTO":"prueba","COD_EVENTO":"DF202671761156","FECHA_REPOSICION":"27-07-2026 15:32","FECHA_INI":"26-07-2026 19:32","id_alim":2511,"numero_cliente":1497332,"ID_AVISO":"500ck000015lZwoAAE"}},{"type":"Feature","geometry":{"type":"Point","coordinates":[-70.79585679590193,-33.52297146144244]},"properties":{"TIPO":"AVISO","CODIGO":"DF202671761434","COD_AVISO":1024451703,"DIRECCION":"ISAAC ASIMOV 286 ","FALLA":"NOMBRE: VICTOR CASTILLO    FON","DESC_EVENTO":"prueba","COD_EVENTO":"DF202671761434","FECHA_REPOSICION":"27-07-2026 16:11","FECHA_INI":"27-07-2026 08:11","id_alim":3333,"numero_cliente":1585744,"ID_AVISO":"500ck000015o4tNAAQ"}},{"type":"Feature","geometry":{"type":"Point","coordinates":[-70.65201895969724,-33.431455618704796]},"properties":{"TIPO":"AVISO","CODIGO":"DF202671761453","COD_AVISO":1024464750,"DIRECCION":"PUENTE 870 ","FALLA":"TEN Actualizado a 27/07/2026 1","DESC_EVENTO":"prueba","COD_EVENTO":"DF202671761453","FECHA_REPOSICION":"27-07-2026 16:28","FECHA_INI":"27-07-2026 08:28","id_alim":3124,"numero_cliente":48123,"ID_AVISO":"500ck000015nyctAAA"}},{"type":"Feature","geometry":{"type":"Point","coordinates":[-70.74643420015255,-33.34621259208649]},"properties":{"TIPO":"AVISO","CODIGO":"DF202671761452","COD_AVISO":1024464325,"DIRECCION":"KILIMANJARO 1011 ","FALLA":"TEN Actualizado a 27/07/2026 1","DESC_EVENTO":"prueba","COD_EVENTO":"DF202671761452","FECHA_REPOSICION":"27-07-2026 16:28","FECHA_INI":"27-07-2026 08:28","id_alim":5642,"numero_cliente":2643722,"ID_AVISO":"500ck000015oFGxAAM"}},{"type":"Feature","geometry":{"type":"Point","coordinates":[-70.7458880717373,-33.283051730288534]},"properties":{"TIPO":"AVISO","CODIGO":"DF202671761511","COD_AVISO":1024505730,"DIRECCION":"LA CORDILLERA 1111 C/ E ","FALLA":"TEN Actualizado a 27/07/2026 1","DESC_EVENTO":"prueba","COD_EVENTO":"DF202671761511","FECHA_REPOSICION":"27-07-2026 17:07","FECHA_INI":"27-07-2026 09:19","id_alim":2528,"numero_cliente":2950655,"ID_AVISO":"500ck000015o7l7AAA"}},{"type":"Feature","geometry":{"type":"Point","coordinates":[-70.74709833116749,-33.41456497790596]},"properties":{"TIPO":"AVISO","CODIGO":"DF202671761536","COD_AVISO":1024512373,"DIRECCION":"SALVADOR GUTIERREZ 7407 DP 21 ","FALLA":"TEN Actualizado a 27/07/2026 1","DESC_EVENTO":"prueba","COD_EVENTO":"DF202671761536","FECHA_REPOSICION":"27-07-2026 17:27","FECHA_INI":"27-07-2026 09:27","id_alim":412,"numero_cliente":1172097,"ID_AVISO":"500ck000015onKJAAY"}},{"type":"Feature","geometry":{"type":"Point","coordinates":[-70.70799617109174,-33.42682876005742]},"properties":{"TIPO":"AVISO","CODIGO":"DF202671761555","COD_AVISO":1024519654,"DIRECCION":"SANTA INES 1698 ","FALLA":"TEN Actualizado a 27/07/2026 1","DESC_EVENTO":"prueba","COD_EVENTO":"DF202671761555","FECHA_REPOSICION":"27-07-2026 17:34","FECHA_INI":"27-07-2026 09:34","id_alim":445,"numero_cliente":237186,"ID_AVISO":"500ck000015o6ypAAA"}},{"type":"Feature","geometry":{"type":"Point","coordinates":[-70.74694921138409,-33.348533650652804]},"properties":{"TIPO":"AVISO","CODIGO":"DF202671761475","COD_AVISO":1024482854,"DIRECCION":"LOS HIMALAYAS 0254  ","FALLA":"TEN Actualizado a 27/07/2026 1","DESC_EVENTO":"prueba","COD_EVENTO":"DF202671761475","FECHA_REPOSICION":"27-07-2026 16:52","FECHA_INI":"27-07-2026 08:52","id_alim":5642,"numero_cliente":1599243,"ID_AVISO":"500ck000015ozzNAAQ"}},{"type":"Feature","geometry":{"type":"Point","coordinates":[-70.66290503978311,-33.45089518772369]},"properties":{"TIPO":"AVISO","CODIGO":"DF202671761770","COD_AVISO":1024614221,"DIRECCION":"JOSE MIGUEL CARRERA 476 DP 412 ","FALLA":"Telefono de contacto 972091561","DESC_EVENTO":"prueba","COD_EVENTO":"DF202671761770","FECHA_REPOSICION":"27-07-2026 16:16","FECHA_INI":"27-07-2026 11:16","id_alim":632,"numero_cliente":2790526,"ID_AVISO":"500ck000015q5jtAAA"}},{"type":"Feature","geometry":{"type":"Point","coordinates":[-70.79818370050066,-33.515296375299314]},"properties":{"TIPO":"AVISO","CODIGO":"DF202671761897","COD_AVISO":1024680843,"DIRECCION":"SAN JOSE 3100 ","FALLA":"--","DESC_EVENTO":"prueba","COD_EVENTO":"DF202671761897","FECHA_REPOSICION":"27-07-2026 17:39","FECHA_INI":"27-07-2026 12:39","id_alim":3333,"numero_cliente":1566289,"ID_AVISO":"500ck000015qzdYAAQ"}},{"type":"Feature","geometry":{"type":"Point","coordinates":[-70.60043795743249,-33.5093709371467]},"properties":{"TIPO":"AVISO","CODIGO":"DF202671761774","COD_AVISO":1024615179,"DIRECCION":"MIRADOR AZUL 1034 ED B DP 302  ","FALLA":"Telefono de contacto 950107744","DESC_EVENTO":"prueba","COD_EVENTO":"DF202671761774","FECHA_REPOSICION":"27-07-2026 16:18","FECHA_INI":"27-07-2026 11:18","id_alim":2411,"numero_cliente":3201417,"ID_AVISO":"500ck000015peWqAAI"}},{"type":"Feature","geometry":{"type":"Point","coordinates":[-70.64622675733867,-33.31601049568805]},"properties":{"TIPO":"AVISO","CODIGO":"DF202671761591","COD_AVISO":1024534806,"DIRECCION":"SANTA MARIA 14950 C/ 38 ","FALLA":"TEN Actualizado a 27/07/2026 1","DESC_EVENTO":"prueba","COD_EVENTO":"DF202671761591","FECHA_REPOSICION":"27-07-2026 17:51","FECHA_INI":"27-07-2026 09:51","id_alim":3511,"numero_cliente":3143251,"ID_AVISO":"500ck000015pT35AAE"}},{"type":"Feature","geometry":{"type":"Point","coordinates":[-70.68439901807814,-33.35708292072649]},"properties":{"TIPO":"AVISO","CODIGO":"DF202671761735","COD_AVISO":1024601961,"DIRECCION":"MEJILLONES 1964 ","FALLA":"Telefono de contacto 995032832","DESC_EVENTO":"prueba","COD_EVENTO":"DF202671761735","FECHA_REPOSICION":"27-07-2026 16:02","FECHA_INI":"27-07-2026 11:02","id_alim":1422,"numero_cliente":918711,"ID_AVISO":"500ck000015piVLAAY"}},{"type":"Feature","geometry":{"type":"Point","coordinates":[-70.74418439343336,-33.433240344551294]},"properties":{"TIPO":"AVISO","CODIGO":"DF202671761911","COD_AVISO":1024685582,"DIRECCION":"MANAGUA 8471 ","FALLA":"¿¿¿¿¿¿¿Nombre:-¿¿RUT:5205431-1","DESC_EVENTO":"prueba","COD_EVENTO":"DF202671761911","FECHA_REPOSICION":"27-07-2026 17:46","FECHA_INI":"27-07-2026 12:46","id_alim":2034,"numero_cliente":191071,"ID_AVISO":"500ck000015qnBIAAY"}},{"type":"Feature","geometry":{"type":"Point","coordinates":[-70.69886720220983,-33.43078992939387]},"properties":{"TIPO":"AVISO","CODIGO":"DF202671761974","COD_AVISO":1024723991,"DIRECCION":"SANTA GENOVEVA 1475 ","FALLA":"Telefono de contacto 988792767","DESC_EVENTO":"prueba","COD_EVENTO":"DF202671761974","FECHA_REPOSICION":"27-07-2026 18:32","FECHA_INI":"27-07-2026 13:32","id_alim":2041,"numero_cliente":941754,"ID_AVISO":"500ck000015rr1GAAQ"}},{"type":"Feature","geometry":{"type":"Point","coordinates":[-70.66019395224201,-33.390568382259524]},"properties":{"TIPO":"AVISO","CODIGO":"DF202671761723","COD_AVISO":1024593810,"DIRECCION":"GENERAL GAMBINO 3519 ","FALLA":"corte hoy 27/07 a las 10:00Con","DESC_EVENTO":"prueba","COD_EVENTO":"DF202671761723","FECHA_REPOSICION":"27-07-2026 15:53","FECHA_INI":"27-07-2026 10:53","id_alim":2342,"numero_cliente":570798,"ID_AVISO":"500ck000015pMrlAAE"}},{"type":"Feature","geometry":{"type":"Point","coordinates":[-70.53642967993792,-33.48007039380352]},"properties":{"TIPO":"AVISO","CODIGO":"DF202671761721","COD_AVISO":1024593725,"DIRECCION":"LAS PERDICES 2291 ","FALLA":"Telefono de contacto 992376969","DESC_EVENTO":"prueba","COD_EVENTO":"DF202671761721","FECHA_REPOSICION":"27-07-2026 15:53","FECHA_INI":"27-07-2026 10:53","id_alim":944,"numero_cliente":3040642,"ID_AVISO":"500ck000015p7g8AAA"}},{"type":"Feature","geometry":{"type":"Point","coordinates":[-70.70231219379379,-33.45639358805482]},"properties":{"TIPO":"AVISO","CODIGO":"DF202671761691","COD_AVISO":1024575653,"DIRECCION":"TITAN 4870 TR B1 DP 407  ","FALLA":"Nombre:RominaTelefono:94888039","DESC_EVENTO":"prueba","COD_EVENTO":"DF202671761691","FECHA_REPOSICION":"27-07-2026 15:36","FECHA_INI":"27-07-2026 10:36","id_alim":2021,"numero_cliente":2987664,"ID_AVISO":"500ck000015p1CEAAY"}},{"type":"Feature","geometry":{"type":"Point","coordinates":[-70.75430937007481,-33.413936835837085]},"properties":{"TIPO":"AVISO","CODIGO":"DF202671761826","COD_AVISO":1024642110,"DIRECCION":"SALVADOR GUTIERREZ 8123 ","FALLA":"--","DESC_EVENTO":"prueba","COD_EVENTO":"DF202671761826","FECHA_REPOSICION":"27-07-2026 16:50","FECHA_INI":"27-07-2026 11:50","id_alim":412,"numero_cliente":547422,"ID_AVISO":"500ck000015q0CRAAY"}},{"type":"Feature","geometry":{"type":"Point","coordinates":[-70.71185225648382,-33.42915572792982]},"properties":{"TIPO":"AVISO","CODIGO":"DF202671761876","COD_AVISO":1024662837,"DIRECCION":"RIO BAKER 5501 ","FALLA":"CONNID:0ae603b59378d35aNombre:","DESC_EVENTO":"prueba","COD_EVENTO":"DF202671761876","FECHA_REPOSICION":"27-07-2026 17:24","FECHA_INI":"27-07-2026 12:24","id_alim":2041,"numero_cliente":1261197,"ID_AVISO":"500ck000015qTpMAAU"}},{"type":"Feature","geometry":{"type":"Point","coordinates":[-70.67741504456512,-33.418101354806794]},"properties":{"TIPO":"AVISO","CODIGO":"DF202671761755","COD_AVISO":1024608102,"DIRECCION":"PDTE.EDO.FREI 670 D/32 ","FALLA":"--","DESC_EVENTO":"prueba","COD_EVENTO":"DF202671761755","FECHA_REPOSICION":"27-07-2026 16:09","FECHA_INI":"27-07-2026 11:09","id_alim":113,"numero_cliente":705327,"ID_AVISO":"500ck000015qIryAAE"}},{"type":"Feature","geometry":{"type":"Point","coordinates":[-70.58210571335904,-33.43725692020724]},"properties":{"TIPO":"AVISO","CODIGO":"DF202671761935","COD_AVISO":1024699176,"DIRECCION":"AMAPOLAS 4392 ","FALLA":"sin suministro 40 min aprox No","DESC_EVENTO":"prueba","COD_EVENTO":"DF202671761935","FECHA_REPOSICION":"27-07-2026 18:02","FECHA_INI":"27-07-2026 13:02","id_alim":915,"numero_cliente":169211,"ID_AVISO":"500ck000015r84AAAQ"}},{"type":"Feature","geometry":{"type":"Point","coordinates":[-70.78854081274626,-33.560838533897595]},"properties":{"TIPO":"AVISO","CODIGO":"DF202671761965","COD_AVISO":1024721542,"DIRECCION":"DIADEMA 8 18888 ","FALLA":"Telefono de contacto 942504402","DESC_EVENTO":"prueba","COD_EVENTO":"DF202671761965","FECHA_REPOSICION":"27-07-2026 18:29","FECHA_INI":"27-07-2026 13:29","id_alim":3311,"numero_cliente":1153099,"ID_AVISO":"500ck000015rhjSAAQ"}},{"type":"Feature","geometry":{"type":"Point","coordinates":[-70.53584546294168,-33.41205540030096]},"properties":{"TIPO":"AVISO","CODIGO":"DF202671761966","COD_AVISO":1024721219,"DIRECCION":"ISLAS GUAITECAS 870 ","FALLA":"NOMBRE: Marcela CastilloRUT :1","DESC_EVENTO":"prueba","COD_EVENTO":"DF202671761966","FECHA_REPOSICION":"27-07-2026 18:29","FECHA_INI":"27-07-2026 13:29","id_alim":2914,"numero_cliente":356535,"ID_AVISO":"500ck000015rRyEAAU"}},{"type":"Feature","geometry":{"type":"Point","coordinates":[-70.69364719903518,-33.47521569090934]},"properties":{"TIPO":"AVISO","CODIGO":"DF202671761961","COD_AVISO":1024714582,"DIRECCION":"MELCHOR SILVA CLARO 4366 ","FALLA":"Nombre: Isaías Lagos Motivo:  ","DESC_EVENTO":"prueba","COD_EVENTO":"DF202671761961","FECHA_REPOSICION":"27-07-2026 18:22","FECHA_INI":"27-07-2026 13:22","id_alim":2212,"numero_cliente":5759,"ID_AVISO":"500ck000015rcYVAAY"}},{"type":"Feature","geometry":{"type":"Point","coordinates":[-70.69596922739473,-33.45157180861195]},"properties":{"TIPO":"AVISO","CODIGO":"DF202671761513","COD_AVISO":1024506076,"DIRECCION":"CONDE DEL MAULE 4364 PS 20 DP 2004  ","FALLA":"TEN Actualizado a 27/07/2026 1","DESC_EVENTO":"prueba","COD_EVENTO":"DF202671761513","FECHA_REPOSICION":"27-07-2026 17:20","FECHA_INI":"27-07-2026 09:20","id_alim":2037,"numero_cliente":3085448,"ID_AVISO":"500ck000015oiXlAAI"}},{"type":"Feature","geometry":{"type":"Point","coordinates":[-70.67645305935629,-33.42911484004786]},"properties":{"TIPO":"AVISO","CODIGO":"DF202671761424","COD_AVISO":1024446894,"DIRECCION":"ESPERANZA 1215 ","FALLA":"TEN Actualizado a 27/07/2026 1","DESC_EVENTO":"prueba","COD_EVENTO":"DF202671761424","FECHA_REPOSICION":"27-07-2026 14:21","FECHA_INI":"27-07-2026 08:04","id_alim":323,"numero_cliente":1542236,"ID_AVISO":"500ck000015oQP2AAM"}},{"type":"Feature","geometry":{"type":"Point","coordinates":[-70.79864403066664,-33.18577435955814]},"properties":{"TIPO":"AVISO","CODIGO":"DF202671761233","COD_AVISO":1024367843,"DIRECCION":"CAMINO INTERIOR PARCELA 49 ","FALLA":"TEN Actualizado a 27/07/2026 1","DESC_EVENTO":"prueba","COD_EVENTO":"DF202671761233","FECHA_REPOSICION":"27-07-2026 17:06","FECHA_INI":"26-07-2026 20:48","id_alim":5516,"numero_cliente":3131169,"ID_AVISO":"500ck000015lxauAAA"}},{"type":"Feature","geometry":{"type":"Point","coordinates":[-70.79864403066664,-33.18577435955814]},"properties":{"TIPO":"AVISO","CODIGO":"DF202671761233","COD_AVISO":1024485853,"DIRECCION":"CAMINO INTERIOR PARCELA 49 ","FALLA":"TEN Actualizado a 27/07/2026 1","DESC_EVENTO":"prueba","COD_EVENTO":"DF202671761233","FECHA_REPOSICION":"27-07-2026 17:06","FECHA_INI":"26-07-2026 20:48","id_alim":5516,"numero_cliente":1574271,"ID_AVISO":"500ck000015oKQQAA2"}},{"type":"Feature","geometry":{"type":"Point","coordinates":[-70.78390178358477,-33.5408892494677]},"properties":{"TIPO":"AVISO","CODIGO":"DF202671761252","COD_AVISO":1024360306,"DIRECCION":"MISIONERO ALLEN GARDINER 2701 ","FALLA":"TEN Actualizado a 27/07/2026 1","DESC_EVENTO":"prueba","COD_EVENTO":"DF202671761252","FECHA_REPOSICION":"27-07-2026 17:11","FECHA_INI":"26-07-2026 21:11","id_alim":3312,"numero_cliente":2584999,"ID_AVISO":"500ck000015ljEgAAI"}},{"type":"Feature","geometry":{"type":"Point","coordinates":[-70.63055486582724,-33.397632986454695]},"properties":{"TIPO":"AVISO","CODIGO":"DF202671761325","COD_AVISO":1024373373,"DIRECCION":"PEDRO DONOSO     157 ","FALLA":"TEN Actualizado a 27/07/2026 1","DESC_EVENTO":"prueba","COD_EVENTO":"DF202671761325","FECHA_REPOSICION":"27-07-2026 15:58","FECHA_INI":"26-07-2026 22:43","id_alim":2332,"numero_cliente":259239,"ID_AVISO":"500ck000015lqcwAAA"}},{"type":"Feature","geometry":{"type":"Point","coordinates":[-70.66517304145849,-33.44259657518153]},"properties":{"TIPO":"AVISO","CODIGO":"DF202671761477","COD_AVISO":1024505346,"DIRECCION":"BRASIL 3 ","FALLA":"TEN Actualizado a 27/07/2026 1","DESC_EVENTO":"prueba","COD_EVENTO":"DF202671761477","FECHA_REPOSICION":"27-07-2026 19:43","FECHA_INI":"27-07-2026 08:53","id_alim":3113,"numero_cliente":185874,"ID_AVISO":"500ck000015oN6oAAE"}},{"type":"Feature","geometry":{"type":"Point","coordinates":[-70.2890313468484,-33.333936417201414]},"properties":{"TIPO":"AVISO","CODIGO":"DF202671760126","COD_AVISO":1024092379,"DIRECCION":"EMILE ALLAIS 493 LA PARVA ","FALLA":"TEN Actualizado a 27/07/2026 1","DESC_EVENTO":"prueba","COD_EVENTO":"DF202671760126","FECHA_REPOSICION":"27-07-2026 17:06","FECHA_INI":"25-07-2026 13:42","id_alim":1024,"numero_cliente":5303301,"ID_AVISO":"500ck000015hsS8AAI"}},{"type":"Feature","geometry":{"type":"Point","coordinates":[-70.66899800396376,-33.422614064117546]},"properties":{"TIPO":"AVISO","CODIGO":"DF202671761396","COD_AVISO":1024408478,"DIRECCION":"5 NORTE 752 ","FALLA":"TEN Actualizado a 27/07/2026 1","DESC_EVENTO":"prueba","COD_EVENTO":"DF202671761396","FECHA_REPOSICION":"27-07-2026 17:01","FECHA_INI":"27-07-2026 06:40","id_alim":113,"numero_cliente":887877,"ID_AVISO":"500ck000015nIdYAAU"}},{"type":"Feature","geometry":{"type":"Point","coordinates":[-70.62667402830802,-33.501645962236346]},"properties":{"TIPO":"AVISO","CODIGO":"DF202671761930","COD_AVISO":1024698235,"DIRECCION":"ARMANDO MOOCK 301 ","FALLA":"-->< 2 DOMICILIOS SIN SERVICIO","DESC_EVENTO":"prueba","COD_EVENTO":"DF202671761930","FECHA_REPOSICION":"27-07-2026 18:00","FECHA_INI":"27-07-2026 13:00","id_alim":1943,"numero_cliente":108457,"ID_AVISO":"500ck000015qH8kAAE"}},{"type":"Feature","geometry":{"type":"Point","coordinates":[-70.29314543846917,-33.34650963147338]},"properties":{"TIPO":"AVISO","CODIGO":"DF202671761206","COD_AVISO":1024646321,"DIRECCION":"EDIFICIO MORROS BAYOS  ","FALLA":"TEN Actualizado a 27/07/2026 1","DESC_EVENTO":"prueba","COD_EVENTO":"DF202671761206","FECHA_REPOSICION":"27-07-2026 16:28","FECHA_INI":"26-07-2026 20:28","id_alim":1024,"numero_cliente":8037095,"ID_AVISO":"500ck000015q1s5AAA"}},{"type":"Feature","geometry":{"type":"Point","coordinates":[-70.726924424295,-33.47850145730227]},"properties":{"TIPO":"AVISO","CODIGO":"DF202671761692","COD_AVISO":1024578409,"DIRECCION":"ESTRELLA DE BELEN 1325 ","FALLA":"TICKET CON 2 AVISOSESTRELLA DE","DESC_EVENTO":"prueba","COD_EVENTO":"DF202671761692","FECHA_REPOSICION":"27-07-2026 13:51","FECHA_INI":"27-07-2026 10:36","id_alim":2231,"numero_cliente":1158271,"ID_AVISO":"500ck000015pt7aAAA"}},{"type":"Feature","geometry":{"type":"Point","coordinates":[-70.50595015984365,-33.32921742150433]},"properties":{"TIPO":"AVISO","CODIGO":"DF202671761093","COD_AVISO":1024330173,"DIRECCION":"C.EL HUINGANAL 3674  27","FALLA":"TEN Actualizado a 27/07/2026 1","DESC_EVENTO":"prueba","COD_EVENTO":"DF202671761093","FECHA_REPOSICION":"27-07-2026 17:27","FECHA_INI":"26-07-2026 18:27","id_alim":3021,"numero_cliente":1679679,"ID_AVISO":"500ck000015lMdBAAU"}},{"type":"Feature","geometry":{"type":"Point","coordinates":[-70.62644192561197,-33.446390252198036]},"properties":{"TIPO":"AVISO","CODIGO":"DF202671761738","COD_AVISO":1024602336,"DIRECCION":"EMILIO VAISSE 600 LOC/ 108 ","FALLA":"Telefono de contacto 956373552","DESC_EVENTO":"prueba","COD_EVENTO":"DF202671761738","FECHA_REPOSICION":"27-07-2026 14:07","FECHA_INI":"27-07-2026 11:02","id_alim":1845,"numero_cliente":3152320,"ID_AVISO":"500ck000015osM4AAI"}},{"type":"Feature","geometry":{"type":"Point","coordinates":[-70.65433009941749,-33.4595774464853]},"properties":{"TIPO":"AVISO","CODIGO":"DF202671761875","COD_AVISO":1024696594,"DIRECCION":"ALDUNATE 1224 ","FALLA":"--","DESC_EVENTO":"prueba","COD_EVENTO":"DF202671761875","FECHA_REPOSICION":"27-07-2026 17:24","FECHA_INI":"27-07-2026 12:24","id_alim":633,"numero_cliente":1099330,"ID_AVISO":"500ck000015q8fJAAQ"}},{"type":"Feature","geometry":{"type":"Point","coordinates":[-70.7948206672048,-33.508186617030645]},"properties":{"TIPO":"AVISO","CODIGO":"DF202671761847","COD_AVISO":1024654012,"DIRECCION":"HIPOLITO  2190  107","FALLA":"TICKET CON 2 AVISOSARRIBAR ANT","DESC_EVENTO":"prueba","COD_EVENTO":"DF202671761847","FECHA_REPOSICION":"27-07-2026 17:05","FECHA_INI":"27-07-2026 12:05","id_alim":3333,"numero_cliente":1560295,"ID_AVISO":"500ck000015qEHBAA2"}}]}