{"type":"FeatureCollection","features":[{"type":"Feature","properties":{"numpos":"19285","TIPO":"DESCARGO","TENSION":"MT","INCIDENCIA":"DF202671760224","CLITOTAL":"1139","CANTAVISOS":"","FECHA_INICIO":"","FECHA_FIN":"","DESCARGO":"DF202671760224(TP20267213816126)","ESTADODESC":"789","ESTADOINC":" ","CLI_PLAN":"1","FECHA_INIDESC":"05-08-2026 10:00","FECHA_FINDESC":"05-08-2026 16:00","FECHA_REPOSICION":"05-08-2026 16:00","id_alim":"1217"},"geometry":{"type":"Polygon","coordinates":[[[-70.6413914771781,-33.462936379329726],[-70.64140652686798,-33.462950025128116],[-70.64142309988642,-33.462962368829615],[-70.64144103662602,-33.462973291557034],[-70.64146016434563,-33.462982688118046],[-70.64148029883418,-33.462990468018134],[-70.64150124618462,-33.46299655633218],[-70.64152280466132,-33.463000894426116],[-70.64154476664316,-33.46300344052145],[-70.64156692062292,-33.463004170097804],[-70.64158905324422,-33.46300307612895],[-70.64161095135648,-33.463000169150526],[-70.6416324040676,-33.462995477158536],[-70.64165320477504,-33.46298904533974],[-70.64167315315562,-33.46298093563648],[-70.64169205709472,-33.462971226150096],[-70.64170973453645,-33.46296001038878],[-70.64172601523707,-33.46294739636704],[-70.64174074240448,-33.462933505565324],[-70.64175377420823,-33.462918471760275],[-70.64176498514537,-33.4629024397361],[-70.6417742672492,-33.46288556389052],[-70.64178153112891,-33.46286800674752],[-70.64178670683052,-33.46284993739231],[-70.64178882565692,-33.4628370978565],[-70.64180948264314,-33.46283225713629],[-70.64183014686806,-33.46282552343269],[-70.64184992412112,-33.46281712450763],[-70.64186862393578,-33.46280714124785],[-70.64188606622204,-33.46279566979811],[-70.64190208300091,-33.46278282063534],[-70.64191652002201,-33.46276871750455],[-70.6419292382492,-33.46275349622718],[-70.64194011519955,-33.46273730339296],[-70.6419490461228,-33.46272029494821],[-70.64195594501028,-33.46270263469396],[-70.64196074542308,-33.462684492708384],[-70.64196340113186,-33.46266604370895],[-70.64196388656207,-33.46264746536971],[-70.64196219704013,-33.46262893661018],[-70.64195834883844,-33.46261063587236],[-70.64195237901855,-33.462592739402076],[-70.64194434507425,-33.46257541955181],[-70.64193432437783,-33.462558843120746],[-70.64192241343484,-33.46254316974852],[-70.64190872695471,-33.46252855037773],[-70.64189339674601,-33.46251512580036],[-70.64187657044704,-33.46250302530179],[-70.64185841010398,-33.462492365415926],[-70.64183909061035,-33.46248324880278],[-70.64182757274155,-33.4624790000844],[-70.64183739782975,-33.4623760107473],[-70.64186176236142,-33.462168501335526],[-70.64218825138268,-33.46219729916937],[-70.642192153901,-33.46219764322463],[-70.64221429036576,-33.46219867797945],[-70.6422239429244,-33.462198334232596],[-70.64256243770268,-33.46222912714263],[-70.64258456996427,-33.46223022331502],[-70.64260672384223,-33.46222949594476],[-70.64262868598121,-33.46222695203695],[-70.64265024487248,-33.46222261609094],[-70.64267119289094,-33.46221652986461],[-70.64269132829466,-33.46220875197203],[-70.6427104571678,-33.46219935731903],[-70.64272839528824,-33.462188436381716],[-70.64274496990171,-33.4621760943353],[-70.6427600213855,-33.46216245004099],[-70.64277340478573,-33.46214763490138],[-70.64278499121338,-33.46213179159489],[-70.64279466908549,-33.46211507270174],[-70.64280234519977,-33.46209763923439],[-70.64280794563213,-33.462079659087046],[-70.64281141644855,-33.46206130541859],[-70.64281272422454,-33.462042754984985],[-70.64281185636688,-33.4620241864371],[-70.64280882123488,-33.46200577860012],[-70.64280364805985,-33.461987708751366],[-70.6427963866635,-33.46197015091307],[-70.64278710697812,-33.46195327417644],[-70.64277589837299,-33.46193724107317],[-70.64276286879377,-33.46192220601035],[-70.6427481437228,-33.461908313783226],[-70.64273186497067,-33.461895698180996],[-70.6427141893105,-33.461884480698245],[-70.64269528696813,-33.46187476936493],[-70.64267533998282,-33.461866657706],[-70.64265454045396,-33.46186022384073],[-70.64263308869138,-33.46185552973042],[-70.64261119128602,-33.461852620581695],[-70.64223650208169,-33.46181853495402],[-70.64223612730083,-33.4618185163906],[-70.64223575630226,-33.46181846815863],[-70.64189864138444,-33.46178874845131],[-70.64190372423954,-33.46174528816351],[-70.64190480192067,-33.46172672733965],[-70.64190370386991,-33.461708167354516],[-70.6419004406635,-33.46168978695066],[-70.64189504372914,-33.461671763141084],[-70.64188756504345,-33.461654269504486],[-70.64187807663127,-33.461637474513644],[-70.6418666698719,-33.46162153991291],[-70.64185345461928,-33.46160661916054],[-70.64183855814372,-33.461592855950904],[-70.64182212390644,-33.46158038283053],[-70.64180431017778,-33.46156931992177],[-70.64178528851315,-33.46155977376583],[-70.64176524210072,-33.46155183629686],[-70.64174436399735,-33.4615455839566],[-70.64172285526935,-33.46154107695807],[-70.6417009230561,-33.461538358705916],[-70.64167877857534,-33.46153745537819],[-70.64165663508894,-33.46153837567445],[-70.64163470584928,-33.46154111073187],[-70.64161320204548,-33.46154563421052],[-70.64159233076953,-33.46155190254722],[-70.64157229302205,-33.46155985537487],[-70.64155328177654,-33.461569416103906],[-70.64153548012094,-33.46158049265993],[-70.64151905949443,-33.46159297837023],[-70.64150417803644,-33.461606752991294],[-70.64149097906362,-33.46162168386664],[-70.64147958968965,-33.461637627204404],[-70.64147011960105,-33.46165442946214],[-70.64146266000081,-33.46167192882548],[-70.64145728272999,-33.46168995676639],[-70.64145403957589,-33.461708339666345],[-70.64145403955061,-33.46170833988246],[-70.64145403955061,-33.46170833988246],[-70.64145403951724,-33.461708340167746],[-70.64144946553505,-33.46174744721085],[-70.64135133489366,-33.46173808788027],[-70.64135096037803,-33.46173806769431],[-70.64135058982713,-33.461738017867745],[-70.64104426055363,-33.46170966359388],[-70.64103885678588,-33.46170938741325],[-70.6410334536997,-33.46170888238577],[-70.64103280336026,-33.46170887536257],[-70.64103217964607,-33.461708820056764],[-70.64102655423433,-33.46170855425797],[-70.64068041775892,-33.46167331192281],[-70.64067962974578,-33.461673264420234],[-70.64067885016752,-33.461673156969944],[-70.64025393217459,-33.4616324150088],[-70.64025392849126,-33.46163241480842],[-70.64025392484898,-33.46163241430649],[-70.64024661183045,-33.461631713309615],[-70.6402244876015,-33.46163051032498],[-70.640202329227,-33.46163113074214],[-70.64018035010284,-33.461633568586244],[-70.64015876189863,-33.461637800379684],[-70.64013777251938,-33.4616437853683],[-70.64011758410324,-33.46165146591375],[-70.6400983910748,-33.46166076804862],[-70.64008037827276,-33.461671602188815],[-70.64006371916986,-33.4616838639962],[-70.64004857420225,-33.4616974353834],[-70.64003508922437,-33.461712185651166],[-70.64002339410436,-33.46172797274684],[-70.64001360147326,-33.4617446446326],[-70.64000580564034,-33.46176204074947],[-70.64000008168483,-33.46177999356372],[-70.63999648473278,-33.461798330180144],[-70.63999504942612,-33.46181687400726],[-70.63999578958902,-33.461835446457926],[-70.6399986980947,-33.461853868669195],[-70.64000374693398,-33.46187196322489],[-70.640010887485,-33.46188955586429],[-70.64002005098142,-33.46190647716023],[-70.64003114917462,-33.46192256415099],[-70.64004407518362,-33.461937661909495],[-70.64005870452424,-33.46195162503553],[-70.64007489630808,-33.46196431905596],[-70.64009249459929,-33.4619756217199],[-70.64011132991625,-33.461985424175936],[-70.64013122086392,-33.461993632020594],[-70.64015197588074,-33.46200016620742],[-70.64017339508345,-33.46200496380822],[-70.64019527219219,-33.46200797861929],[-70.6402025817227,-33.462008679280856],[-70.64062671361516,-33.46204934581395],[-70.64076505902705,-33.46206343173258],[-70.64072410586597,-33.462385971833505],[-70.64072364532635,-33.46239000943729],[-70.64072310719013,-33.462395328014765],[-70.64068045842755,-33.462723347280935],[-70.64067914089146,-33.46274189724177],[-70.64067999899856,-33.462760466120045],[-70.64068302448617,-33.46277887508719],[-70.6406881882185,-33.462796946854624],[-70.64069544046721,-33.462814507381054],[-70.64070471139027,-33.46283138754859],[-70.64071591170443,-33.46284742479156],[-70.64072893354522,-33.46286246466198],[-70.64074365150557,-33.46287636231717],[-70.6407599238436,-33.462888983914546],[-70.64077759384762,-33.46290020790058],[-70.64079649134541,-33.46290992618168],[-70.64081643434308,-33.462918045164976],[-70.64083723077772,-33.462924486659794],[-70.64085868036726,-33.46292918863066],[-70.64088057653919,-33.46293210579483],[-70.64090270842004,-33.46293321005821],[-70.64092486286633,-33.46293249078619],[-70.64094682651725,-33.46292995490577],[-70.64096838784951,-33.46292562683911],[-70.6409893392145,-33.46291954826814],[-70.64100947883804,-33.462911777733176],[-70.64102861276368,-33.462902390069225],[-70.64104655672064,-33.462891475685126],[-70.6410631378984,-33.46287913969293],[-70.64107819661109,-33.46286550089555],[-70.64108568821037,-33.46285721543419],[-70.64109546959834,-33.46287141218706],[-70.64110838548503,-33.462886516104035],[-70.64112300549179,-33.46290048620221],[-70.6411391888201,-33.46291318794129],[-70.64115677961556,-33.462924498996045],[-70.64117560846871,-33.46293431043431],[-70.64119549404681,-33.46294252776605],[-70.64121624483994,-33.462949071853416],[-70.64123766100558,-33.46295387967299],[-70.64125953629308,-33.46295690492254],[-70.64128166003017,-33.462958118467114],[-70.64130381915174,-33.4629575086196],[-70.64132580025203,-33.462955081253234],[-70.64134739163964,-33.46295085974507],[-70.6413683853765,-33.46294488475084],[-70.64138857928039,-33.46293721381338],[-70.64139112012883,-33.46293598398974],[-70.6413914771781,-33.462936379329726]]]}},{"type":"Feature","properties":{"numpos":"20621","TIPO":"DESCARGO","TENSION":"MT","INCIDENCIA":"DF202671760224","CLITOTAL":"1139","CANTAVISOS":"","FECHA_INICIO":"","FECHA_FIN":"","DESCARGO":"DF202671760224(TP20267213816126)","ESTADODESC":"789","ESTADOINC":" ","CLI_PLAN":"1","FECHA_INIDESC":"05-08-2026 10:00","FECHA_FINDESC":"05-08-2026 16:00","FECHA_REPOSICION":"05-08-2026 16:00","id_alim":"1217"},"geometry":{"type":"Polygon","coordinates":[[[-70.6434208539663,-33.46460154890043],[-70.64342568642759,-33.464619684912556],[-70.64343261655834,-33.46463733659792],[-70.64344157761867,-33.46465433396078],[-70.64345248330957,-33.46467051330679],[-70.64346522860397,-33.46468571881949],[-70.6434796907581,-33.46469980406091],[-70.64349573049371,-33.464712633381936],[-70.64351319333925,-33.464724083228575],[-70.64353191111758,-33.46473404333204],[-70.64355170356559,-33.46474241777059],[-70.64357238007041,-33.46474912589332],[-70.64359374150486,-33.464754103097036],[-70.64361558214546,-33.46475730144824],[-70.64363769165357,-33.46475869014497],[-70.6436598571012,-33.464758255813216],[-70.64368186502153,-33.46475600263593],[-70.64370350346498,-33.46475195231261],[-70.64372456404023,-33.46474614385037],[-70.64374484392135,-33.46473863318822],[-70.64376414780114,-33.464729492658435],[-70.64378228977195,-33.46471881028983],[-70.64379909511632,-33.464706688959986],[-70.6438144019894,-33.464693245404504],[-70.64382806297776,-33.46467860909278],[-70.643839946519,-33.464662920981],[-70.64384993816877,-33.464646332154786],[-70.64385794170288,-33.46462900237402],[-70.64386388004397,-33.46461109853431],[-70.64386769600377,-33.46459279305973],[-70.64386881295185,-33.46458527509667],[-70.64386881532734,-33.46458524852795],[-70.6438688207897,-33.46458522228106],[-70.64389328225629,-33.46442019831571],[-70.64389343059123,-33.464419174839044],[-70.64391348141535,-33.46427761026587],[-70.64391490592631,-33.46426755279345],[-70.64394888515913,-33.46402915670461],[-70.64394943864284,-33.46402849222367],[-70.64396028733061,-33.46401228601914],[-70.6439691885357,-33.46399526660356],[-70.64397605653562,-33.46397759788363],[-70.64398082518892,-33.46395945001905],[-70.6439834485721,-33.46394099778391],[-70.643983901422,-33.46392241888341],[-70.64398346438517,-33.46391771701386],[-70.64398352550187,-33.463914184805915],[-70.64398167251483,-33.4638956670423],[-70.64397766288918,-33.46387739067445],[-70.64397259103364,-33.46386260880957],[-70.64400049617842,-33.46367826419199],[-70.64400053721263,-33.463677819070085],[-70.64400062759255,-33.463677379297714],[-70.64403169816542,-33.46346408311327],[-70.64403171718256,-33.46346386335336],[-70.64403176116622,-33.46346364632189],[-70.64403283506202,-33.46345612892774],[-70.6440344105823,-33.46343652928243],[-70.64403355499203,-33.463416898296],[-70.64403027750072,-33.463397447237064],[-70.64402461338226,-33.463378385437665],[-70.64401662359535,-33.4633599180406],[-70.64400639412729,-33.463342243791516],[-70.64399403506857,-33.46332555290015],[-70.64384617721191,-33.46314723103607],[-70.64383264643898,-33.46313251015054],[-70.64381745930415,-33.46311897174748],[-70.64380076206781,-33.46310674620852],[-70.64378271553329,-33.46309595127173],[-70.64376349349804,-33.46308669089774],[-70.64374328108008,-33.463079054268526],[-70.64372227293504,-33.463073114928584],[-70.64370067138171,-33.463068930076716],[-70.6436786844536,-33.46306654001511],[-70.6436565238955,-33.46306596776126],[-70.6436344031243,-33.46306721882629],[-70.64361253517374,-33.46307028116188],[-70.64359113064287,-33.46307512527629],[-70.64357039566785,-33.463081704518366],[-70.64355052993677,-33.46308995552683],[-70.64353172476673,-33.463099798840446],[-70.64351416126124,-33.46311113966327],[-70.64349800856611,-33.463123868777515],[-70.64348342224059,-33.46313786359544],[-70.64347054275925,-33.463152989339875],[-70.64345949415902,-33.46316910034212],[-70.64345038284468,-33.463186041444935],[-70.64344329656413,-33.46320364949662],[-70.64343830356326,-33.46322175492233],[-70.6434354519287,-33.46324018335712],[-70.64343476912455,-33.463258757325235],[-70.64343626172801,-33.46327729794914],[-70.64343991536587,-33.463295626672405],[-70.64344569485286,-33.46331356697919],[-70.64345354453054,-33.463330946094196],[-70.64346338880328,-33.46334759664662],[-70.64347513286607,-33.4633633582821],[-70.64357382734408,-33.463482388042266],[-70.64355217259035,-33.463631040252714],[-70.64351319794311,-33.46388850229674],[-70.64351265285408,-33.46389441482387],[-70.64351185786204,-33.463900303129876],[-70.64351179958537,-33.4639036701451],[-70.64351166526176,-33.46390512713976],[-70.64351111817551,-33.46390780051438],[-70.6434662333541,-33.464222698305086],[-70.64346622751232,-33.46422276832142],[-70.6434662135717,-33.464222837529356],[-70.6434647791495,-33.464232964608144],[-70.64344480010747,-33.46437401722438],[-70.64342041754351,-33.46453850314771],[-70.64341930448,-33.4645459947035],[-70.6434176475541,-33.4645645255181],[-70.64341816571248,-33.46458310322157],[-70.6434208539663,-33.46460154890043]]]}},{"type":"Feature","properties":{"numpos":"29141","TIPO":"DESCARGO","TENSION":"MT","INCIDENCIA":"DF202671760224","CLITOTAL":"1139","CANTAVISOS":"","FECHA_INICIO":"","FECHA_FIN":"","DESCARGO":"DF202671760224(TP20267213816126)","ESTADODESC":"789","ESTADOINC":" ","CLI_PLAN":"1","FECHA_INIDESC":"05-08-2026 10:00","FECHA_FINDESC":"05-08-2026 16:00","FECHA_REPOSICION":"05-08-2026 16:00","id_alim":"1217"},"geometry":{"type":"Polygon","coordinates":[[[-70.64231738161622,-33.46300260756745],[-70.64231938302211,-33.46298410064601],[-70.64231921051872,-33.46296551841779],[-70.64231686576876,-33.46294703983973],[-70.6423123713548,-33.46292884287055],[-70.64230577056175,-33.46291110275663],[-70.64229712695997,-33.46289399034468],[-70.64228652379299,-33.46287767043613],[-70.64227406317583,-33.4628623002001],[-70.64225986511151,-33.46284802765983],[-70.64224406633532,-33.46283499026712],[-70.6422268189981,-33.462823313578575],[-70.64220828920071,-33.46281311004661],[-70.6421886553947,-33.462804477936224],[-70.64216810666352,-33.46279750037897],[-70.64214684090162,-33.46279224457213],[-70.64212506290873,-33.46278876113176],[-70.64192451085893,-33.46276516136579],[-70.64192051933752,-33.462764858110596],[-70.64191657094304,-33.46276434722562],[-70.64177368494346,-33.46275183739066],[-70.64177013092774,-33.46274428224817],[-70.64176016776797,-33.46272794405423],[-70.6417483647628,-33.46271249078136],[-70.64173483273501,-33.46269806752476],[-70.6417196987414,-33.46268480970851],[-70.64170310487991,-33.46267284181396],[-70.64168520695542,-33.46266227621098],[-70.64166617301682,-33.4626532121029],[-70.64164618177915,-33.462645734595114],[-70.64162542094562,-33.462639913895956],[-70.64160408544537,-33.46263580465755],[-70.64158237560297,-33.46263344546266],[-70.64156049525788,-33.462632858462435],[-70.64153864985032,-33.46263404916838],[-70.64151704449259,-33.4626370064007],[-70.64149588204309,-33.46264170239322],[-70.6414753612017,-33.46264809305406],[-70.64145567464428,-33.462656118379606],[-70.64143700721344,-33.46266570301799],[-70.64141953418314,-33.46267675697647],[-70.64140341961297,-33.46268917646636],[-70.6413934531355,-33.46269764032465],[-70.64138272364102,-33.46269470255091],[-70.64136107532781,-33.46269069131938],[-70.64133906217083,-33.462688477891405],[-70.64131689616744,-33.462688083583394],[-70.641294790787,-33.46268951219275],[-70.64127295891504,-33.46269274996137],[-70.64125161080312,-33.46269776570797],[-70.64123663113813,-33.46270265681246],[-70.6411222192895,-33.46268895966837],[-70.64111969863559,-33.46268876306992],[-70.64111720297373,-33.462688407088656],[-70.64089370737922,-33.462665918147856],[-70.64091467959747,-33.46249688383866],[-70.6409147548088,-33.46249572896462],[-70.64091494805194,-33.462494583768496],[-70.6409340559583,-33.46231987425145],[-70.64093406187227,-33.46231984327932],[-70.64096396205389,-33.462093424335],[-70.64096457714099,-33.46208995271684],[-70.64096525512304,-33.462084505760636],[-70.64096651284027,-33.46207611134152],[-70.64096710587292,-33.46205753518833],[-70.6409655237058,-33.46203899976406],[-70.64096178157743,-33.46202068357486],[-70.64095591552784,-33.46200276301539],[-70.64094798205144,-33.46198541067012],[-70.64093805755297,-33.46196879365119],[-70.64092623761155,-33.46195307198912],[-70.64091263606025,-33.461938397091565],[-70.64089738388972,-33.46192491028523],[-70.64088062798673,-33.46191274145485],[-70.64086252971953,-33.461902007792375],[-70.64084326338386,-33.46189281266829],[-70.64082301452424,-33.46188524463625],[-70.64080197814735,-33.461879376580086],[-70.64078035684385,-33.46187526501208],[-70.6407583588374,-33.4618729495287],[-70.64073619597951,-33.46187245242918],[-70.64071408170923,-33.46187377850093],[-70.64069222899768,-33.46187691497323],[-70.64067084829716,-33.46188183164036],[-70.64065014551429,-33.461888481152506],[-70.64063032002724,-33.46189679947156],[-70.64061156276547,-33.46190670648816],[-70.6405940543711,-33.461918106792766],[-70.64057796345928,-33.461930890594815],[-70.64056344499421,-33.46194493477988],[-70.64055063879697,-33.46196010409534],[-70.64053966819867,-33.4619762524529],[-70.64053928701503,-33.461976883699286],[-70.64053522446082,-33.461984448247726],[-70.64052372042718,-33.46197724086791],[-70.6405047467406,-33.461967627716504],[-70.64048474023497,-33.461959619626256],[-70.64046389358295,-33.46195329371904],[-70.64044240754812,-33.46194871091645],[-70.64042048905148,-33.461945915353205],[-70.64039834917881,-33.46194493395189],[-70.64037620114777,-33.46194577616397],[-70.64035425825469,-33.46194843387856],[-70.64033273182025,-33.46195288150063],[-70.6403118291546,-33.46195907619743],[-70.6402917515608,-33.461966958311066],[-70.64027269239617,-33.461976451932905],[-70.64025483521031,-33.46198746563474],[-70.64023835197727,-33.461999893349144],[-70.64022340143954,-33.46201361539103],[-70.64021012757915,-33.46202849961014],[-70.64019865823103,-33.46204440266393],[-70.64018910385197,-33.46206117139772],[-70.64018155645682,-33.46207864431988],[-70.64017608873216,-33.46209665315696],[-70.64017512492173,-33.462101961813346],[-70.64017389330209,-33.462106302283196],[-70.64017090232267,-33.46212471521403],[-70.64017052779478,-33.4621331627029],[-70.64014107747417,-33.46237237554877],[-70.64014102838303,-33.46237314049736],[-70.64014089737965,-33.462373898641765],[-70.64011665343622,-33.462587735941064],[-70.64011377839446,-33.46258775746505],[-70.64011156546212,-33.46258795688836],[-70.64010935263104,-33.46258800988389],[-70.64010057665314,-33.46258894716865],[-70.64009173446416,-33.4625897440009],[-70.64008955588928,-33.462590124198265],[-70.64008735948119,-33.46259035877692],[-70.64007873368254,-33.462592012851836],[-70.6400700289918,-33.462593531963186],[-70.64006790579249,-33.462594089196735],[-70.64006574691982,-33.46259450317979],[-70.64005735424959,-33.46259685844799],[-70.64004887101166,-33.462599084872046],[-70.64004682365632,-33.462599813688996],[-70.64004472308652,-33.46260040317988],[-70.64003664431914,-33.462603437325726],[-70.64002846428556,-33.46260634925029],[-70.64002651249372,-33.46260724253838],[-70.64002449045118,-33.462608001957356],[-70.64001680341367,-33.46261168614969],[-70.64000900534046,-33.462615255138445],[-70.64000716789212,-33.46261630419736],[-70.64000524386428,-33.4626172263323],[-70.6399980226908,-33.46262152548908],[-70.63999068157598,-33.46262571676842],[-70.63998897612954,-33.46262691139715],[-70.6399871686803,-33.46262798746945],[-70.63998048309945,-33.4626328605822],[-70.6399736694595,-33.46263763338954],[-70.63997211238232,-33.4626389619877],[-70.63997043897274,-33.46264018173374],[-70.63996435363295,-33.462645582249635],[-70.63995813282683,-33.462650890238834],[-70.63995673903844,-33.46265233992168],[-70.6399552158577,-33.46265369168828],[-70.63994978969954,-33.462659567945884],[-70.63994568179565,-33.462663840585925],[-70.63994031066187,-33.46266346493023],[-70.6399351588125,-33.46266352937369],[-70.63993001778935,-33.462663366909545],[-70.63992408951293,-33.462663667836665],[-70.63991814213081,-33.4626637422305],[-70.63991302265747,-33.462664229604066],[-70.63990788733805,-33.46266449027895],[-70.63990202273918,-33.462665276794915],[-70.63989611277475,-33.46266583942238],[-70.63989107501585,-33.46266674502057],[-70.6398859948202,-33.46266742633757],[-70.63988025033873,-33.46266869088671],[-70.63987443474709,-33.462669736308946],[-70.63986952725047,-33.462671051390004],[-70.63986455107144,-33.46267214680979],[-70.63985898199591,-33.46267387724228],[-70.6398533168178,-33.46267539536134],[-70.6398485868713,-33.46267710723201],[-70.63984376260561,-33.46267860623518],[-70.63983842254277,-33.46268078592309],[-70.63983296236307,-33.46268276208013],[-70.63982845553711,-33.46268485421918],[-70.63982382962598,-33.46268674240635],[-70.63981876998652,-33.462689350402265],[-70.63981356740642,-33.46269176552028],[-70.639809327114,-33.462694217738786],[-70.63980494409721,-33.46269647696804],[-70.63980245395801,-33.46269806208749],[-70.6396835398881,-33.46275551632508],[-70.63967677829764,-33.462759164975736],[-70.63966990930706,-33.46276265528308],[-70.63966746722772,-33.462764189360826],[-70.63966489818309,-33.462765575653435],[-70.63965859552204,-33.46276976243295],[-70.63965216808576,-33.46277380005093],[-70.63964991727453,-33.46277552728391],[-70.63964752261249,-33.46277711802763],[-70.6396417396613,-33.462781802639554],[-70.63963581559804,-33.46278634865995],[-70.63963377769971,-33.46278825240747],[-70.6396315805123,-33.4627900322888],[-70.6396263730447,-33.462795169627725],[-70.63962100932721,-33.46280018026067],[-70.63961920393751,-33.46280224218761],[-70.63961722541366,-33.46280419406617],[-70.63961264365602,-33.462809734652794],[-70.63960789186594,-33.46281516164785],[-70.63960633634407,-33.46281736190079],[-70.63960459556428,-33.46281946697466],[-70.6396006837091,-33.46282535743304],[-70.63959658954302,-33.46283114854302],[-70.63959529884544,-33.46283346594116],[-70.63959381259707,-33.462835703928285],[-70.63959060837425,-33.462841887501675],[-70.63958721120672,-33.46284798698416],[-70.63958619774425,-33.462850399222354],[-70.63958498035863,-33.46285274855679],[-70.63958251466975,-33.46285916565628],[-70.63957984717646,-33.46286551480827],[-70.63957912069556,-33.462867998671136],[-70.63957818390926,-33.4628704367115],[-70.63957663290846,-33.462876436075675],[-70.63957332846797,-33.462887041522585],[-70.63948225950571,-33.46322761062949],[-70.63944672888758,-33.46322106046832],[-70.63944615273522,-33.463220978858395],[-70.63944558811608,-33.46322085275226],[-70.63943571758062,-33.46321949855699],[-70.63942949724434,-33.46321829712765],[-70.63940750836551,-33.46321591924464],[-70.6393853472898,-33.46321535926786],[-70.6393632274391,-33.46321662259016],[-70.63934136183829,-33.46321969704524],[-70.63931996106376,-33.46322455302461],[-70.6392992312155,-33.463231143762876],[-70.63927937193228,-33.463239405788045],[-70.63926057446903,-33.463249259532724],[-70.63924301985507,-33.46326061010057],[-70.6392268771506,-33.463273348179946],[-70.63921230181869,-33.46328735109676],[-70.63919943422795,-33.46330248399581],[-70.63918839830082,-33.46331860113957],[-70.63917930032008,-33.46333554731158],[-70.63917222790519,-33.463353159311374],[-70.63916724916852,-33.463371267526036],[-70.63916441205929,-33.46338969756381],[-70.63916374390178,-33.46340827193345],[-70.63916525113207,-33.463426811753614],[-70.63916891923611,-33.463445138475564],[-70.63917471288933,-33.46346307560276],[-70.63917491298228,-33.46346359296633],[-70.63918252157444,-33.46348047667494],[-70.63919201336833,-33.46349667657685],[-70.63920330214007,-33.4635120455098],[-70.6392162853417,-33.46352644386011],[-70.63923084503261,-33.46353974083092],[-70.6392468489509,-33.46355181563055],[-70.63926415171493,-33.463562558569514],[-70.63928259614394,-33.46357187205722],[-70.63930201468594,-33.46357967148843],[-70.63932223093983,-33.46358588601179],[-70.63934306125772,-33.46359045917353],[-70.63935834702092,-33.4635925377181],[-70.6393830237257,-33.463597086928964],[-70.6393719068503,-33.463638596739834],[-70.6393681182842,-33.46365690623743],[-70.6393664891611,-33.463675438811535],[-70.63936703517169,-33.4636940159834],[-70.63936975105901,-33.463712458844626],[-70.63937461066888,-33.46373058978021],[-70.63938156720185,-33.46374823417905],[-70.63939055366382,-33.46376522211555],[-70.63940148351107,-33.463781389986146],[-70.63941425148391,-33.46379658208489],[-70.63942873462022,-33.46381065210302],[-70.63944479343961,-33.46382346453799],[-70.63946227328672,-33.463834895998474],[-70.63948100582077,-33.463844836392724],[-70.63950081063649,-33.46385318998881],[-70.63952149700184,-33.46385987633656],[-70.63954286569476,-33.46386483104249],[-70.63956471092183,-33.4638680063898],[-70.63958682230027,-33.46386937179799],[-70.63960898688403,-33.4638689141174],[-70.63963099121463,-33.463866637755814],[-70.63965262337706,-33.463862564635996],[-70.6396736750405,-33.46385673398465],[-70.63969394346485,-33.46384920195446],[-70.63971323345321,-33.463840041083486],[-70.63973135923179,-33.46382933959643],[-70.63974814623899,-33.46381720055499],[-70.63976343280662,-33.463803740865366],[-70.63977707171678,-33.463789090152304],[-70.63978893161972,-33.46377338951071],[-70.6397988982987,-33.46375679014686],[-70.63980687577002,-33.46373945192212],[-70.63981278720736,-33.463721541813435],[-70.63987292674068,-33.463496979324105],[-70.63987520333296,-33.46348946983381],[-70.63987583916837,-33.463486837340525],[-70.63987669257838,-33.46348424844175],[-70.63998245567403,-33.46308872163256],[-70.63995384322986,-33.46335056934622],[-70.639921259331,-33.463628696405266],[-70.63992017797631,-33.46364725709417],[-70.63992127240506,-33.463665817244724],[-70.6399245320787,-33.4636841981124],[-70.6399299256061,-33.463702222679196],[-70.63993740104584,-33.46371971735835],[-70.63994688640639,-33.463736513666205],[-70.63995829033938,-33.4637524498446],[-70.63997150301932,-33.463767372418914],[-70.63998639720124,-33.46378113767606],[-70.64000282944609,-33.46379361304849],[-70.64002064150219,-33.46380467839097],[-70.64003966182923,-33.46381422713772],[-70.64005970725044,-33.46382216732855],[-70.64008058471643,-33.463828422494686],[-70.64010209316477,-33.463832932395114],[-70.64012402545606,-33.46383565359684],[-70.640146170369,-33.463836559893004],[-70.64016831463458,-33.46383564255552],[-70.64019024499007,-33.46383291041892],[-70.64021175023282,-33.463828389795424],[-70.64023262325443,-33.46382212422136],[-70.6402526630352,-33.463814174038056],[-70.64027167658026,-33.46380461581058],[-70.64028948077818,-33.463793541590455],[-70.64030590416444,-33.463781058028964],[-70.64032078857278,-33.46376728535027],[-70.64033399065838,-33.46375235619333],[-70.64034538327837,-33.46373641433463],[-70.64035485671634,-33.463719613303475],[-70.64036231973881,-33.463702114903384],[-70.64036770047389,-33.46368408765386],[-70.64037094710338,-33.46366570516739],[-70.64040360184988,-33.463386961036235],[-70.64040363796065,-33.463386341161],[-70.64040374158994,-33.463385726655325],[-70.64043556407104,-33.463094488285115],[-70.64043643570157,-33.46307250929041],[-70.64043625873191,-33.46306654715828],[-70.64043549181261,-33.46305787193812],[-70.6404347694808,-33.463049045105386],[-70.6404343833855,-33.46304630531698],[-70.64042866948995,-33.462997321801325],[-70.64054669089631,-33.46301001350014],[-70.64054933213062,-33.463010188705326],[-70.64055145436977,-33.46301051094449],[-70.64081571758595,-33.46303949692293],[-70.64081691694179,-33.46303957856472],[-70.64081810319033,-33.463039747773365],[-70.64101108303262,-33.463059166141925],[-70.64101685156416,-33.46306107697336],[-70.64103817021163,-33.46306618026944],[-70.64105998300565,-33.46306950758648],[-70.641279219767,-33.463093706050834],[-70.64128062023796,-33.46309380233929],[-70.64128200572488,-33.4630939988011],[-70.64129166573169,-33.46309456176442],[-70.64129636335662,-33.463094884746],[-70.64130547900663,-33.46309609274701],[-70.64143899472153,-33.46310809733441],[-70.64186506183152,-33.46314670260909],[-70.64206125353094,-33.46316838811784],[-70.64208335008924,-33.46316991077094],[-70.64210551831187,-33.463169610780795],[-70.64212754470535,-33.46316749103652],[-70.6421492171421,-33.46316357195263],[-70.6421703269035,-33.463157891272296],[-70.64219067068989,-33.46315050370396],[-70.64221005257855,-33.463141480394356],[-70.64222828591066,-33.463130908243436],[-70.64224519508878,-33.46311888906732],[-70.64226061726812,-33.463105538617825],[-70.64227440392476,-33.46309098546764],[-70.64228642228602,-33.463075369772135],[-70.64228802816098,-33.463072750785166],[-70.64228833111252,-33.46307236429072],[-70.6422986300421,-33.46305590807369],[-70.64230695492009,-33.46303868500422],[-70.64231322557433,-33.46302086095025],[-70.64231738161622,-33.46300260756745]]]}},{"type":"Feature","properties":{"numpos":"18793","TIPO":"DESCARGO","TENSION":"MT","INCIDENCIA":"DF202671759131","CLITOTAL":"53","CANTAVISOS":"","FECHA_INICIO":"","FECHA_FIN":"","DESCARGO":"DF202671759131(TP20267213816034)","ESTADODESC":"789","ESTADOINC":" ","CLI_PLAN":"1","FECHA_INIDESC":"05-08-2026 10:30","FECHA_FINDESC":"05-08-2026 17:30","FECHA_REPOSICION":"05-08-2026 17:30","id_alim":"1825"},"geometry":{"type":"Polygon","coordinates":[[[-70.59198840959475,-33.47429346629734],[-70.59199395306493,-33.47431145931164],[-70.59200157429561,-33.47432891032832],[-70.59201119989116,-33.47434565128405],[-70.59202273715269,-33.47436152095386],[-70.59203607497065,-33.47437636650364],[-70.5920510848949,-33.47439004496202],[-70.59206762237172,-33.474402424597415],[-70.59208552813598,-33.47441338618661],[-70.5921046297449,-33.47442282416296],[-70.59212474323884,-33.47443064763312],[-70.59214567491293,-33.47443678125239],[-70.59216722318256,-33.474441165950346],[-70.59218918052488,-33.47444375949968],[-70.59221133547734,-33.47444453692301],[-70.59223347467422,-33.47444349073331],[-70.59225538490163,-33.47444063100608],[-70.59227685515076,-33.47443598528224],[-70.59229767865017,-33.474429598302976],[-70.59231765485715,-33.47442153157879],[-70.5923365913891,-33.474411862797155],[-70.5923543058763,-33.47440068507417],[-70.59237062771815,-33.47438810605806],[-70.59238539972638,-33.474374246892175],[-70.59239847963865,-33.47435924104842],[-70.59240974148872,-33.47434323304181],[-70.59241907681957,-33.474326377038665],[-70.59242639572774,-33.47430883537194],[-70.5924316277293,-33.47429077697781],[-70.59243472243845,-33.47427237576871],[-70.5924356500528,-33.47425380895842],[-70.59243440164032,-33.47423525535553],[-70.59241550777358,-33.47408560930507],[-70.59254474073958,-33.47407940859241],[-70.59255311880841,-33.47422124302881],[-70.5925553005496,-33.47423973593834],[-70.59255963470325,-33.47425796058492],[-70.59256607953039,-33.47427574145491],[-70.59257457296488,-33.474292907308524],[-70.5925850332113,-33.47430929282873],[-70.59259735953246,-33.47432474021354],[-70.59261143321963,-33.47433910069564],[-70.59262711873575,-33.47435223597514],[-70.59264426502068,-33.474364019551594],[-70.59266270694596,-33.47437433794211],[-70.59268226690524,-33.47438309177447],[-70.59270275652459,-33.474390196744025],[-70.59272397847678,-33.474395584425636],[-70.59274572838157,-33.47439920293273],[-70.59276779677425,-33.47440101741688],[-70.5927899711227,-33.47440101040359],[-70.5928120378745,-33.47439918196042],[-70.59283378451337,-33.474395549696446],[-70.59285500160603,-33.474390148592576],[-70.59287548481917,-33.474383030664775],[-70.59289503688731,-33.474374264463],[-70.5929134695126,-33.47436393441108],[-70.5929306051783,-33.474352139993606],[-70.59294627885834,-33.47433899479786],[-70.59296033960669,-33.47432462541977],[-70.59297265201097,-33.4743091702449],[-70.59298309749659,-33.474292778115554],[-70.5929915754686,-33.47427560689735],[-70.59299800428052,-33.47425782195886],[-70.59300232202057,-33.474239594579046],[-70.59300448710782,-33.474221100297775],[-70.59300447869269,-33.47420251722509],[-70.5929917926027,-33.47398776979417],[-70.59299215043414,-33.47398543508167],[-70.59299226437366,-33.47398528767379],[-70.59299645244286,-33.47397986963795],[-70.59299645314196,-33.47397986850331],[-70.5929964549638,-33.473979866146344],[-70.5930042270449,-33.47396725159609],[-70.59300662613896,-33.473963357907984],[-70.59300662652113,-33.4739633571025],[-70.59300662827796,-33.47396335425111],[-70.5930137807775,-33.4739482794225],[-70.59301481964928,-33.47394608998745],[-70.59301481980313,-33.47394608953957],[-70.59301482138885,-33.47394608619745],[-70.59302082305844,-33.47392861355301],[-70.5930209540669,-33.473928232176185],[-70.59302095408387,-33.47392823209899],[-70.5930209553934,-33.47392822828653],[-70.593024971219,-33.47390995250009],[-70.59302683019234,-33.47389143484407],[-70.59302651441189,-33.47387285365369],[-70.59302402692015,-33.47385438787591],[-70.59301939167439,-33.47383621534611],[-70.59301265331581,-33.47381851107539],[-70.59300387673959,-33.47380144556522],[-70.59299314646984,-33.47378518316534],[-70.59298056584565,-33.47376988049102],[-70.59296625602576,-33.47375568491482],[-70.59295035482174,-33.4737427331474],[-70.59293301537078,-33.473731149920724],[-70.59291440466092,-33.47372104678704],[-70.59290073894199,-33.473714402200144],[-70.59288184419769,-33.473706186605874],[-70.59288142343473,-33.47370604397934],[-70.59288103983855,-33.47370587798211],[-70.59287475230005,-33.47370378265659],[-70.59286211079655,-33.47369949754923],[-70.59286124010426,-33.47369927970876],[-70.59286043498096,-33.473699011400875],[-70.592852947583,-33.473697204984006],[-70.5928417138698,-33.47369439439468],[-70.59284037566486,-33.473694171869695],[-70.5928391262389,-33.473693870431774],[-70.59283128210161,-33.47369265973545],[-70.59282083443736,-33.47369092243198],[-70.5928190229279,-33.4736907676032],[-70.59281731882596,-33.47369050458488],[-70.59280946553378,-33.47368995073734],[-70.59279965780118,-33.47368911247436],[-70.59279737919064,-33.473689098356054],[-70.59279522275816,-33.47368894627497],[-70.5927875644593,-33.47368903754335],[-70.59277837190082,-33.473688980584974],[-70.59277176739077,-33.473689200588225],[-70.59276980031315,-33.473689347386404],[-70.59276782551665,-33.473689360802],[-70.5923468436444,-33.473709560185156],[-70.59233977573774,-33.4737091237147],[-70.59231760828064,-33.473709581185076],[-70.59229560106989,-33.47371185735705],[-70.59229041342314,-33.47371283397021],[-70.59196048448841,-33.47373398655822],[-70.59195748898172,-33.47373430312079],[-70.59195447488368,-33.473734439580895],[-70.59194649623666,-33.47373546482395],[-70.59193848452799,-33.47373631149331],[-70.59193553999737,-33.473736872681854],[-70.59193255684781,-33.47373725601126],[-70.591924737775,-33.473738931441716],[-70.59191686242245,-33.47374043237848],[-70.59191399725233,-33.47374123286441],[-70.59191107375668,-33.4737418592955],[-70.59190348947226,-33.47374416858127],[-70.59189582640326,-33.47374630952766],[-70.5918930682265,-33.47374734167265],[-70.59189023250299,-33.47374820510183],[-70.59188295592844,-33.473751125823036],[-70.59187557905767,-33.473753886341065],[-70.59187295448783,-33.4737551402686],[-70.5918702337984,-33.47375623231704],[-70.59186333486451,-33.47375973618682],[-70.59185631537784,-33.4737630898503],[-70.59185384975092,-33.4737645535392],[-70.59185127024053,-33.473765863635094],[-70.5918448152195,-33.47376991677612],[-70.59183822088285,-33.473773831421035],[-70.59183593801124,-33.47377549081984],[-70.5918335244582,-33.47377700630174],[-70.59182757533183,-33.473781569575365],[-70.59182146983215,-33.47378600760665],[-70.59181939177272,-33.47378784676807],[-70.59181716735264,-33.47378955300752],[-70.59181178122235,-33.47379458239284],[-70.5918062235474,-33.473799501144356],[-70.59180437038641,-33.47380150237818],[-70.59180235645167,-33.47380338292137],[-70.5917975849956,-33.47380882994004],[-70.59179262885874,-33.47381418208463],[-70.59179101851574,-33.473816326128116],[-70.59178923439254,-33.47381836285425],[-70.5917851233756,-33.47382417503666],[-70.59178081669091,-33.47382990904253],[-70.59177946474327,-33.473832175246244],[-70.59177792754835,-33.47383434854173],[-70.59177451638818,-33.473840469930984],[-70.59177090080212,-33.4738465305593],[-70.59176982033269,-33.47384889708687],[-70.59176854481085,-33.47385118603339],[-70.59176586620504,-33.473857557721374],[-70.59176297668871,-33.47386388656115],[-70.59176217815725,-33.47386633060065],[-70.59176117654188,-33.47386871317542],[-70.59175925615878,-33.47387527386623],[-70.59175712066525,-33.4738818099006],[-70.59175661180588,-33.47388430788595],[-70.59175589370304,-33.47388676117216],[-70.59175474993937,-33.473893447768],[-70.59175338912974,-33.473900127966374],[-70.59175317487471,-33.47390265580605],[-70.59175274717215,-33.47390515621179],[-70.59175239097955,-33.473911904415196],[-70.59175181802016,-33.473918664345646],[-70.59175190045129,-33.47392119765682],[-70.59175176725343,-33.47392372114011],[-70.59175220203517,-33.47393046606741],[-70.59175242246857,-33.47393724052294],[-70.59175280079658,-33.4739397548686],[-70.59175296338539,-33.47394227716675],[-70.59175418496469,-33.473948953966705],[-70.59175519665517,-33.47395567759951],[-70.59175586722715,-33.473958148726],[-70.59175632405,-33.47396064558691],[-70.59175832070966,-33.47396719005931],[-70.59176011386438,-33.47397379801598],[-70.5917610701994,-33.47397620208894],[-70.59176181688352,-33.47397864950245],[-70.59176456947692,-33.47398499871036],[-70.591767126742,-33.47399142726261],[-70.59176835959455,-33.473993741098596],[-70.59176938898818,-33.47399611552552],[-70.5917728711203,-33.47400220839587],[-70.59177616775126,-33.47400839555971],[-70.59177766520168,-33.47401059685142],[-70.59177896744148,-33.47401287544838],[-70.59178314571875,-33.474018653355344],[-70.59178714982322,-33.47402453949284],[-70.59178889739432,-33.47402660702568],[-70.59179045999855,-33.47402876786333],[-70.59179529434478,-33.47403417518879],[-70.59179996719517,-33.47403970358661],[-70.59180194799396,-33.474041617444264],[-70.59180375598035,-33.47404363971717],[-70.5918092000164,-33.47404862438334],[-70.5918144964292,-33.47405374180194],[-70.59181669131218,-33.47405548355926],[-70.59181872733966,-33.47405734778531],[-70.59182472882298,-33.474061861754144],[-70.59183059760103,-33.47406651894257],[-70.59183298536094,-33.47406807184341],[-70.59183522989416,-33.47406976005096],[-70.59184173121511,-33.47407375978638],[-70.59184811564742,-33.47407791195707],[-70.59185067322035,-33.47407926107573],[-70.59185310471506,-33.474080756976626],[-70.59186004344403,-33.47408420386397],[-70.59186688185964,-33.47408781112394],[-70.59186958454998,-33.474088943508626],[-70.5918721796576,-33.47409023265539],[-70.59187948913882,-33.47409309337466],[-70.59188671550817,-33.4740961211083],[-70.59188953722895,-33.47409702590508],[-70.59189227101892,-33.474098095830804],[-70.59196582888512,-33.47412327804296],[-70.59198499727049,-33.474275104568214],[-70.59198840959475,-33.47429346629734]]]}},{"type":"Feature","properties":{"numpos":"23299","TIPO":"DESCARGO","TENSION":"MT","INCIDENCIA":"DF202671759131","CLITOTAL":"53","CANTAVISOS":"1","FECHA_INICIO":"","FECHA_FIN":"","DESCARGO":"DF202671759131(TP20267213816034)","ESTADODESC":"789","ESTADOINC":" ","CLI_PLAN":"1","FECHA_INIDESC":"05-08-2026 10:30","FECHA_FINDESC":"05-08-2026 17:30","FECHA_REPOSICION":"05-08-2026 17:30","id_alim":"1825"},"geometry":{"type":"Polygon","coordinates":[[[-70.59374224869522,-33.47481167278284],[-70.59376280933527,-33.47480471320925],[-70.5937824569746,-33.47479609824738],[-70.59380100239486,-33.474785910864554],[-70.59381826699307,-33.47477424917131],[-70.59383408450142,-33.47476122547674],[-70.59384830258871,-33.47474696520673],[-70.59386078432726,-33.47473160569602],[-70.59387140951169,-33.47471529486559],[-70.59388007581643,-33.47469818979813],[-70.59388669978124,-33.47468045522519],[-70.59389121761488,-33.47466226194069],[-70.59389358580943,-33.474643785156076],[-70.59389378155926,-33.47462520281299],[-70.59389180298058,-33.474606693869504],[-70.59388766912954,-33.474588436576724],[-70.59388141981867,-33.47457060676212],[-70.59387311523336,-33.47455337613623],[-70.5938628353523,-33.474536910638925],[-70.59385067917711,-33.474521368841465],[-70.5938367637789,-33.47450690041933],[-70.5938212231708,-33.47449364471076],[-70.59380420701737,-33.47448172937488],[-70.59378587919316,-33.474471269162386],[-70.59376641620457,-33.474462364810236],[-70.59374600549005,-33.47445510207183],[-70.59372484361491,-33.47444955089086],[-70.59370313437843,-33.474445764728],[-70.59368108685113,-33.474443780045846],[-70.59365891336137,-33.474443615957874],[-70.59348706640905,-33.47444941661965],[-70.59348695071007,-33.47444731064621],[-70.59351331555825,-33.47444657073348],[-70.59375778848322,-33.47444125312795],[-70.59375861857629,-33.47444120082953],[-70.59375945090824,-33.474441211835135],[-70.59397604397613,-33.47443516302754],[-70.5939981430883,-33.47443363350893],[-70.59401995689389,-33.47443029607262],[-70.59404127531269,-33.474425182860195],[-70.59406189303556,-33.47441834311504],[-70.59408161150155,-33.47440984270804],[-70.59410024081029,-33.47439976350325],[-70.59411760155085,-33.47438820256947],[-70.5941335265295,-33.47437527124539],[-70.59414786238005,-33.474361094067305],[-70.59416047104065,-33.474345807569755],[-70.59417123108358,-33.47432955897055],[-70.59418003888449,-33.474312504753065],[-70.59418680962045,-33.47429480915917],[-70.59419147808671,-33.47427664260734],[-70.59419399932469,-33.47425818005167],[-70.59419434905483,-33.474239599296695],[-70.59419252391045,-33.474221079285236],[-70.59418854147005,-33.474202798375],[-70.59418244008798,-33.4741849326209],[-70.59417427852502,-33.47416765407961],[-70.5941641353825,-33.474151129152446],[-70.59415210834517,-33.474135516983054],[-70.59413831324048,-33.474120967924556],[-70.59412288292314,-33.47410762209182],[-70.59410596599552,-33.47409560801194],[-70.5940877253766,-33.47408504138648],[-70.59406833673296,-33.47407602397734],[-70.5940479867871,-33.474068642626584],[-70.59402687151909,-33.4740629684203],[-70.59400519427939,-33.47405905600389],[-70.59398316383037,-33.47405694305586],[-70.59396099233591,-33.47405664992496],[-70.59374523132546,-33.474062675468936],[-70.59350074057726,-33.474067993429344],[-70.59349989163485,-33.47406804691367],[-70.59349904040066,-33.47406803577551],[-70.59345770390331,-33.4740691958506],[-70.59345310693652,-33.47402380063525],[-70.59355747421115,-33.474018298509506],[-70.59357950974389,-33.4740162231791],[-70.59360119643922,-33.47401234777308],[-70.59362232544116,-33.47400670961398],[-70.59364269326475,-33.47399936300073],[-70.59366210375582,-33.47399037868566],[-70.59368036997999,-33.473979843193185],[-70.59369731602312,-33.47396785798636],[-70.59371277868537,-33.473954538489856],[-70.59372660905294,-33.47394001297828],[-70.59373867393214,-33.47392442134081],[-70.59374885713225,-33.47390791373397],[-70.59375706058431,-33.473890649135456],[-70.59376320528563,-33.473872793813136],[-70.59376723206059,-33.47385451972383],[-70.59376910213042,-33.47383600285717],[-70.59376879748677,-33.473817421540716],[-70.59376632106486,-33.473798954722696],[-70.59376169671533,-33.473780780248475],[-70.59375496897448,-33.47376307314791],[-70.59374620263519,-33.473746003949685],[-70.59373548212307,-33.47372973703907],[-70.59372291068314,-33.47371442907481],[-70.59370860938576,-33.473700227480414],[-70.59369271596039,-33.47368726902441],[-70.59367538346932,-33.47367567850326],[-70.59365677883355,-33.473665567539456],[-70.59363708122528,-33.4736570335066],[-70.59361648034245,-33.47365015859165],[-70.59359517458174,-33.47364500900344],[-70.59357336912807,-33.47364163433504],[-70.59355127397858,-33.47364006708618],[-70.59352910192025,-33.473640322350285],[-70.59330608114081,-33.47365207962019],[-70.59330608114081,-33.47365207962019],[-70.59329513246828,-33.473652656804504],[-70.59329496622126,-33.47365267246148],[-70.59329479894723,-33.47365267459434],[-70.59308786248623,-33.47366384107836],[-70.59308011623266,-33.473661425027444],[-70.59305867663808,-33.473656681547766],[-70.59303678549256,-33.47365372202569],[-70.59301465361844,-33.473652574962834],[-70.59299249415638,-33.47365325140609],[-70.59297052051274,-33.473655744840954],[-70.59294894430437,-33.473660031254546],[-70.5929279733208,-33.47366606936659],[-70.59290780952291,-33.47367380102717],[-70.59288864709828,-33.47368315177667],[-70.59287067059091,-33.47369403156272],[-70.59285405312396,-33.473706335607616],[-70.59283895473261,-33.47371994541727],[-70.5928255208228,-33.47373472992232],[-70.59281388077079,-33.47375054674046],[-70.59280414667735,-33.47376724354757],[-70.59279641228801,-33.4737846595447],[-70.59279075209024,-33.47380262700661],[-70.59278722059605,-33.473820972897066],[-70.59278585181703,-33.4738395205353],[-70.59278561287064,-33.47385531177962],[-70.59278592935836,-33.47386259374561],[-70.59278606159161,-33.47386987969756],[-70.59278633275359,-33.47387187533668],[-70.59278641999049,-33.47387388254167],[-70.59278758664406,-33.47388110344565],[-70.59278857039669,-33.47388834345167],[-70.5927890736606,-33.473890307207114],[-70.59278939523773,-33.4738922975809],[-70.59279140082216,-33.473899387881545],[-70.59279322662066,-33.47390651221637],[-70.59279395713989,-33.473908425176084],[-70.59279450996043,-33.473910379550276],[-70.59279733516136,-33.47391727096401],[-70.59279998542276,-33.47392421101621],[-70.59280093616212,-33.47392605475732],[-70.59280171490225,-33.47392795431021],[-70.59280533251184,-33.47393458046878],[-70.5928087817131,-33.473941269401784],[-70.59280994351658,-33.47394302616798],[-70.59281094067671,-33.47394485260579],[-70.5928153158558,-33.473951149695544],[-70.59281953077954,-33.473957523091],[-70.5928208924584,-33.47395917596363],[-70.59282209843543,-33.47396091169671],[-70.59282718904893,-33.47396681907306],[-70.59283212910339,-33.47397281555149],[-70.592833677544,-33.4739743486124],[-70.59283508072376,-33.473975976924635],[-70.59284083774644,-33.473981437696104],[-70.59284645535632,-33.473986999507915],[-70.59284817564635,-33.47398839799287],[-70.59284976251553,-33.47398990320265],[-70.59285613050415,-33.47399486477875],[-70.59286237156891,-33.47399993836048],[-70.59286424714104,-33.47400118880119],[-70.5928660024172,-33.47400255641249],[-70.59287292004458,-33.47400697101036],[-70.59287972445922,-33.47401150750034],[-70.59288173725061,-33.474012597854376],[-70.59288364402944,-33.47401381469625],[-70.5928910446747,-33.47401763980054],[-70.59289834690907,-33.474021595509846],[-70.59290047753545,-33.47402251527646],[-70.59290251745354,-33.47402356962998],[-70.59291032984419,-33.474026768402716],[-70.59291805957346,-33.47403010523542],[-70.59292028751558,-33.47403084555666],[-70.5929224409274,-33.474031727267814],[-70.59293058982577,-33.474034268903],[-70.59293867260784,-33.47403695472334],[-70.59294097640924,-33.47403750846947],[-70.59294322257618,-33.474038209046846],[-70.59295162950352,-33.47404006906699],[-70.59295998749634,-33.47404207800891],[-70.59296234497008,-33.474042439847025],[-70.59296466226019,-33.47404295254364],[-70.59297324625254,-33.47404411303556],[-70.59298179896376,-33.474045425751804],[-70.59298418740599,-33.47404559219723],[-70.59298655350227,-33.47404591207549],[-70.5929952318903,-33.47404636186295],[-70.59300190262364,-33.47404682673115],[-70.59302519363116,-33.47427683746463],[-70.5930254842563,-33.47428212800403],[-70.59304492994683,-33.474636115385266],[-70.59304560469548,-33.47464204400829],[-70.59304602954111,-33.47464798888516],[-70.59304665682268,-33.47465128843447],[-70.59304703536948,-33.47465461450324],[-70.59304840028001,-33.47466045915277],[-70.59304951839195,-33.47466634050554],[-70.59305052856796,-33.474669572640146],[-70.59305129430867,-33.4746728515982],[-70.59305333623664,-33.474678555987026],[-70.59305513684725,-33.474684317174926],[-70.59305652018942,-33.47468745076757],[-70.59305766574971,-33.47469065103669],[-70.59306036503064,-33.47469616022831],[-70.59306283079945,-33.47470174576787],[-70.59306457398559,-33.47470475064024],[-70.5930660883333,-33.47470784140006],[-70.59306941897194,-33.474713102337795],[-70.59307252615257,-33.474718458437096],[-70.593074612395,-33.474721305650554],[-70.59307648094632,-33.474724257135215],[-70.59308041086702,-33.47472921915321],[-70.59308412953588,-33.47473429422994],[-70.59308653874308,-33.4747369563642],[-70.59308874350296,-33.474739740149246],[-70.59309323485864,-33.474744355460395],[-70.59309752920306,-33.47474910063857],[-70.59310023817308,-33.47475155205568],[-70.59310275790857,-33.474754141331644],[-70.59310776744508,-33.474758365487766],[-70.59311259610828,-33.47476273506861],[-70.59311557875236,-33.474764952160044],[-70.593118389197,-33.47476732199061],[-70.59312386866978,-33.47477111431062],[-70.59312918514912,-33.47477506621246],[-70.59313241274268,-33.47477702762625],[-70.59313548683038,-33.474779155188635],[-70.59314138346896,-33.474782479150186],[-70.5931471365638,-33.47478597531389],[-70.59315057802331,-33.47478766216053],[-70.5931538861488,-33.474789526964955],[-70.59316014316519,-33.47479235055637],[-70.59316627746989,-33.47479535731177],[-70.59316989965205,-33.474796753345856],[-70.59317340995624,-33.47479833743321],[-70.59317996709186,-33.47480063346165],[-70.5931864235293,-33.47480312185186],[-70.59319019155026,-33.474804213628715],[-70.59319387022693,-33.47480550174333],[-70.5932006643327,-33.47480724809665],[-70.59320738072354,-33.474809194156975],[-70.59321125829509,-33.47480997116219],[-70.59321506991628,-33.47481095089868],[-70.59322203556063,-33.47481213075838],[-70.59322894722223,-33.47481351574718],[-70.59323289700117,-33.47481397049774],[-70.59323680485852,-33.47481463242063],[-70.59324387495792,-33.474815234423986],[-70.5932509153269,-33.47481604500296],[-70.59342653491288,-33.47482894710342],[-70.59342986947416,-33.47482905433197],[-70.59343318740223,-33.474829353011685],[-70.59344094293176,-33.47482941041736],[-70.59344869306081,-33.47482965963503],[-70.59345202410665,-33.47482949243831],[-70.59345536099158,-33.47482951713716],[-70.5936771013383,-33.47482203234977],[-70.59369918734333,-33.47482037425335],[-70.59372097306554,-33.474816909943236],[-70.59374224869522,-33.47481167278284]]]}},{"type":"Feature","properties":{"numpos":"32574","TIPO":"DESCARGO","TENSION":"MT","INCIDENCIA":"DF202671765124","CLITOTAL":"20","CANTAVISOS":"","FECHA_INICIO":"","FECHA_FIN":"","DESCARGO":"DF202671765124(TP20267213816006)","ESTADODESC":"789","ESTADOINC":" ","CLI_PLAN":"1","FECHA_INIDESC":"03-08-2026 10:00","FECHA_FINDESC":"03-08-2026 17:00","FECHA_REPOSICION":"03-08-2026 17:00","id_alim":"1945"},"geometry":{"type":"Polygon","coordinates":[[[-70.62945574173006,-33.457047126152],[-70.62946089000546,-33.45703048295923],[-70.62947682023592,-33.456967303639956],[-70.62947846610948,-33.45695871102609],[-70.6294801757756,-33.45695012716813],[-70.62948022308397,-33.456949538385835],[-70.6294803346885,-33.456948955731754],[-70.62948096785297,-33.45694026926974],[-70.62948166552687,-33.45693158628041],[-70.62948164375777,-33.456930996446424],[-70.62948168669183,-33.45693040742862],[-70.62948130105013,-33.45692171077383],[-70.62948098001348,-33.45691301227503],[-70.62948088937661,-33.456912427069824],[-70.62948086322676,-33.45691183736087],[-70.62947946249346,-33.45690321426691],[-70.62947812583867,-33.45689458402983],[-70.62944490795306,-33.456739981007324],[-70.62944393109812,-33.45673644050722],[-70.62944320844176,-33.45673285731512],[-70.62944143484226,-33.45672739310895],[-70.62943991262254,-33.45672187599389],[-70.629438526455,-33.4567184327824],[-70.62943738828282,-33.45671492623565],[-70.62943498427802,-33.45670963408663],[-70.6294328242318,-33.45670426857468],[-70.62943104209714,-33.45670095581268],[-70.62942949937495,-33.45669755968031],[-70.62942648812357,-33.456692490552804],[-70.62942371104704,-33.45668732831841],[-70.62942155010428,-33.456684177910965],[-70.62941961769363,-33.45668092489817],[-70.62941602820216,-33.45667612760784],[-70.62941266083402,-33.45667121836851],[-70.62941014189056,-33.45666826065765],[-70.62940783840567,-33.45666518209075],[-70.62940370524862,-33.456660702834625],[-70.62939978001306,-33.45665609387215],[-70.62939692732438,-33.456653357344464],[-70.62939427495259,-33.456650482869435],[-70.62938963793961,-33.45664636478105],[-70.62938519263385,-33.45664210048587],[-70.62938203367011,-33.4566396114983],[-70.62937905795816,-33.45663696879508],[-70.62937396175026,-33.45663325152924],[-70.629369039181,-33.45662937297313],[-70.62936560436239,-33.45662715549882],[-70.62936233397038,-33.45662477001512],[-70.62935682764999,-33.456621489366206],[-70.62935147522094,-33.45661803390623],[-70.62934779762485,-33.456616109303695],[-70.62934426405018,-33.456614004009886],[-70.62933840064818,-33.456611191567234],[-70.6293326699038,-33.45660819248601],[-70.62932878494632,-33.45660657929337],[-70.62932502222024,-33.45660477446137],[-70.62931885820528,-33.4566024573052],[-70.62931280433445,-33.45659994349026],[-70.62930874942938,-33.45659865724658],[-70.62930479378917,-33.45659717025467],[-70.62929838852385,-33.45659537069551],[-70.62929206982822,-33.456593366360885],[-70.62928788402644,-33.45659241945627],[-70.62928377356687,-33.4565912646221],[-70.62881148936293,-33.456479857852656],[-70.62880251447234,-33.45647813415993],[-70.62879357503996,-33.45647628553184],[-70.62878553679644,-33.456474970213094],[-70.62876359579928,-33.456472308978945],[-70.62874144926298,-33.456471463223316],[-70.6287193104694,-33.456472441091286],[-70.62869739262585,-33.45647523316559],[-70.62867590681184,-33.45647981255717],[-70.6286550599463,-33.456486135164354],[-70.62863505279492,-33.456494140097334],[-70.62861607803666,-33.45650375026474],[-70.62859831840822,-33.4565148731159],[-70.62858194494417,-33.45652740153225],[-70.62856711532989,-33.45654121485888],[-70.62855397238279,-33.456556180066464],[-70.62854264267716,-33.45657215303238],[-70.62853323532495,-33.45658897992876],[-70.62852584092502,-33.45660649870377],[-70.6285205306906,-33.456624540642395],[-70.62851735576339,-33.45664293199109],[-70.62851634672104,-33.45666149563127],[-70.62851751328255,-33.45668005278494],[-70.62852084421466,-33.45669842473645],[-70.62852630744001,-33.45671643455364],[-70.62853385034592,-33.45673390879185],[-70.62854340029112,-33.456750679164195],[-70.62855486530529,-33.45676658416236],[-70.62856813497461,-33.45678147061197],[-70.62858308150533,-33.45679519514785],[-70.6285995609542,-33.45680762559459],[-70.62861741461495,-33.45681864223969],[-70.62863647054662,-33.45682813898626],[-70.62865654522945,-33.45683602437492],[-70.62867744533234,-33.45684222246475],[-70.62869647166697,-33.45684615701043],[-70.62899509303377,-33.45691659878515],[-70.62899239056316,-33.45692211522089],[-70.62898938828735,-33.456927704240414],[-70.6289881821964,-33.456930705575516],[-70.62898674698069,-33.45693363521806],[-70.62898464567262,-33.4569395061486],[-70.62898231140835,-33.4569453149204],[-70.62898146208776,-33.45694840089491],[-70.6289803763623,-33.45695143434676],[-70.62897897169319,-33.456957449649174],[-70.62897732792109,-33.45696342223175],[-70.62897684355053,-33.45696656312606],[-70.62897611777163,-33.456969671173475],[-70.62897542326961,-33.456975772917225],[-70.62897448582052,-33.45698185179136],[-70.62897437106497,-33.45698501735697],[-70.62897401222253,-33.45698817006778],[-70.62897403457649,-33.45699429948979],[-70.628973812479,-33.45700042611264],[-70.62897406844384,-33.457003585863404],[-70.62897407999394,-33.45700675287528],[-70.62897481898905,-33.45701285094581],[-70.62897531438257,-33.45701896631469],[-70.62897593860298,-33.45702208982047],[-70.62897632043459,-33.45702524063335],[-70.62897776895439,-33.45703124862462],[-70.62897897706843,-33.45703729384508],[-70.628979963533,-33.45704035102479],[-70.62898071196916,-33.45704345529458],[-70.628982856064,-33.457049315346325],[-70.6289847652642,-33.45705523219947],[-70.62898565002082,-33.457057188674305],[-70.62890880544688,-33.457336808059196],[-70.62890812926126,-33.45733997089838],[-70.628907465994,-33.457342187195806],[-70.6288819920798,-33.45744934220301],[-70.62885114064814,-33.45744239286288],[-70.62884878308077,-33.45744196455204],[-70.62884647169093,-33.457441385820225],[-70.6285341839658,-33.45737699838462],[-70.62851242203753,-33.457373450479764],[-70.62849035002107,-33.45737170759197],[-70.62846818048062,-33.457371786506165],[-70.6284461269196,-33.45737368646242],[-70.62842440172452,-33.45737738916323],[-70.6284032141196,-33.45738285894985],[-70.62838276815195,-33.4573900431456],[-70.6283632607265,-33.457398872563196],[-70.62834487970967,-33.45740926217101],[-70.62832780212027,-33.45742111191199],[-70.62831219242454,-33.45743430766721],[-70.62829820095251,-33.457448722354926],[-70.62828596245002,-33.45746421715436],[-70.62827559478113,-33.45748064284264],[-70.62826719779295,-33.45749784123185],[-70.62826085235412,-33.45751564669248],[-70.62825661957585,-33.45753388774851],[-70.62825454022344,-33.45755238872872],[-70.62825463432354,-33.45757097145867],[-70.62825690097131,-33.45758945697645],[-70.62826131833904,-33.45760766725625],[-70.62826784388633,-33.45762542692289],[-70.6282764147697,-33.45764256494069],[-70.6282869484478,-33.457658916260755],[-70.62829934347626,-33.45767432341038],[-70.62831348048466,-33.45768863800979],[-70.62832922332609,-33.45770172220099],[-70.62834642038834,-33.45771344997547],[-70.62836490605393,-33.45772370838784],[-70.62838450229523,-33.457732398643444],[-70.62840502038891,-33.4577394370499],[-70.62842626273348,-33.45774475582317],[-70.62873621082328,-33.457808660847185],[-70.62881244352239,-33.45782583237503],[-70.62887737289006,-33.457875931195574],[-70.62888507506263,-33.45788131353915],[-70.62889271673016,-33.4578867561401],[-70.62889358745265,-33.45788726206821],[-70.62889440121333,-33.45788783073089],[-70.62890269569478,-33.4578925543572],[-70.62891093700878,-33.45789734292167],[-70.62891186270038,-33.457897774876244],[-70.62891273904052,-33.457898273943215],[-70.62892154595025,-33.457902293360945],[-70.62893030754206,-33.45790638177223],[-70.62893127928785,-33.45790673559329],[-70.62893220976771,-33.457907160258216],[-70.6289414442902,-33.45791043675799],[-70.62895064178039,-33.4579137856422],[-70.62895165022181,-33.45791405792221],[-70.62895262588043,-33.45791440409537],[-70.62896219908167,-33.457916906122456],[-70.62897174389296,-33.45791948322791],[-70.62897277931822,-33.457919671344676],[-70.62897379075932,-33.457919935692146],[-70.62897769769525,-33.45792061344344],[-70.62897912561822,-33.45792098709886],[-70.62900083386698,-33.45792475951949],[-70.62902287872127,-33.457926730255735],[-70.62904504787574,-33.45792688032817],[-70.6290671278279,-33.457925208291584],[-70.6290889059344,-33.45792173024874],[-70.62911017245888,-33.45791647969534],[-70.62913072259197,-33.45790950719744],[-70.62915035842366,-33.45790087990442],[-70.62916889084946,-33.45789068090233],[-70.62918614139141,-33.457879008413705],[-70.62920194391717,-33.457865974851515],[-70.62921614623978,-33.45785170573668],[-70.62922861158343,-33.45783633848913],[-70.62923921990057,-33.45782002110439],[-70.6292478690281,-33.45780291072825],[-70.62925447567123,-33.45778517214336],[-70.62930558277785,-33.45761982733584],[-70.62930839646602,-33.45760955476171],[-70.62935370307054,-33.457420113289736],[-70.62945289149461,-33.45706027181023],[-70.62945543772835,-33.45704783626686],[-70.62945574173006,-33.457047126152]]]}},{"type":"Feature","properties":{"numpos":"16303","TIPO":"DESCARGO","TENSION":"MT","INCIDENCIA":"DF202671757587","CLITOTAL":"128","CANTAVISOS":"2","FECHA_INICIO":"","FECHA_FIN":"","DESCARGO":"DF202671757587(TP20267213815860)","ESTADODESC":"789","ESTADOINC":" ","CLI_PLAN":"1","FECHA_INIDESC":"02-08-2026 09:45","FECHA_FINDESC":"02-08-2026 16:00","FECHA_REPOSICION":"02-08-2026 19:00","id_alim":"1951"},"geometry":{"type":"Polygon","coordinates":[[[-70.6363087969536,-33.45837081438499],[-70.63630879691998,-33.4583708145388],[-70.6363058733304,-33.45838923508875],[-70.63630511787339,-33.45840780713487],[-70.63630653782582,-33.45842635181827],[-70.6363101195141,-33.4584446905435],[-70.63631582844597,-33.45846264669846],[-70.63632360964249,-33.45848004735538],[-70.63633338816753,-33.45849672493604],[-70.63634506984941,-33.45851251882587],[-70.63635854218776,-33.458527276920634],[-70.63637367543704,-33.45854085709126],[-70.63639032385584,-33.45855312855286],[-70.63640832711066,-33.45856397312398],[-70.63642751181993,-33.45857328636502],[-70.63644769322377,-33.45858097858394],[-70.63646867696337,-33.458586975700115],[-70.63649026095285,-33.45859121995776],[-70.63651223732543,-33.45859367048213],[-70.63653439443536,-33.45859430367328],[-70.6365565188963,-33.45859311343319],[-70.63657839763636,-33.458590111224645],[-70.6365998199501,-33.458585325960776],[-70.63662057952786,-33.45857880372659],[-70.63664047644266,-33.45857060733513],[-70.63665931907563,-33.45856081572258],[-70.63667692596142,-33.458549523188],[-70.63669312753589,-33.45853683848515],[-70.63670776776904,-33.45852288377522],[-70.63672070566774,-33.45850779345012],[-70.63673181663349,-33.45849171283844],[-70.63674099366243,-33.45847479680564],[-70.63674814837573,-33.458457208262665],[-70.63675321187075,-33.45843911659704],[-70.63686278133501,-33.45793822245561],[-70.63686278175422,-33.45793821981433],[-70.63686453269004,-33.457930229013996],[-70.6368646338929,-33.45792959281414],[-70.6368648039518,-33.457928967012826],[-70.63686681513033,-33.45791942530228],[-70.6369271617321,-33.4576416050043],[-70.63692716197107,-33.457641603484085],[-70.63692716238666,-33.45764160199079],[-70.63693296315232,-33.45761489421386],[-70.63693333768141,-33.45761317546055],[-70.63693333768141,-33.45761317546055],[-70.63693372396028,-33.457611402786455],[-70.63693373448442,-33.45761133612789],[-70.6369337526973,-33.45761127064409],[-70.63700075537795,-33.45730254853249],[-70.63700364829049,-33.45728412458054],[-70.63700437284628,-33.457265551666055],[-70.63700292206886,-33.45724700865636],[-70.63699930993135,-33.45722867413065],[-70.63699357122192,-33.45721072466022],[-70.63698576120868,-33.45719333310794],[-70.63697595510729,-33.45717666696357],[-70.63696424735669,-33.45716088673072],[-70.63695075070949,-33.4571461443811],[-70.6369355951461,-33.45713258189104],[-70.63691892662291,-33.45712032987417],[-70.63690090566666,-33.45710950632353],[-70.63688170582857,-33.457100215475336],[-70.63686151201279,-33.45709254680501],[-70.63684051869586,-33.45708657416565],[-70.63681892805378,-33.45708235507673],[-70.63679694801498,-33.45707993017019],[-70.63677479025786,-33.457079322799075],[-70.63675266817239,-33.45708053881269],[-70.63673079480495,-33.457083566500295],[-70.63670938080672,-33.45708837670384],[-70.63668863240505,-33.457094923098715],[-70.63666874941741,-33.45710314264001],[-70.63664992332698,-33.45711295616951],[-70.63663233543876,-33.45712426917811],[-70.63661615513341,-33.45713697271591],[-70.63660153823609,-33.45715094444146],[-70.63658862551574,-33.45716604979999],[-70.6365775413294,-33.457182143319145],[-70.63656839242456,-33.457199070010006],[-70.63656126691117,-33.45721666685974],[-70.63655623341293,-33.457234764401356],[-70.63648924352806,-33.45754342024783],[-70.63648887163738,-33.45754512685283],[-70.63648887163723,-33.45754512685383],[-70.63648887163696,-33.45754512685483],[-70.63648848534923,-33.45754689952783],[-70.63648847676008,-33.457546953928734],[-70.63648846188774,-33.457547007369236],[-70.63648264960463,-33.45757376754126],[-70.63643626431363,-33.45778730863415],[-70.63643367785549,-33.45779021066647],[-70.6364222142173,-33.457806116368715],[-70.63641266573865,-33.4578228873156],[-70.63640512437749,-33.45784036199419],[-70.63639966276236,-33.457858372114075],[-70.63639633349284,-33.45787674422819],[-70.63639516863297,-33.45789530140319],[-70.63639617940237,-33.45791386492334],[-70.63639935606814,-33.45793225601169],[-70.63640244070389,-33.45794273264861],[-70.63630879695377,-33.458370814384274],[-70.6363087969536,-33.45837081438499]]]}},{"type":"Feature","properties":{"numpos":"2894","TIPO":"DESCARGO","TENSION":"MT","INCIDENCIA":"DF202671757587","CLITOTAL":"128","CANTAVISOS":"","FECHA_INICIO":"","FECHA_FIN":"","DESCARGO":"DF202671757587(TP20267213815860)","ESTADODESC":"789","ESTADOINC":" ","CLI_PLAN":"1","FECHA_INIDESC":"02-08-2026 09:45","FECHA_FINDESC":"02-08-2026 16:00","FECHA_REPOSICION":"02-08-2026 19:00","id_alim":"1951"},"geometry":{"type":"Polygon","coordinates":[[[-70.6376778214659,-33.46055545837448],[-70.63769903119854,-33.46055004725635],[-70.63771950601783,-33.460542919686205],[-70.63773904873909,-33.46053414430697],[-70.63775747115456,-33.46052380563079],[-70.63777459584576,-33.460512003225354],[-70.6377902578924,-33.4604988507548],[-70.63780430646041,-33.4604844748852],[-70.63781660625475,-33.46046901406462],[-70.63782703882227,-33.460452617189695],[-70.6378355036924,-33.46043544217175],[-70.63784191934488,-33.46041765441598],[-70.63784622399464,-33.46039942522846],[-70.63784837618685,-33.460380930166465],[-70.63784835519611,-33.46036234734757],[-70.63784616122594,-33.460343855734436],[-70.63784181540682,-33.46032563341129],[-70.63783535959263,-33.46030785586877],[-70.63782685595751,-33.46029069431398],[-70.63781638639706,-33.460274314021646],[-70.63780405173961,-33.46025887274246],[-70.63778997077512,-33.46024451918377],[-70.63777427911121,-33.46023139157769],[-70.6377571278671,-33.46021961634964],[-70.63773868221837,-33.46020930690095],[-70.63771911980606,-33.46020056251673],[-70.63769862902615,-33.46019346740974],[-70.63767740721498,-33.46018808990935],[-70.63750674852038,-33.460152402972746],[-70.6373028088708,-33.460109416295374],[-70.63726379671655,-33.460025630560516],[-70.63732325175113,-33.45981081186334],[-70.63740822205457,-33.45950382909848],[-70.6374082221657,-33.45950382858328],[-70.63740822233655,-33.4595038280797],[-70.63748907183071,-33.459211723833725],[-70.6374892022829,-33.45921111908515],[-70.63748939824852,-33.45921052688867],[-70.63749103708221,-33.45920442645343],[-70.63749124910002,-33.459203629213526],[-70.6374925618847,-33.4591986421897],[-70.63756820930749,-33.45891715751315],[-70.6375713071863,-33.458905979113005],[-70.63792595762297,-33.45897914935436],[-70.63792994193722,-33.458979975530255],[-70.63815681426128,-33.459027123220736],[-70.6381785686995,-33.459030704692545],[-70.63820063719714,-33.45903248162753],[-70.63822280722115,-33.45903243691281],[-70.63824486526066,-33.459030570979],[-70.63826659888335,-33.45902690179626],[-70.6382877987813,-33.45902146470107],[-70.63830826078679,-33.45901431205599],[-70.63832778783855,-33.45900551274536],[-70.63834619187972,-33.45899515151182],[-70.63836329566881,-33.45898332814027],[-70.6383789344868,-33.45897015649682],[-70.63839295772334,-33.458955763432144],[-70.63840523032734,-33.45894028755991],[-70.6384156341075,-33.45892387792173],[-70.63842406887055,-33.45890669255185],[-70.63843045338612,-33.458888896955116],[-70.63843472616904,-33.45887066251318],[-70.63843684607136,-33.45885216483381],[-70.63843679267865,-33.45883358205988],[-70.63843456650646,-33.45881509315361],[-70.63843018899546,-33.458796876173125],[-70.63842370230466,-33.45877910655762],[-70.63841516890562,-33.45876195543786],[-70.63840467098052,-33.458745587988076],[-70.6383923096309,-33.45873016183523],[-70.63837820390376,-33.458715825541105],[-70.63836248964517,-33.45870271717144],[-70.63834531819201,-33.45869096296644],[-70.6383268549144,-33.458680676124985],[-70.63830727762321,-33.45867195571445],[-70.63828677485768,-33.4586648857167],[-70.63826554406958,-33.45865953421933],[-70.63803861597528,-33.45861237491751],[-70.6380385586059,-33.45861236547256],[-70.63803850260847,-33.45861235138402],[-70.63803433311428,-33.458611486809346],[-70.63803420303876,-33.45861146545305],[-70.63803407604242,-33.45861143363762],[-70.6376987909022,-33.45854225877487],[-70.63769703036881,-33.458541516363724],[-70.63768928948386,-33.458539015051436],[-70.63768162471816,-33.458536354139646],[-70.63767895114837,-33.458535674423906],[-70.63767634430313,-33.45853483207351],[-70.63766834819548,-33.4585329787786],[-70.63766456353241,-33.45853201658324],[-70.637664064944,-33.458528410288835],[-70.63766370657174,-33.45852383714674],[-70.63766278966747,-33.45851918620046],[-70.63766214226351,-33.45851450352014],[-70.63766098352141,-33.45851002462274],[-70.63766009210187,-33.45850550294461],[-70.6376586357417,-33.4585009497247],[-70.63765744387324,-33.458496342782055],[-70.63765576695893,-33.45849198065139],[-70.63765435107726,-33.45848755398343],[-70.63765236928708,-33.45848314233984],[-70.63765064443275,-33.45847865550206],[-70.63764846549611,-33.458474452147804],[-70.63764653878833,-33.45847016312114],[-70.63764405065409,-33.45846593554029],[-70.63764180942547,-33.45846161201806],[-70.63763914945109,-33.458457607920664],[-70.63763673047266,-33.45845349784088],[-70.63763375995673,-33.458449495036575],[-70.63763102393827,-33.45844537646762],[-70.6376279085433,-33.45844161018862],[-70.63762502059056,-33.45843771863789],[-70.6376215963007,-33.45843397915917],[-70.63761839184197,-33.45843010520747],[-70.63761485102955,-33.45842661301812],[-70.6376115219151,-33.458422977473994],[-70.6376076768292,-33.45841953733395],[-70.637604034791,-33.45841594530763],[-70.63760010266112,-33.458412760839444],[-70.63759636444625,-33.45840941631414],[-70.63759213559463,-33.45840630864305],[-70.63758809105177,-33.45840303313511],[-70.63758380547294,-33.4584001870561],[-70.63757969415877,-33.45839716575908],[-70.63757512226756,-33.45839442048542],[-70.63757071417113,-33.45839149304065],[-70.63756611641581,-33.45838901276],[-70.63756167159637,-33.45838634378783],[-70.63755680069522,-33.4583839873499],[-70.63755207149755,-33.45838143616105],[-70.63754720584448,-33.4583793455651],[-70.63754247032571,-33.45837705462132],[-70.63753734732391,-33.45837510971281],[-70.63753234256956,-33.45837295934913],[-70.63752725587737,-33.4583712785713],[-70.63752227526477,-33.45836938771887],[-70.6375169494995,-33.45836787307024],[-70.63751171738669,-33.458366144240735],[-70.63750645864278,-33.45836488946778],[-70.63750128090211,-33.45836341691652],[-70.63749580366299,-33.45836234711454],[-70.63749039457966,-33.45836105646871],[-70.63748501442835,-33.458360239784724],[-70.63747968942376,-33.45835919971604],[-70.63747411345926,-33.4583585850634],[-70.63746857949754,-33.45835774503087],[-70.63746312975229,-33.4583573743009],[-70.63745770876616,-33.45835677673118],[-70.63745208777564,-33.45835662314733],[-70.63744648223019,-33.458356241817974],[-70.63744101537469,-33.45835632061236],[-70.63743555061377,-33.45835617129647],[-70.63742993872998,-33.458356480260484],[-70.637424315585,-33.458356561306736],[-70.63741888426779,-33.458357088866634],[-70.6374134283603,-33.458357389242586],[-70.63740787962846,-33.45835815777903],[-70.6374022930375,-33.45835870042035],[-70.6373969495647,-33.45835967166512],[-70.63739155505377,-33.45836041884018],[-70.6373861229108,-33.45836163954767],[-70.63738062667551,-33.45836263855821],[-70.63737542250738,-33.45836404413429],[-70.63737014134477,-33.458365230912804],[-70.63736218767366,-33.458367373998165],[-70.63735672665352,-33.45836909754137],[-70.63735117591398,-33.458370606341134],[-70.63734758585124,-33.45837192054517],[-70.63734390351809,-33.45837304111794],[-70.63734269434939,-33.45837352625143],[-70.6373414397856,-33.45837392220191],[-70.63733620660786,-33.45837608611137],[-70.63733085903118,-33.45837804368257],[-70.63732743993472,-33.458379646510146],[-70.63732390636955,-33.45838106421956],[-70.63732275975349,-33.45838164635962],[-70.637321557532,-33.45838214347579],[-70.63731660259475,-33.458384726911994],[-70.63731150968081,-33.45838711440226],[-70.63721743375314,-33.458436445140805],[-70.63716384383352,-33.45842432000413],[-70.63715905693635,-33.458420818500855],[-70.6371558736712,-33.45841891630807],[-70.63715284102983,-33.458416848426076],[-70.63714685255337,-33.458413525645526],[-70.63714100477017,-33.45841003124129],[-70.63713761439602,-33.45840839973806],[-70.63713435454505,-33.45840659096855],[-70.6371280063477,-33.45840377618795],[-70.63712177809704,-33.458400779051125],[-70.63711821326498,-33.458399433949666],[-70.6371147575984,-33.45839790171195],[-70.63710811081661,-33.4583956220391],[-70.63710156207956,-33.458393151033526],[-70.63709785712055,-33.45839210528774],[-70.63709423891831,-33.458390864338114],[-70.63708735756391,-33.45838914172737],[-70.6370805514081,-33.45838722065007],[-70.6370767420029,-33.45838648433109],[-70.63707299610991,-33.458385546620406],[-70.63706594645355,-33.45838439766134],[-70.63705894842573,-33.45838304501327],[-70.63705507126073,-33.45838262521217],[-70.63705123375183,-33.45838199977112],[-70.63704408368534,-33.45838143552878],[-70.63703696117979,-33.45838066433659],[-70.6370330535939,-33.45838056509627],[-70.63702916142621,-33.45838025794814],[-70.6370219798082,-33.458380283856485],[-70.63701480141805,-33.45838010154712],[-70.63701090104324,-33.45838032382331],[-70.6370069917002,-33.45838033792612],[-70.63699984769309,-33.45838095373563],[-70.63699268254976,-33.45838136206487],[-70.63698882694848,-33.45838190371699],[-70.63698493807904,-33.45838223893488],[-70.63697790048319,-33.458383438714996],[-70.6369772611588,-33.458383528530064],[-70.6367485189958,-33.45833405293342],[-70.63674671884843,-33.458333741643095],[-70.63674495833826,-33.45833330870065],[-70.63673667183889,-33.45833163622346],[-70.63672680609447,-33.45831512676301],[-70.63671498213651,-33.45829940744392],[-70.6367013769402,-33.45828473524932],[-70.63668612153128,-33.458271251479985],[-70.63666936282773,-33.45825908599133],[-70.63665126222475,-33.45824835594314],[-70.63663199404057,-33.45823916467109],[-70.63661174383752,-33.45823160069171],[-70.63659070663525,-33.45822573684981],[-70.6365690850323,-33.45822162961716],[-70.63654708725531,-33.45821931854841],[-70.63652492515351,-33.458218825900275],[-70.63650281215864,-33.45822015641729],[-70.63648096122961,-33.45822329728594],[-70.63645958280152,-33.45822821825822],[-70.63643888275912,-33.458234871942736],[-70.63641906045417,-33.45824319426134],[-70.63640030678548,-33.45825310506602],[-70.63638549880173,-33.45826275222417],[-70.63617826815141,-33.45821969513447],[-70.63615651369902,-33.45821611452034],[-70.63613444529346,-33.45821433844904],[-70.63611227546414,-33.45821438402504],[-70.63609021771728,-33.4582162508095],[-70.63606848447967,-33.45821992082438],[-70.63604728505301,-33.4582253587257],[-70.63602682359826,-33.458232512143894],[-70.63600729716944,-33.458241312188015],[-70.63598889381606,-33.45825167410934],[-70.63597179077198,-33.45826349811748],[-70.6359561527486,-33.45827667034131],[-70.63594213034877,-33.45829106392573],[-70.63592985861614,-33.458306540253155],[-70.6359194557348,-33.45832295027862],[-70.63591102189098,-33.45834013596511],[-70.63590463830828,-33.45835793180536],[-70.63590036646521,-33.45837616641603],[-70.63589824750332,-33.45839466418804],[-70.63589830183071,-33.45841324697777],[-70.63590052892557,-33.45843173582279],[-70.6359049073411,-33.458449952665205],[-70.63591139491203,-33.45846772206667],[-70.63591992916062,-33.458484872897714],[-70.63593042789836,-33.45850123998605],[-70.63594279001735,-33.458516665707194],[-70.63595689646414,-33.45853100150243],[-70.63597261138612,-33.458544109309656],[-70.63598978343998,-33.45855586289295],[-70.6360082472491,-33.45856614905835],[-70.63602782499629,-33.4585748687439],[-70.6360483281364,-33.45858193797384],[-70.6360695592119,-33.45858728866727],[-70.63622703950486,-33.458620008959606],[-70.63624986581834,-33.458650431480166],[-70.63623549461106,-33.45871918141873],[-70.63615922745188,-33.45907935023942],[-70.63615922551641,-33.45907936298784],[-70.6361592221015,-33.45907937551625],[-70.63615188221331,-33.459114065051324],[-70.63606080349571,-33.459544239047524],[-70.63599428871483,-33.459853564788204],[-70.63597466909887,-33.459855341837745],[-70.63595296670609,-33.45985913957203],[-70.63593181291935,-33.459864702009604],[-70.63591141146006,-33.4598719755815],[-70.63589195880448,-33.4598808902397],[-70.63587364229164,-33.45989136013167],[-70.63585663831908,-33.45990328442718],[-70.63584111064418,-33.45991654828927],[-70.63582720880703,-33.45993102398037],[-70.63581506669021,-33.45994657209212],[-70.6358048012296,-33.45996304288827],[-70.63579651128798,-33.45998027774647],[-70.6357902767031,-33.45999811068598],[-70.6357861575186,-33.46001636996612],[-70.63578419340578,-33.460034879740256],[-70.6357844032815,-33.460053461749126],[-70.63578678512593,-33.46007193703782],[-70.63579131600194,-33.46009012767903],[-70.635797952276,-33.460107858486694],[-70.6358066300382,-33.46012495870305],[-70.63581726571796,-33.460141263643244],[-70.63582975688854,-33.460156616281246],[-70.63584398325358,-33.460170868762255],[-70.63585980780563,-33.46018388382652],[-70.63587707814551,-33.46019553613126],[-70.63589562795008,-33.46020571345785],[-70.63591084000313,-33.46021237429496],[-70.63591010999887,-33.46022170193314],[-70.63591083418618,-33.46024027485696],[-70.63591372680817,-33.46025869885048],[-70.63591876000864,-33.46027679648038],[-70.63592588531635,-33.46029439345627],[-70.63593503411175,-33.46031132030931],[-70.63594611828783,-33.46032741402416],[-70.63595903109855,-33.46034251960905],[-70.63597364818692,-33.460356491588385],[-70.63598982878247,-33.460369195403786],[-70.6360074170571,-33.46038050870998],[-70.6360262436257,-33.46039032255314],[-70.63604612717747,-33.46039854242006],[-70.63606687622205,-33.4604050891485],[-70.63608829093371,-33.46040989968956],[-70.63611016507589,-33.460412927714835],[-70.63613228798725,-33.46041414406266],[-70.63615444661073,-33.46041353701889],[-70.63617642754527,-33.460411112429775],[-70.6361980191011,-33.46040689364562],[-70.63621901333855,-33.4604009212959],[-70.63623920807056,-33.46039325289801],[-70.63625840880995,-33.46038396230327],[-70.63627643064243,-33.46037313898571],[-70.63629310000753,-33.460360887180315],[-70.63630825637,-33.460347324879294],[-70.63632175376593,-33.46033258269556],[-70.63633346220844,-33.46031680260495],[-70.63634091593929,-33.46030413538011],[-70.63634783820706,-33.46030553902028],[-70.63676136555348,-33.46039418430428],[-70.6367662292762,-33.46039501617492],[-70.63677299679226,-33.460396558129865],[-70.6370844197831,-33.46045392471425],[-70.63708736897061,-33.46045451526088],[-70.63739693744674,-33.460519766646776],[-70.63739714838566,-33.4605198019861],[-70.63739734749085,-33.460519852438665],[-70.63756803462482,-33.46055554530642],[-70.63758978318118,-33.46055915342469],[-70.6376118489488,-33.46056095739287],[-70.6376340194209,-33.46056093983771],[-70.63765608108235,-33.460559100928286],[-70.6376778214659,-33.46055545837448]],[[-70.63712793047365,-33.45883208205917],[-70.637127795859,-33.45883270510199],[-70.63712759389804,-33.4588333152151],[-70.63705168786096,-33.45911575683514],[-70.63705160323651,-33.45911616399714],[-70.63705147150525,-33.45911656884732],[-70.63705013925917,-33.4591216297032],[-70.6370487683292,-33.459126732790125],[-70.63696808309027,-33.459418238222085],[-70.63688311093873,-33.459725222010746],[-70.63688311053994,-33.45972522385936],[-70.63688310992694,-33.45972522566626],[-70.63680783977122,-33.45999718125482],[-70.63680761517065,-33.45999822249356],[-70.6368072834681,-33.45999924343393],[-70.63680564341905,-33.46000736345062],[-70.63680452911048,-33.46001252933728],[-70.6364583655158,-33.45993832425864],[-70.63645692252841,-33.45993807745089],[-70.63645550990083,-33.45993772869676],[-70.63643614690587,-33.459933802426136],[-70.63650552254941,-33.45961116462855],[-70.63650556166448,-33.45961091234191],[-70.63650562929948,-33.45961066433063],[-70.63659676102068,-33.459180229540586],[-70.63660410461458,-33.45914552165496],[-70.6366804108919,-33.458785159349034],[-70.63668044242166,-33.458784951662224],[-70.6366804975482,-33.458784747463355],[-70.63669483496156,-33.458716157503076],[-70.6369484708818,-33.45877131048739],[-70.63695261805988,-33.45877217727164],[-70.63696711981923,-33.45877508636833],[-70.63697792212423,-33.458777316708],[-70.63713327865837,-33.45881278399828],[-70.63712793047365,-33.45883208205917]]]}},{"type":"Feature","properties":{"numpos":"32222","TIPO":"DESCARGO","TENSION":"MT","INCIDENCIA":"DF202671757587","CLITOTAL":"128","CANTAVISOS":"","FECHA_INICIO":"","FECHA_FIN":"","DESCARGO":"DF202671757587(TP20267213815860)","ESTADODESC":"789","ESTADOINC":" ","CLI_PLAN":"1","FECHA_INIDESC":"02-08-2026 09:45","FECHA_FINDESC":"02-08-2026 16:00","FECHA_REPOSICION":"02-08-2026 19:00","id_alim":"1951"},"geometry":{"type":"Polygon","coordinates":[[[-70.63776108644667,-33.45821299569325],[-70.6377613157348,-33.45821234058959],[-70.63783037908318,-33.45797191302454],[-70.63783076447316,-33.45797020752453],[-70.6378313099154,-33.45796853649796],[-70.63783181324386,-33.45796663175447],[-70.63789684884571,-33.45774197756342],[-70.63789749120123,-33.457739697177416],[-70.63793112761579,-33.4576168941591],[-70.63825527495453,-33.45768865463647],[-70.63918888330672,-33.4578957120742],[-70.6391915516688,-33.45789618779467],[-70.63919417073821,-33.45789682765888],[-70.63920238918169,-33.457898119925694],[-70.63921056802558,-33.457899578063795],[-70.63921327916825,-33.4578998322646],[-70.6392159604501,-33.45790025386856],[-70.63922429043389,-33.45790086469681],[-70.63923260040487,-33.45790164385106],[-70.63923532821806,-33.45790167408409],[-70.63923804589008,-33.457901873367526],[-70.63937283148204,-33.45790618815445],[-70.63939499995364,-33.4579059853218],[-70.63941703795837,-33.45790396213516],[-70.63943873325688,-33.45790013807905],[-70.63945987691032,-33.45789454998151],[-70.63948026529265,-33.45788725165934],[-70.63949970205167,-33.457878313399796],[-70.639518,-33.45786782128375],[-70.63953498291816,-33.45785587635651],[-70.63955048725096,-33.45784259365489],[-70.63956436368333,-33.45782810109906],[-70.639576478578,-33.45781253826088],[-70.63958671526254,-33.45779605501947],[-70.63959497515289,-33.4577788101179],[-70.63960117870282,-33.457760969634386],[-70.63960526616997,-33.457742705382756],[-70.63960719819111,-33.45772419325795],[-70.63960695616119,-33.457705611541876],[-70.63960454241247,-33.45768713918661],[-70.63959998019202,-33.45766895409082],[-70.63959331343776,-33.45765123138669],[-70.6395846063553,-33.457634141753154],[-70.6395739427995,-33.4576178497723],[-70.63956142546695,-33.45760251234428],[-70.63954717490687,-33.457588277176384],[-70.63953132836012,-33.45757528136047],[-70.63951403843753,-33.45756365005282],[-70.63949547165018,-33.45755349526867],[-70.63947580680572,-33.45754491480369],[-70.6394552332866,-33.45753799129197],[-70.63943394922593,-33.457532791410344],[-70.63941215959971,-33.45752936523627],[-70.6393900742526,-33.457527745765475],[-70.63928027725436,-33.45752423091547],[-70.6383707976267,-33.45732252461343],[-70.63837074761422,-33.4573225156967],[-70.63837069887822,-33.45732250273238],[-70.63779601291631,-33.45719527672637],[-70.63766512996216,-33.457160847972055],[-70.63765972070475,-33.45715966603202],[-70.63765438649594,-33.457158264791204],[-70.63699315725239,-33.4570140141724],[-70.63636863882955,-33.45687776161755],[-70.63636778823012,-33.45687761296544],[-70.63636695713694,-33.45687740049146],[-70.63591092966341,-33.45678103592422],[-70.63590709097824,-33.456780390814224],[-70.63590330889791,-33.45677954272696],[-70.63589622848181,-33.45677856531735],[-70.63588919270494,-33.4567773829193],[-70.63588529706796,-33.456777056299465],[-70.63588143402825,-33.456776523029106],[-70.63587427341277,-33.456776132048255],[-70.63586713325103,-33.45677553339845],[-70.63586321817925,-33.4567755284143],[-70.63585931138297,-33.45677531509653],[-70.63585213952821,-33.45677551430972],[-70.63584496374494,-33.456775505173496],[-70.63584106694236,-33.45677582187303],[-70.6358371540139,-33.45677593056222],[-70.63583003998843,-33.45677671805093],[-70.63582289768974,-33.45677729851628],[-70.63581905668441,-33.456777933849544],[-70.6358151753072,-33.45677836349897],[-70.6358081876224,-33.45677973167935],[-70.63580114759225,-33.45678089615613],[-70.63579739937504,-33.45678184400452],[-70.6357935869285,-33.45678259047648],[-70.63578679287917,-33.456784526172285],[-70.63577992291653,-33.45678626344601],[-70.63577630358455,-33.45678751468131],[-70.63577259678449,-33.45678857078693],[-70.63576606180068,-33.45679105535651],[-70.63575942806668,-33.45679334869638],[-70.63575597247593,-33.45679489126858],[-70.63575240702066,-33.45679624683704],[-70.63574619403765,-33.45679925635273],[-70.63573986041837,-33.45680208367283],[-70.63573660184784,-33.45680390272624],[-70.63573321207458,-33.4568055447027],[-70.63572738092661,-33.45680905018137],[-70.63572140841801,-33.456812384253205],[-70.63571837824949,-33.45681446226945],[-70.63571519680343,-33.456816374840905],[-70.63570980364747,-33.45682034252307],[-70.63570424976794,-33.45682415123791],[-70.63570147718352,-33.45682646820467],[-70.63569853470375,-33.456828632952096],[-70.63569363147872,-33.456833024626995],[-70.63568854971514,-33.456837271305],[-70.63568606141645,-33.45683980490861],[-70.63568338624049,-33.456842200984475],[-70.63567902016712,-33.45684697435816],[-70.63567445945976,-33.456851618101595],[-70.63567227941041,-33.45685434394225],[-70.63566989730181,-33.45685694827108],[-70.63566611042792,-33.45686205737347],[-70.63566211469896,-33.45686705346081],[-70.63566026389415,-33.456869945287224],[-70.63565819779396,-33.456872732788035],[-70.63565502658945,-33.45687812841583],[-70.63565163432011,-33.45688342873215],[-70.6356501305842,-33.456886458694605],[-70.63564840039025,-33.45688940252228],[-70.63564587539585,-33.45689503271275],[-70.63564379685094,-33.456899220889056],[-70.6356380604816,-33.4569052332449],[-70.63562597774676,-33.45692081360306],[-70.6356157750889,-33.4569373116467],[-70.63560755076604,-33.45695456849105],[-70.6356013839839,-33.45697241794366],[-70.6355973341332,-33.4569906881048],[-70.63559544021754,-33.45700920302303],[-70.63559572047771,-33.45702778438959],[-70.63559817221605,-33.45704625325569],[-70.63560277182232,-33.45706443175592],[-70.63560947500103,-33.45708214482112],[-70.63561821719803,-33.457099221864375],[-70.6356289142221,-33.457115498424045],[-70.63564146305573,-33.457130817747405],[-70.63565574284726,-33.45714503230047],[-70.63567161607467,-33.45715800518873],[-70.63568892987004,-33.45716961147564],[-70.63570751749168,-33.457179739385744],[-70.63572719993003,-33.457188291381215],[-70.63574778763159,-33.45719518510123],[-70.63576908232454,-33.45720035415512],[-70.6357908789281,-33.457203748761806],[-70.6358129675278,-33.45720533622922],[-70.63583513539695,-33.4572051012691],[-70.63585716904545,-33.45720304614432],[-70.63587885627588,-33.45719919064701],[-70.63589998822715,-33.45719357190799],[-70.63592036138587,-33.457186244039136],[-70.63593792643354,-33.45717905126047],[-70.63593995240485,-33.45717811575848],[-70.63594059278593,-33.45717787228858],[-70.63611453313122,-33.45721462814321],[-70.63612188232175,-33.457224298447116],[-70.63613556877574,-33.45723891734634],[-70.63615089880716,-33.45725234138322],[-70.63616772477943,-33.457264441276365],[-70.63618588464898,-33.457275100496624],[-70.63620520352583,-33.45728421638936],[-70.63622549535786,-33.457291701163065],[-70.63624656472267,-33.45729748273488],[-70.63626820870958,-33.45730150542483],[-70.63629021887395,-33.457303730491965],[-70.63631238324446,-33.45730413650763],[-70.63633448836471,-33.45730271956163],[-70.63635632134897,-33.45729949330012],[-70.63637767193238,-33.45729448879394],[-70.63639833449598,-33.45728775423959],[-70.63641727366044,-33.45727970975354],[-70.63687935166759,-33.45738052193917],[-70.63749548081661,-33.457514933811574],[-70.63745744129906,-33.45765380953929],[-70.63739219933838,-33.4578791725941],[-70.63739177301686,-33.45788104104638],[-70.63739117412479,-33.45788287579395],[-70.6373906255886,-33.457884951576794],[-70.63734264612484,-33.45805197779912],[-70.63733213146261,-33.458063389928114],[-70.63732036571388,-33.45807913988298],[-70.63731049837256,-33.458095780650304],[-70.63730262446744,-33.45811315197081],[-70.6373010543346,-33.45811800320806],[-70.6373008395626,-33.458118512215904],[-70.63730034005224,-33.458120210125],[-70.63729681982959,-33.458131086549564],[-70.63729613091681,-33.458134517592036],[-70.63729553164896,-33.45813655459075],[-70.63729437148783,-33.45814328020332],[-70.63729314036206,-33.458149411667],[-70.63729298346325,-33.458151326770114],[-70.63729235911951,-33.45815494617522],[-70.63729171748663,-33.458166779250085],[-70.63729162150148,-33.458167950842366],[-70.63729163430773,-33.458168313245594],[-70.63729135252878,-33.45817350984843],[-70.63729252157216,-33.458192066832126],[-70.63729585499256,-33.458210438412216],[-70.6372970879321,-33.45821450089905],[-70.63724684581686,-33.458401622263054],[-70.63721992175306,-33.458500746019695],[-70.63721606681966,-33.45851904577821],[-70.63721437038186,-33.45853757413135],[-70.63721484877863,-33.45855615264101],[-70.63721749740414,-33.45857460238594],[-70.63722229075202,-33.45859274568481],[-70.63722918266099,-33.45861040780745],[-70.63723810675921,-33.45862741865761],[-70.6372489771037,-33.45864361441104],[-70.63726168900774,-33.45865883909327],[-70.63727612004917,-33.45867294608172],[-70.63729213124937,-33.458685799517845],[-70.63730956841158,-33.4586972756154],[-70.63732826360604,-33.458707263852816],[-70.63734803678717,-33.458715668037335],[-70.63736869752759,-33.45872240723168],[-70.63739004685199,-33.45872741653334],[-70.63741187915348,-33.45873064769975],[-70.63743398417378,-33.45873206961286],[-70.63745614902807,-33.45873166857879],[-70.63747816025528,-33.458729448459835],[-70.63749980587397,-33.45872543063712],[-70.63752087742371,-33.458719653804714],[-70.63754117197291,-33.45871217359708],[-70.63756049407304,-33.458703062053154],[-70.63757865764106,-33.4586924069226],[-70.63759548775141,-33.45868031082067],[-70.63761082232081,-33.45866689024006],[-70.63762451366907,-33.45865227442883],[-70.6376364299414,-33.458636604145795],[-70.63764645637819,-33.45862003030485],[-70.63765449642028,-33.458602712521575],[-70.63766047263869,-33.45858481757607],[-70.63768745859159,-33.45848546410225],[-70.63768750750245,-33.45848523191127],[-70.63768758265564,-33.45848500469932],[-70.63775607392255,-33.45822991129349],[-70.63775802380256,-33.45822343208795],[-70.63775802424013,-33.45822343025993],[-70.63775802488931,-33.45822342847666],[-70.63776078377302,-33.45821426029185],[-70.63776108644667,-33.45821299569325]]]}},{"type":"Feature","properties":{"numpos":"5532","TIPO":"DESCARGO","TENSION":"MT","INCIDENCIA":"DF202671736149","CLITOTAL":"448","CANTAVISOS":"","FECHA_INICIO":"","FECHA_FIN":"","DESCARGO":"DF202671736149(TP20267213815778)","ESTADODESC":"789","ESTADOINC":" ","CLI_PLAN":"1","FECHA_INIDESC":"03-08-2026 11:00","FECHA_FINDESC":"03-08-2026 17:00","FECHA_REPOSICION":"03-08-2026 17:00","id_alim":"2024"},"geometry":{"type":"Polygon","coordinates":[[[-70.71335539652193,-33.46469771267549],[-70.71337752936094,-33.46469662378863],[-70.71339942828165,-33.46469372188574],[-70.71342088238417,-33.464689034913874],[-70.71344168505262,-33.46468260801148],[-70.71346163594484,-33.464674503073546],[-70.71348054292207,-33.46466479815553],[-70.71349822389915,-33.464653586721646],[-70.71351450859835,-33.464640976744676],[-70.71352924018899,-33.464627089666166],[-70.71354227679804,-33.46461205922686],[-70.71355349287631,-33.46459603017862],[-70.71356278040756,-33.46457915689042],[-70.71357004994871,-33.464561601861654],[-70.71357523149125,-33.46454353415718],[-70.71357827513532,-33.46452512777908],[-70.71357915157036,-33.46450655999095],[-70.71357785235716,-33.464488009610776],[-70.71357439000927,-33.46446965528869],[-70.71356879787226,-33.46445167378666],[-70.71356112980266,-33.46443423827606],[-70.71355590058992,-33.46442519593491],[-70.71358283555932,-33.464437347905616],[-70.71360284991573,-33.464445342073475],[-70.71362370278572,-33.464451653520705],[-70.71364519334364,-33.46445622146432],[-70.7136671146224,-33.464459001912246],[-70.7136892555068,-33.46445996808715],[-70.71371140276659,-33.464459110684196],[-70.71373334311023,-33.46445643796078],[-70.71375486523887,-33.464451975656885],[-70.71377576188144,-33.46444576674722],[-70.7137958317908,-33.46443787102737],[-70.71381488168194,-33.46442836453796],[-70.71383272809335,-33.464417338832135],[-70.71384919915396,-33.46440490009407],[-70.71386413623839,-33.464391168116165],[-70.71387739549452,-33.46437627514548],[-70.7138888492289,-33.46436036460997],[-70.71389838713652,-33.464343589737275],[-70.71390591736304,-33.464326112079014],[-70.71391136738931,-33.46430809995491],[-70.7139146847299,-33.464289726831836],[-70.71391583743832,-33.46427116965312],[-70.71391481441474,-33.46425260713453],[-70.71391162551284,-33.464234218043195],[-70.71390630144475,-33.4642161794759],[-70.7138988934854,-33.46419866515362],[-70.71388947297855,-33.46418184374845],[-70.71387813064965,-33.46416587725922],[-70.71386497573214,-33.464150919451455],[-70.71385013491543,-33.46413711437646],[-70.71383375112478,-33.46412459498407],[-70.71381598214491,-33.464113481842304],[-70.71379699910031,-33.46410388197627],[-70.71359986382578,-33.46401494234484],[-70.71362267982501,-33.46386207042728],[-70.7136230350145,-33.46385812745353],[-70.71362365615819,-33.4638541982486],[-70.71362431401946,-33.46384754154296],[-70.71362498099796,-33.46383765763926],[-70.71362508530086,-33.463834778595626],[-70.71366019660921,-33.46347019680556],[-70.71366020868747,-33.46346987508862],[-70.71366025703715,-33.46346955577362],[-70.71368910467088,-33.46315677027989],[-70.71368910803747,-33.463156669747114],[-70.71368912301828,-33.46315656996166],[-70.7137193869895,-33.46282383173121],[-70.71373466052013,-33.462668847190365],[-70.71374241902372,-33.462661992345424],[-70.71407228155593,-33.462731600286084],[-70.71409402076853,-33.462735247438246],[-70.71411608181286,-33.462737091065264],[-70.7141382522276,-33.46273711341194],[-70.71416031849819,-33.46273531426309],[-70.714182068113,-33.46273171094565],[-70.71420329161013,-33.4627263381618],[-70.71422378459452,-33.46271924765474],[-70.71424334970659,-33.46271050771038],[-70.71426179852293,-33.462700202499626],[-70.71427895337084,-33.462688431267885],[-70.71429464903952,-33.46267530737911],[-70.71430873437116,-33.46266095722407],[-70.71432107371665,-33.462645519003175],[-70.71433154824192,-33.462629141395446],[-70.71434005707235,-33.462611982126646],[-70.71434651826429,-33.46259420645031],[-70.71435086959413,-33.46257598555618],[-70.71435306915744,-33.46255749492162],[-70.71435309577261,-33.46253891262161],[-70.71435094918476,-33.46252041761381],[-70.71434665006797,-33.4625021880151],[-70.71434023982641,-33.46248439938624],[-70.71433178019531,-33.46246722304111],[-70.7143213526465,-33.46245082439682],[-70.7143090576037,-33.462435361380805],[-70.71429501347536,-33.46242098290981],[-70.71427935551438,-33.462407827455785],[-70.7142622345154,-33.46239602171242],[-70.71424381536268,-33.462385679374876],[-70.71422427544216,-33.462376900045015],[-70.71420380293317,-33.462369768272154],[-70.7141825949961,-33.46236435273876],[-70.71372460874181,-33.46226770768028],[-70.71371610603796,-33.46226628116041],[-70.71370767333033,-33.46226470735876],[-70.71370526120786,-33.462264461695234],[-70.71370286965941,-33.46226406045883],[-70.71369424077936,-33.46226333931491],[-70.71368566489626,-33.4622624658997],[-70.71368323573485,-33.462262419586224],[-70.71368080874088,-33.46226221675402],[-70.71367213693618,-33.462262207980174],[-70.7136635003163,-33.46226204331653],[-70.71366107746614,-33.4622621967897],[-70.71365863844349,-33.462262194321646],[-70.71365000738558,-33.46226289801294],[-70.71364139304607,-33.46226344367901],[-70.71363899979593,-33.462263795462285],[-70.71363657227799,-33.4622639933778],[-70.7136280652436,-33.46226540272892],[-70.71361955598933,-33.462266653501],[-70.71361721534485,-33.46226720021889],[-70.71361482275226,-33.46226759659675],[-70.7136065218119,-33.46226969796872],[-70.71359819944755,-33.46227164187037],[-70.71359593391249,-33.462272378280375],[-70.71359359932485,-33.46227296927778],[-70.7135855845439,-33.462275742332054],[-70.71357752909479,-33.462278360746765],[-70.7135753604562,-33.462279279788966],[-70.71357310638783,-33.46228005967939],[-70.71356545504766,-33.46228347757769],[-70.71355774399683,-33.46228674542417],[-70.71355569311783,-33.46228783828767],[-70.71355354129847,-33.462288799517545],[-70.7135463271456,-33.46229282918557],[-70.71353903469418,-33.46229671515401],[-70.71353712131409,-33.46229797136061],[-70.7135350924785,-33.46229910462338],[-70.71352838500935,-33.462303707075236],[-70.71352158136713,-33.46230817392288],[-70.7135198239132,-33.46230958142574],[-70.7135179375997,-33.462310875753595],[-70.71351180138676,-33.462316006474694],[-70.71350555210049,-33.462321011377156],[-70.71335735489329,-33.46245194718193],[-70.713354476151,-33.46245453871868],[-70.71334950249489,-33.462459100960494],[-70.71334644245914,-33.46246220052013],[-70.71334316774241,-33.46246516532106],[-70.71333936462848,-33.462469369768],[-70.71333536853575,-33.462473417473575],[-70.71333268573086,-33.462476753471634],[-70.71332977350238,-33.462479973019185],[-70.71332648039,-33.4624844696503],[-70.71332370750976,-33.46248791765366],[-70.71334887268624,-33.46213193791593],[-70.713348983651,-33.46212272537692],[-70.71334911060195,-33.46211366957839],[-70.71334909459324,-33.46211351471049],[-70.71334909649838,-33.462113356541394],[-70.7133481293366,-33.46210417684583],[-70.71334719691379,-33.46209515661249],[-70.71328706065454,-33.46172548362882],[-70.71328547221253,-33.461718353467184],[-70.71328406743467,-33.461711196273875],[-70.71328343835567,-33.461709223935735],[-70.71328299125985,-33.46170721702166],[-70.71328057665086,-33.46170025169169],[-70.71327834166053,-33.46169324437126],[-70.71327748496152,-33.46169133321227],[-70.71327680532599,-33.461689372693066],[-70.71327358780448,-33.4616826392746],[-70.71327054412632,-33.461675849311234],[-70.71326946805789,-33.46167401773683],[-70.71326856242804,-33.461672122493326],[-70.71326457298085,-33.46166568583264],[-70.71326074992754,-33.461659178617296],[-70.71325946485295,-33.46165744426655],[-70.71325834195056,-33.46165563255088],[-70.71325361899851,-33.46164955463629],[-70.7132490533885,-33.46164339283688],[-70.71324757168375,-33.46164177241245],[-70.71324624232312,-33.46164006167239],[-70.7132408313511,-33.46163440103741],[-70.71323556715383,-33.461628643995134],[-70.71323390308864,-33.461627153102526],[-70.71323238007223,-33.46162555981339],[-70.7132263331909,-33.46162037097276],[-70.71322042110366,-33.46161507413089],[-70.71321859070385,-33.46161372712815],[-70.7132168886992,-33.461612266634134],[-70.71321026414337,-33.46160759955903],[-70.71320376110276,-33.46160281392881],[-70.7132017819961,-33.461601623788276],[-70.71319991739439,-33.46160031015462],[-70.71319277896202,-33.4615962097913],[-70.71318574759583,-33.46159198146076],[-70.71318363884211,-33.46159095964404],[-70.71318162960047,-33.461589805521754],[-70.7131740460386,-33.46158631135887],[-70.71316655406228,-33.4615826810488],[-70.71316433596988,-33.4615818373965],[-70.71316220143835,-33.46158085390035],[-70.7131542457802,-33.46157799958826],[-70.71314636534558,-33.46157500226053],[-70.71314405927592,-33.46157434489747],[-70.71314182001106,-33.46157354149896],[-70.71313356887381,-33.46157135452619],[-70.71312537587322,-33.46156901904644],[-70.71312300403474,-33.46156855430329],[-70.71312068160188,-33.461567938739634],[-70.71311221444806,-33.4615664401678],[-70.71310378778406,-33.46156478902786],[-70.71310137301884,-33.461564521380375],[-70.71309898978407,-33.46156409957968],[-70.71309038815642,-33.461563303840755],[-70.71308180898203,-33.461562352941975],[-70.71280973656185,-33.46154352200783],[-70.71278757871795,-33.46154290326648],[-70.71276545521275,-33.46154410787716],[-70.71274357910632,-33.461547124238905],[-70.71272216107623,-33.46155192330278],[-70.71270140738866,-33.46155845885144],[-70.71268151791193,-33.461566667944446],[-70.71266268419178,-33.4615764715242],[-70.71264508760667,-33.46158777517739],[-70.71262889762103,-33.46160047004426],[-70.7126142701532,-33.46161443386683],[-70.71260134607395,-33.461629532166455],[-70.71259024984973,-33.46164561953878],[-70.71258108834395,-33.46166254105406],[-70.71257510163508,-33.46167729506696],[-70.71256699981114,-33.46167486538569],[-70.71254549400535,-33.4616703504012],[-70.71252356376546,-33.46166762395946],[-70.71250142029031,-33.46166671231744],[-70.71247927683228,-33.46166762425472],[-70.71245734664362,-33.46167035098902],[-70.7124358409227,-33.46167486626054],[-70.71241496678019,-33.461681126585056],[-70.71239492524444,-33.46168907167266],[-70.71237590932554,-33.461698625008246],[-70.71235810215663,-33.46170969458852],[-70.71234167523008,-33.46172217380794],[-70.7123267867461,-33.461735942485376],[-70.71231358008912,-33.461750868021475],[-70.71230218244693,-33.46176680667573],[-70.71229270358575,-33.46178360495066],[-70.7122852347931,-33.461801101070115],[-70.71227984799867,-33.46181912653723],[-70.71227659508145,-33.46183750775714],[-70.71225339696937,-33.46203493625409],[-70.71222300077685,-33.46203368103579],[-70.71220083050996,-33.46203367840207],[-70.71217876669012,-33.46203549716389],[-70.71215702180257,-33.46203911980573],[-70.71213580526127,-33.462044511439814],[-70.71211532139195,-33.462051620142155],[-70.71209576746452,-33.462060377452445],[-70.71207733179327,-33.46207069903352],[-70.71206019192333,-33.46208248548351],[-70.71204451292078,-33.46209562329295],[-70.71203044578303,-33.46210998593818],[-70.71201812598464,-33.46212543509961],[-70.71200767217256,-33.46214182199389],[-70.71199918502359,-33.46215898880669],[-70.71199274627456,-33.46217677021266],[-70.71198841793536,-33.46219499496736],[-70.71198624169155,-33.46221348755665],[-70.71198623850294,-33.46223206988685],[-70.71198840840162,-33.462250562999905],[-70.71199273049162,-33.46226878879688],[-70.71199916315011,-33.46228657175313],[-70.71200764442818,-33.462303740608725],[-70.71201809264748,-33.462320130017744],[-70.71203040718666,-33.46233558214069],[-70.71204446945042,-33.4623499481647],[-70.71206014401173,-33.46236308973648],[-70.71207727991592,-33.46237488029494],[-70.71209571213456,-33.46238520629001],[-70.71211526315473,-33.462393968276224],[-70.7121357446886,-33.46240108187039],[-70.71215695948676,-33.462406478564304],[-70.71217870323797,-33.46241010638464],[-70.7122007665367,-33.462411930393266],[-70.71221165024922,-33.4624123798382],[-70.71221082839585,-33.462420286711726],[-70.71216118281457,-33.462420157003194],[-70.71213903586981,-33.46242101092976],[-70.71211709542823,-33.46242368020312],[-70.71209557278691,-33.46242813911694],[-70.7120746752195,-33.46243434472971],[-70.7120546039799,-33.46244223727839],[-70.71203555236431,-33.46245174075391],[-70.71201770384958,-33.46246276363313],[-70.7120012303263,-33.46247519976025],[-70.7119862904434,-33.462488929369144],[-70.71197302808031,-33.46250382023673],[-70.7119615709613,-33.462519728956366],[-70.71195202942533,-33.46253650231887],[-70.71194449536358,-33.462553978787994],[-70.71193904133426,-33.46257199005615],[-70.71193571986387,-33.462590362665196],[-70.7119345629414,-33.46260891967697],[-70.71193558170995,-33.462627482377364],[-70.71193876635965,-33.46264587199729],[-70.71194408622186,-33.462663911434475],[-70.71195149006464,-33.462681426958966],[-70.71196090658596,-33.462698249886294],[-70.71197224510041,-33.46271421820199],[-70.71198539641253,-33.46272917812193],[-70.71200023386837,-33.462742985573335],[-70.71201661457516,-33.46275550758236],[-70.71203438077762,-33.46276662355459],[-70.71205336137703,-33.46277622643664],[-70.71207337357916,-33.46278422374702],[-70.71209422465462,-33.46279053846681],[-70.71211571379511,-33.4627951097815],[-70.71213763404717,-33.4627978936666],[-70.71215977430546,-33.46279886331162],[-70.71216529447194,-33.462798877734336],[-70.71216356635222,-33.462811646437395],[-70.71214327920019,-33.46281187567813],[-70.71212124678944,-33.462813946188305],[-70.71209956260194,-33.4628178167695],[-70.71207843546706,-33.46282345014615],[-70.71205806884953,-33.46283079206614],[-70.71203865889011,-33.46283977182319],[-70.71202039251664,-33.4628503029379],[-70.71200344564379,-33.46286228399035],[-70.71198798147904,-33.46287559959707],[-70.7119741489509,-33.46289012152207],[-70.71196208127445,-33.46290570991183],[-70.71195189466867,-33.462922214642084],[-70.711943687237,-33.46293947676376],[-70.71193753802248,-33.46295733003352],[-70.71193350624668,-33.46297560251489],[-70.71193163073907,-33.46299411823408],[-70.71193192956322,-33.46301269887461],[-70.71193439984263,-33.463031165494705],[-70.71193901778857,-33.463049340250535],[-70.71194573892886,-33.463067048109025],[-70.71195449853641,-33.46308411853342],[-70.71196521225232,-33.46310038712578],[-70.71197777689832,-33.463115697210135],[-70.71199207147045,-33.46312990134146],[-70.71200795830437,-33.46314286272563],[-70.71202528440108,-33.46315445653688],[-70.71204388290043,-33.463164571119904],[-70.7120635746881,-33.46317310906522],[-70.71208417012058,-33.46317998814731],[-70.71210547085154,-33.4631851421165],[-70.71212533520152,-33.46318822116605],[-70.71212064350348,-33.46325623419984],[-70.71206036716087,-33.463432930243],[-70.71205230741245,-33.46343127149043],[-70.71203036185646,-33.46342863043115],[-70.71200821311741,-33.463427804981784],[-70.71198607449836,-33.463428803091844],[-70.71196415920494,-33.46343161514909],[-70.7119426782921,-33.46343621407211],[-70.71192183863158,-33.46344255557108],[-70.71190184091967,-33.463450578574225],[-70.71188287774444,-33.4634602058162],[-70.71186513173105,-33.46347134458191],[-70.71184877378296,-33.46348388759947],[-70.71183396143607,-33.463497714073405],[-70.7118208373416,-33.463512690847736],[-70.7118095278922,-33.46352867368848],[-70.71180014200479,-33.46354550867262],[-70.7117927700715,-33.46356303367049],[-70.7117874830892,-33.463581079907094],[-70.71178433197566,-33.46359947358753],[-70.71178334707919,-33.463618037570704],[-70.71178453788627,-33.46363659307536],[-70.71178789293013,-33.463654961401716],[-70.7117933799012,-33.46367296565251],[-70.71180094595812,-33.46369043243671],[-70.71181051823666,-33.46370719353917],[-70.71182200455138,-33.46372308754089],[-70.71183529428339,-33.46373796137336],[-70.71185025944564,-33.46375167179294],[-70.7118667559155,-33.463764086760186],[-70.71188462482274,-33.46377508671159],[-70.71190369407958,-33.46378456571113],[-70.71192378003792,-33.46379243247032],[-70.71194576442228,-33.46379996462255],[-70.71193901719202,-33.46383265941832],[-70.71192268556243,-33.46382969932479],[-70.71190081189766,-33.46382666760605],[-70.7118786890167,-33.46382544746393],[-70.71185652997364,-33.46382605064905],[-70.71183454817077,-33.46382847135248],[-70.71181295530353,-33.46383268626171],[-70.71179195932184,-33.463838654785185],[-70.7117717624274,-33.46384631944309],[-70.71175255912647,-33.46385560642108],[-70.7117345343567,-33.46386642628096],[-70.71171786170605,-33.46387867482217],[-70.71170270174115,-33.46389223408512],[-70.71168920046088,-33.46390697348727],[-70.71167748789038,-33.463922751080645],[-70.71166767682875,-33.46393941491887],[-70.71165986176278,-33.46395680452056],[-70.71165411795688,-33.463974752414664],[-70.71165050072827,-33.463993085753394],[-70.71164904491418,-33.464011627976824],[-70.71164976453629,-33.46403020051321],[-70.71165265266562,-33.46404862449885],[-70.71165768148921,-33.46406672250044],[-70.71166480257797,-33.46408432022409],[-70.711673947353,-33.46410124819368],[-70.71168502774601,-33.46411734338317],[-70.71169793704739,-33.46413245078655],[-70.71171255093388,-33.46414642491073],[-70.71172872866593,-33.464159131176686],[-70.711746314443,-33.46417044721552],[-70.71176513890401,-33.4641802640471],[-70.71178502075847,-33.46418848712943],[-70.71178917335409,-33.46418979811775],[-70.71177468278213,-33.46419456954806],[-70.71175494130678,-33.46420302688785],[-70.71173628393609,-33.46421306531023],[-70.71171889035024,-33.46422458814026],[-70.71170292805868,-33.46423748440737],[-70.71168855078703,-33.464251629913996],[-70.71167589699651,-33.46426688843174],[-70.71166508855062,-33.464283113013316],[-70.71165622954133,-33.46430014740751],[-70.71164940528675,-33.46431782756426],[-70.71164468150934,-33.46433598321424],[-70.71164210370293,-33.46435443950887],[-70.71164169669457,-33.46437301870395],[-70.71164346440536,-33.464391541871734],[-70.71164738981264,-33.464409830623836],[-70.71165343511387,-33.46442770882929],[-70.71166154209068,-33.46444500431092],[-70.7116716326694,-33.46446155050333],[-70.711683609673,-33.46447718805715],[-70.71169735775696,-33.464491766373676],[-70.71171274451996,-33.46450514505515],[-70.71172962177903,-33.46451719525699],[-70.71174782699673,-33.46452780092863],[-70.71176718484628,-33.464536859931115],[-70.71178750890027,-33.46454428502082],[-70.71180860342594,-33.46455000468967],[-70.71183026527032,-33.46455396385388],[-70.7118513737922,-33.46455603490173],[-70.71184929839951,-33.46458600487561],[-70.71183749802552,-33.46458629067072],[-70.71181550583866,-33.46458864544653],[-70.71179389493001,-33.464592795582675],[-70.71177287342319,-33.46459870111137],[-70.71175264376576,-33.464606305159535],[-70.71173340077947,-33.46461553449646],[-70.71171532978414,-33.464626300239125],[-70.71169860481294,-33.464638498708105],[-70.71168338693636,-33.46465201242601],[-70.71166982271095,-33.46466671124894],[-70.71165804276806,-33.46468245361979],[-70.71164816055563,-33.46469908793135],[-70.71164027124561,-33.464716453986554],[-70.7116344508175,-33.464734384541174],[-70.71163075532637,-33.46475270691439],[-70.71162922036318,-33.464771244651885],[-70.71162986071181,-33.46478981922516],[-70.71163267020678,-33.46480825175084],[-70.71163762179242,-33.46482636471344],[-70.7116446677835,-33.464843983674946],[-70.71165374032432,-33.464860938954715],[-70.71166475204227,-33.4648770672637],[-70.71167759688912,-33.46489221327696],[-70.7116921511624,-33.46490623112955],[-70.71170827469658,-33.46491898582128],[-70.71172581221317,-33.464930354516945],[-70.71174459481585,-33.46494022772927],[-70.71176444161723,-33.464948510373304],[-70.71178516148092,-33.46495512268223],[-70.71180655486219,-33.464960000975545],[-70.71181467173624,-33.46496115099298],[-70.7118124385927,-33.46498062701528],[-70.71180036891312,-33.464979895405314],[-70.71177820381183,-33.464979466025795],[-70.71175609522639,-33.464980859609874],[-70.71173425607326,-33.46498406273669],[-70.71171289667409,-33.46498904455859],[-70.71169222273045,-33.46499575709826],[-70.71167243334268,-33.46500413571069],[-70.71165371909268,-33.46501409970577],[-70.7116362602083,-33.46502555312529],[-70.71162022482791,-33.465038385667114],[-70.71160576738095,-33.46505247374746],[-70.7115930271008,-33.465067681690975],[-70.71158212668387,-33.46508386303733],[-70.71157317110784,-33.46510086195184],[-70.71156624662083,-33.465118514726],[-70.71156141991057,-33.46513665135431],[-70.71155873746217,-33.465155097171284],[-70.71155822511047,-33.46517367453372],[-70.71155988779105,-33.465192204531476],[-70.71156370949278,-33.46521050871039],[-70.71156965341187,-33.46522841079098],[-70.71157766230625,-33.4652457383661],[-70.71158765904694,-33.46526232456129],[-70.71159954736062,-33.46527800964195],[-70.71161321275684,-33.46529264255166],[-70.7116285236307,-33.465306082366894],[-70.7116453325301,-33.46531819965431],[-70.71166347757585,-33.465328877717276],[-70.7116827840208,-33.46533801371968],[-70.7117030659325,-33.465345519676355],[-70.71172412798413,-33.4653513233004],[-70.71174576733544,-33.46535536869949],[-70.71176777558638,-33.465357616913984],[-70.71198803459106,-33.46537096781081],[-70.71201245662786,-33.465371338535356],[-70.71202329008004,-33.46537101174613],[-70.71202393086081,-33.46537096595208],[-70.71202457608432,-33.46537096996167],[-70.7120349902099,-33.465370175583985],[-70.71204538103574,-33.46536943299168],[-70.71204601373768,-33.46536933472081],[-70.71204665594827,-33.46536928573363],[-70.7120569210356,-33.4653676406055],[-70.71206718098496,-33.46536604703506],[-70.7120677995095,-33.46536589717235],[-70.71206843252428,-33.465365795722526],[-70.71207844986164,-33.46536331669088],[-70.71208847998098,-33.46536088648513],[-70.71208907835545,-33.46536068641284],[-70.71208969609071,-33.46536053353926],[-70.71209936952756,-33.465357245459515],[-70.71210907290171,-33.46535400104114],[-70.7121096453366,-33.46535375262749],[-70.71211024186668,-33.46535354986199],[-70.7121194787335,-33.46534948532938],[-70.71212876142508,-33.4653454570141],[-70.71212930237087,-33.46534516259681],[-70.71212987198417,-33.46534491194765],[-70.71213858396709,-33.46534011095802],[-70.71214735593908,-33.465335336688184],[-70.71214786014077,-33.46533499905352],[-70.71214839739369,-33.46533470298467],[-70.71215650136662,-33.46532921252446],[-70.71216467736785,-33.46532373752819],[-70.71216513991678,-33.46532335988564],[-70.7121656396849,-33.46532302129148],[-70.7121730584821,-33.4653168948667],[-70.71218055889635,-33.46531077124092],[-70.71218097527962,-33.46531035719303],[-70.71218143280485,-33.4653099793697],[-70.71218809593393,-33.465303276476035],[-70.71219484757678,-33.46529656269941],[-70.71219521372235,-33.46529611620819],[-70.71219562465726,-33.46529570282075],[-70.71220146894638,-33.46528848835967],[-70.71220740580159,-33.46528124874022],[-70.71220771811973,-33.46528077408917],[-70.71220807856704,-33.46528032913617],[-70.71221304873772,-33.465272672786696],[-70.71221521721806,-33.46526937719925],[-70.71221612933354,-33.465268094865245],[-70.71221652391402,-33.46526739132417],[-70.7122181126288,-33.465264976845695],[-70.71221836804875,-33.465264478598776],[-70.71221867459688,-33.465264006373474],[-70.7122201414212,-33.46526145612085],[-70.71222273194012,-33.4652563223478],[-70.71222556114004,-33.465251277853326],[-70.71222704749341,-33.46524776997834],[-70.71222877752577,-33.46524434147752],[-70.71223075519038,-33.465239019610124],[-70.71223298082757,-33.4652337669834],[-70.71223404978784,-33.46523015389367],[-70.71223537053625,-33.465226599777395],[-70.7122367163009,-33.46522114106829],[-70.71223831694161,-33.46521573089504],[-70.71223895821433,-33.46521204738668],[-70.7122398569595,-33.46520840188307],[-70.71224055786415,-33.46520285890263],[-70.71224151809369,-33.46519734328588],[-70.71228668949992,-33.46480336985135],[-70.71228688930805,-33.464799787642065],[-70.71228734576736,-33.46479622778598],[-70.7122877811525,-33.464789940108304],[-70.71228778115258,-33.46478994010039],[-70.71228778115359,-33.46478994009253],[-70.71231667595346,-33.46437264966138],[-70.71231669760925,-33.4643706065433],[-70.71231690576798,-33.46436857080695],[-70.71231708135313,-33.46436453021703],[-70.71234345206798,-33.464098865268326],[-70.71234492944303,-33.46408772456926],[-70.71237804348641,-33.46392726153624],[-70.71241231276845,-33.463941031796764],[-70.71242259934213,-33.463950931628126],[-70.71243872857153,-33.46396368109791],[-70.71245627112859,-33.46397504411417],[-70.7124750580685,-33.4639849112443],[-70.71249490846212,-33.46399318746194],[-70.7125156311384,-33.46399979306217],[-70.71253702652561,-33.464004664429126],[-70.7125588885732,-33.46400775464856],[-70.71257995462042,-33.46400897310573],[-70.71264487471922,-33.46403514057175],[-70.71262464365321,-33.46404071309293],[-70.71260436099347,-33.4640482170416],[-70.71258505354817,-33.464057351126094],[-70.71256690725792,-33.46406802738072],[-70.71255009688096,-33.46408014298784],[-70.71253478431028,-33.464093581268145],[-70.7125211170144,-33.46410821280419],[-70.71250922661724,-33.46412389668684],[-70.71249922763046,-33.464140481872235],[-70.71249121635064,-33.4641578086364],[-70.71248526993185,-33.464175710113466],[-70.71248144564255,-33.46419401390273],[-70.71247978031408,-33.4642125437288],[-70.71248028998583,-33.464231121139385],[-70.71248296975078,-33.46424956722379],[-70.71248779380267,-33.46426770433598],[-70.71249471568443,-33.46428535780533],[-70.71250366873566,-33.46430235761892],[-70.71251456673451,-33.4643185400588],[-70.71252730472794,-33.46433374927873],[-70.71254176004254,-33.464347838805004],[-70.71255779346589,-33.46436067294726],[-70.71257525058722,-33.464372128105104],[-70.71259396328455,-33.46438209395855],[-70.71268834858128,-33.46442707048996],[-70.71267048059175,-33.46462149271615],[-70.71266986457508,-33.46464006786082],[-70.71267142381699,-33.46465860416805],[-70.71267514330248,-33.46467692312288],[-70.71268098721217,-33.464694848303566],[-70.71268889926718,-33.46471220708051],[-70.71269880327111,-33.464728832278745],[-70.71271060384376,-33.46474456378803],[-70.71272418733973,-33.46475925010485],[-70.7127394229428,-33.46477274979134],[-70.71275616392583,-33.46478493283756],[-70.71277424906377,-33.46479568191357],[-70.71279350418631,-33.46480489349938],[-70.71281374385538,-33.464812478881875],[-70.7128347731509,-33.46481836500928],[-70.71285638954814,-33.4648224951947],[-70.71287838486812,-33.46482482966196],[-70.71290054728249,-33.46482534592873],[-70.71292266335372,-33.46482403902314],[-70.7129445200906,-33.464820921531526],[-70.71296590699949,-33.46481602347723],[-70.71298661811161,-33.464809392031555],[-70.71300645396661,-33.46480109105936],[-70.7130252235336,-33.46479120050403],[-70.71304274605083,-33.46477981561753],[-70.71305885276655,-33.464767046043136],[-70.71307338856431,-33.46475301475938],[-70.71308621345665,-33.46473785689581],[-70.71309720393336,-33.464721718431406],[-70.71310625415089,-33.46470475478889],[-70.71311327695165,-33.464687129337804],[-70.71311820470339,-33.46466901182123],[-70.71312098995044,-33.46465057672092],[-70.71312366269281,-33.46462149291598],[-70.71324864789197,-33.464676206877094],[-70.71326877972639,-33.46468399117269],[-70.71328972496742,-33.464690084111744],[-70.71331128189985,-33.46469442701563],[-70.71333324291732,-33.464696978059564],[-70.71335539652193,-33.46469771267549]],[[-70.71289652802089,-33.46212799715721],[-70.71287135899951,-33.46248400502671],[-70.71287134537502,-33.462485135658795],[-70.71287121560796,-33.46248626110508],[-70.71285167399719,-33.46283260679398],[-70.71282408689945,-33.46309824134597],[-70.71282403666466,-33.463099356484015],[-70.71282387180906,-33.46310046382927],[-70.71279261999533,-33.46344882172709],[-70.71276505787546,-33.463663358247715],[-70.71270401577962,-33.463638753853274],[-70.71269775191524,-33.46363602887384],[-70.71269611705657,-33.463635400985126],[-70.71269454928776,-33.46363466261895],[-70.71268384161772,-33.463630184188965],[-70.71268220520129,-33.463629581910965],[-70.71268063345236,-33.46362886883228],[-70.7124935206492,-33.46355368222345],[-70.7124895912628,-33.46355229769711],[-70.71256195732283,-33.46334015831203],[-70.71256261180449,-33.463337809112524],[-70.71256340663666,-33.463335679557964],[-70.71256504527443,-33.46332907440291],[-70.71256699869716,-33.46332206277606],[-70.71256737046569,-33.463319701830194],[-70.71256792008653,-33.46331748637295],[-70.71256879052186,-33.46331068364916],[-70.71256989962335,-33.463303640209695],[-70.7125699922542,-33.463301291734226],[-70.71257028421121,-33.46329900999846],[-70.71258893561921,-33.463028609827816],[-70.71258895394797,-33.46302847439591],[-70.71264122967119,-33.462642205502476],[-70.71264141759775,-33.462639742395424],[-70.71264181679771,-33.462637297041894],[-70.71264293682484,-33.46262652100874],[-70.71264293682509,-33.46262652100302],[-70.71264293682601,-33.46262652099731],[-70.71268151248547,-33.46225537433742],[-70.71268195559517,-33.46225160309033],[-70.71268195559556,-33.462251603083416],[-70.71268195559678,-33.4622516030766],[-70.71272182959223,-33.461912239498716],[-70.71272898507077,-33.46191427924148],[-70.7127505732321,-33.46191850932295],[-70.7127725521179,-33.46192094546492],[-70.71286387525129,-33.46192726626305],[-70.71289652802089,-33.46212799715721]]]}},{"type":"Feature","properties":{"numpos":"5533","TIPO":"DESCARGO","TENSION":"MT","INCIDENCIA":"DF202671736149","CLITOTAL":"448","CANTAVISOS":"","FECHA_INICIO":"","FECHA_FIN":"","DESCARGO":"DF202671736149(TP20267213815778)","ESTADODESC":"789","ESTADOINC":" ","CLI_PLAN":"1","FECHA_INIDESC":"03-08-2026 11:00","FECHA_FINDESC":"03-08-2026 17:00","FECHA_REPOSICION":"03-08-2026 17:00","id_alim":"2024"},"geometry":{"type":"Polygon","coordinates":[[[-70.71508952383819,-33.466080201434316],[-70.7150993948436,-33.46609684045602],[-70.71511116422424,-33.46611258844605],[-70.71512471863508,-33.46612729374212],[-70.71513992754004,-33.466140814723616],[-70.71515664446908,-33.466153021175515],[-70.7151747084288,-33.466163795542464],[-70.71519394545288,-33.46617303406089],[-70.71521417027752,-33.466180647758335],[-70.71523518812565,-33.46618656331034],[-70.71525679658272,-33.466190723746564],[-70.71527878754625,-33.466193088999546],[-70.71530094922988,-33.46619363629052],[-70.71532306820309,-33.46619236034873],[-70.71534493144671,-33.46618927346238],[-70.71536632840443,-33.46618440536006],[-70.71538705301073,-33.46617780292459],[-70.71540690567528,-33.46616952974147],[-70.71542569520528,-33.466159665486444],[-70.71544324064675,-33.46614830515822],[-70.71545937302716,-33.46613555816352],[-70.71547393698287,-33.46612154726344],[-70.71548679225525,-33.46610640739122],[-70.71549781504152,-33.46609028435259],[-70.71550689918695,-33.46607333342173],[-70.71551395720722,-33.46605571784571],[-70.7155189211309,-33.466037607272554],[-70.71551969174638,-33.46603399054797],[-70.71566828563866,-33.465588247563005],[-70.71566880320648,-33.46558697756077],[-70.71567043650127,-33.465582217987304],[-70.71573049890846,-33.46540961726402],[-70.71590235463937,-33.465479359634024],[-70.71590269844494,-33.465479482087694],[-70.71590303221495,-33.46547963370869],[-70.71590517585418,-33.465480496264256],[-70.71623159650807,-33.4656120634945],[-70.7164170072155,-33.46568992966577],[-70.71661168123312,-33.46577651587106],[-70.71661609430282,-33.46577842687748],[-70.71681882823187,-33.46586386381859],[-70.71702955598914,-33.46595252217341],[-70.71704983500709,-33.46596003380152],[-70.71707089484842,-33.46596584331938],[-70.71709253269422,-33.46596989477784],[-70.71711454015892,-33.46597214915894],[-70.71713670529725,-33.46597258475167],[-70.71715881464539,-33.46597119736105],[-70.71718065527693,-33.46596800034851],[-70.71720201685329,-33.465963024503296],[-70.71722269364972,-33.46595631774585],[-70.7172424865363,-33.46594794466632],[-70.71726120489602,-33.46593798590252],[-70.71727866846022,-33.46592653736334],[-70.717294709045,-33.46591370930502],[-70.71730917217072,-33.46589962526939],[-70.71732191854984,-33.46588442089395],[-70.71733282542827,-33.46586824260564],[-70.71734178776761,-33.46585124621075],[-70.71734871925655,-33.465833595394194],[-70.71735355314226,-33.465815460143325],[-70.717356242873,-33.4657970151107],[-70.7173567625466,-33.465778437932194],[-70.7173551071597,-33.46575990751612],[-70.71735129265593,-33.46574160232046],[-70.71734535577235,-33.46572369863397],[-70.71733735368555,-33.46570636887861],[-70.71732736346098,-33.465689779948974],[-70.71731548131075,-33.46567409160505],[-70.71730182166702,-33.46565945493363],[-70.7172865160799,-33.465646010893295],[-70.71726971195055,-33.465633888956894],[-70.71725157111169,-33.46562320586477],[-70.71723226826902,-33.465614064500414],[-70.71702174225905,-33.465525491122136],[-70.71682129502302,-33.46544101789854],[-70.71662648243718,-33.465354370114646],[-70.71662178786704,-33.46535234067264],[-70.71643237457792,-33.46527279359864],[-70.71642907800286,-33.465271437127996],[-70.71610093608838,-33.46513917619154],[-70.7160990095583,-33.465138400958686],[-70.71576589238234,-33.46500321532493],[-70.7157642024671,-33.465002613419735],[-70.71576257357759,-33.46500189614197],[-70.7155305727565,-33.4649116175652],[-70.7152536425565,-33.46480336800183],[-70.7152459224058,-33.464800496265916],[-70.7150909551595,-33.464745734267105],[-70.71489155418915,-33.4646684091531],[-70.71489127832633,-33.46466827926259],[-70.71488929655362,-33.46466745061078],[-70.7148873985111,-33.46466649412302],[-70.7144777562489,-33.46448236620316],[-70.71427217141704,-33.464388076706825],[-70.71415666023944,-33.4643347587151],[-70.71414522993626,-33.46432792924835],[-70.71417916516103,-33.46412155687807],[-70.71418019486214,-33.46411564788849],[-70.71424092244088,-33.46376714119917],[-70.71424093670191,-33.46376701698808],[-70.71424096522779,-33.463766894515096],[-70.7143280235356,-33.46326263385861],[-70.71433011813247,-33.46324413466402],[-70.71433003926838,-33.46322555247001],[-70.71432778770418,-33.46320706623317],[-70.71432338512504,-33.46318885398593],[-70.71431687393147,-33.46317109112195],[-70.71430831683092,-33.46315394870693],[-70.71429779623388,-33.46313759183124],[-70.71428541346019,-33.463122178020086],[-70.7142712877632,-33.46310785571631],[-70.7142555551813,-33.463094762850965],[-70.71423836722776,-33.463083025514905],[-70.71421988943169,-33.46307275674458],[-70.71420029974375,-33.46306405543332],[-70.71417978682253,-33.46305700537909],[-70.71415854821763,-33.463051674477356],[-70.71413678846724,-33.46304811406738],[-70.7141147171284,-33.46304635843764],[-70.71409254675872,-33.463046424495744],[-70.71407049086963,-33.46304831160562],[-70.71404876187006,-33.46305200159346],[-70.71402756902087,-33.46305745892298],[-70.7140071164197,-33.463064631037454],[-70.7139876010353,-33.46307344886594],[-70.7139692108108,-33.463083827488425],[-70.71395212285364,-33.463095666953635],[-70.71393650172998,-33.46310885324164],[-70.7139224978798,-33.46312325936184],[-70.71391024616824,-33.463138746576014],[-70.71389986458651,-33.46315516573428],[-70.71389145311578,-33.46317235871165],[-70.71388509276409,-33.463190159930726],[-70.71388084478633,-33.4632083979563],[-70.71379380521076,-33.463712535029686],[-70.71373309770343,-33.464060916206144],[-70.71373193631875,-33.46406758067067],[-70.71373184889046,-33.46406834205865],[-70.71373168007534,-33.4640690937643],[-70.71372907814309,-33.46408491658823],[-70.71372115824778,-33.46408371329051],[-70.71369906043476,-33.46408220695772],[-70.71367689286997,-33.46408252326537],[-70.71365486903773,-33.46408465916737],[-70.71363320103828,-33.46408859409398],[-70.71361209754504,-33.464094290149966],[-70.71359176179514,-33.464101692479545],[-70.713572389632,-33.46411072979477],[-70.7135541676195,-33.46412131506179],[-70.71353727124512,-33.46413334633927],[-70.71352186323,-33.464146707759994],[-70.71350809196188,-33.46416127064678],[-70.71349609006593,-33.464176894751574],[-70.71348597312763,-33.46419342960625],[-70.71347783857945,-33.46421071597153],[-70.71347176476259,-33.46422858737065],[-70.71346781017243,-33.46424687169251],[-70.71346601289518,-33.46426539284925],[-70.71346639024097,-33.46428397247208],[-70.71346893857711,-33.464302431629],[-70.7134736333631,-33.46432059254806],[-70.71348042938682,-33.46433828032941],[-70.71348926119991,-33.46435532462968],[-70.71350004374814,-33.464371561302485],[-70.71351267319032,-33.46438683397929],[-70.7135270278985,-33.46440099557529],[-70.71353244503923,-33.46440538391156],[-70.71353425432079,-33.464407044480105],[-70.71353772584801,-33.46440966180687],[-70.71354296962913,-33.46441390970602],[-70.71354458504935,-33.46441509551074],[-70.71354751073041,-33.464417039029605],[-70.71355073756932,-33.46441947187488],[-70.71365174794167,-33.46448842148845],[-70.71364784525375,-33.46450271848251],[-70.71360442639877,-33.46466177656304],[-70.71359678254917,-33.464671804302654],[-70.713586734731,-33.46468836876082],[-70.71357867244329,-33.46470567890392],[-70.71357267333137,-33.46472356802616],[-70.71357164821639,-33.46472732348846],[-70.71357030551734,-33.464732585194966],[-70.71353734878689,-33.46487134565053],[-70.71353066752621,-33.46486662072007],[-70.71351240276098,-33.4648560871517],[-70.71350622984295,-33.46485288940084],[-70.71349978193362,-33.464849905297875],[-70.71349346453272,-33.46484674914458],[-70.71312920595867,-33.464684514979844],[-70.71312861476328,-33.464684282093],[-70.7131280517272,-33.46468400448113],[-70.71311888350958,-33.46467997785181],[-70.71312092473083,-33.46465064558525],[-70.7131211280878,-33.464632064051166],[-70.7131191574272,-33.46461355528601],[-70.7131150317289,-33.46459529753912],[-70.7131087907269,-33.46457746664233],[-70.71310049452661,-33.4645602343166],[-70.71309022302594,-33.46454376651821],[-70.7130780751458,-33.46452822184055],[-70.71306416787743,-33.46451374998685],[-70.71304863515567,-33.46450049032838],[-70.71303162656909,-33.46448857056233],[-70.71301330591936,-33.464478105481994],[-70.71299384964382,-33.46446919587131],[-70.71297344511623,-33.46446192753426],[-70.71295228884237,-33.464456370468476],[-70.71293058456753,-33.464452578191285],[-70.71290854131446,-33.464450587224185],[-70.71288637137037,-33.464450416741215],[-70.71286428824254,-33.464452068384226],[-70.71284250460224,-33.46445552624716],[-70.7128212302365,-33.46446075702916],[-70.712800670028,-33.464467710355244],[-70.71278102198183,-33.46447631926156],[-70.71276247531864,-33.46448650084009],[-70.71274520865244,-33.46449815703725],[-70.71272938827043,-33.46451117559802],[-70.71272621233224,-33.464514359087104],[-70.71265881351177,-33.46448645186243],[-70.71265625760213,-33.46448552138149],[-70.71265379182536,-33.464484436772544],[-70.71264609786274,-33.464481822719556],[-70.71263847807971,-33.46447904873018],[-70.71263582571068,-33.464478332715906],[-70.71263324491342,-33.464477455879816],[-70.71262528213194,-33.46447548644739],[-70.7126173748048,-33.46447335184161],[-70.71261465153167,-33.464472857183154],[-70.71261198055599,-33.46447219657111],[-70.71260382560696,-33.46447089074908],[-70.71259570692193,-33.464469416060616],[-70.7125929389818,-33.464469147512894],[-70.71259020353924,-33.464468709496145],[-70.71258193492874,-33.464468079890416],[-70.71257368310339,-33.46446727929071],[-70.71257089716191,-33.464467239428934],[-70.71256812358645,-33.464467028237216],[-70.71255371390718,-33.46446652658301],[-70.712531543659,-33.46446666732889],[-70.71250949662532,-33.46446862872677],[-70.7124877851298,-33.46447239188748],[-70.71246661826477,-33.464477920570005],[-70.71244619987759,-33.46448516153047],[-70.71242672660756,-33.46449404503486],[-70.71240838599222,-33.46450448553073],[-70.71239135466122,-33.46451638247094],[-70.71237579663544,-33.464529621282004],[-70.71236186174721,-33.46454407446753],[-70.71234968419749,-33.46455960283598],[-70.71233938126332,-33.4645760568412],[-70.71233105216842,-33.46459327802254],[-70.71232477712758,-33.46461110053103],[-70.71232061657403,-33.46462935272637],[-70.71231861057753,-33.46464785883017],[-70.71231877845827,-33.46466644061859],[-70.71232111860084,-33.46468491913879],[-70.71232560846978,-33.464703116432325],[-70.7123322048264,-33.46472085724909],[-70.71234084414532,-33.46473797073493],[-70.71235144322608,-33.46475429207721],[-70.71236389999449,-33.464769664091925],[-70.71237809448549,-33.46478393873764],[-70.71239388999858,-33.46479697854118],[-70.71241113441424,-33.464808657921495],[-70.71242966165903,-33.46481886439922],[-70.7124492933048,-33.464827499679906],[-70.71245706318138,-33.46483013952754],[-70.71244217658547,-33.464831916854486],[-70.71242063933832,-33.46483632797896],[-70.71239972166121,-33.464842487182835],[-70.7123796250018,-33.46485033514998],[-70.71236054290104,-33.46485979630069],[-70.71234265912933,-33.4648707795194],[-70.71232614591686,-33.46488317903228],[-70.71231116229475,-33.464896875425836],[-70.7122978525637,-33.464911736796864],[-70.71228634490404,-33.46492762002277],[-70.71227675014158,-33.46494437213991],[-70.71226916068004,-33.46496183181663],[-70.71226364961113,-33.46497983090707],[-70.71226027001074,-33.464998196070354],[-70.71225905442759,-33.465016750440086],[-70.7122600145698,-33.465035315327526],[-70.71226314119205,-33.4650537119426],[-70.7122684041846,-33.46507176311563],[-70.71227575286312,-33.46508929500362],[-70.71228511645691,-33.465106138764575],[-70.71229640479024,-33.46512213218333],[-70.71230950915097,-33.46513712123406],[-70.71232430333728,-33.46515096156342],[-70.71234064487318,-33.465163519880875],[-70.71235837638056,-33.46517467524245],[-70.71236224601107,-33.46517686948261],[-70.71236451974774,-33.465178026701864],[-70.71236667929718,-33.465179319952945],[-70.71237398027444,-33.46518284164013],[-70.71238119672628,-33.46518651445488],[-70.71238359487234,-33.465187479320385],[-70.71238589526072,-33.46518858893144],[-70.71250555254322,-33.46523992810452],[-70.71250161431927,-33.46524007037972],[-70.71249064124622,-33.46524045841322],[-70.71249053930696,-33.46524047048317],[-70.71249043645098,-33.46524047419901],[-70.7124795630009,-33.46524177011272],[-70.71246868814353,-33.46524305772944],[-70.7124685881066,-33.46524307811569],[-70.71246848618051,-33.46524309026339],[-70.71245781664152,-33.465245273204296],[-70.71244714473109,-33.46524744800388],[-70.71244704756002,-33.465247476510136],[-70.71244694754529,-33.4652474969727],[-70.71243658466652,-33.46525054591911],[-70.71242621848252,-33.465253586956166],[-70.71242612511307,-33.465253623307866],[-70.71242602797295,-33.46525365188823],[-70.71241607155727,-33.46525753747672],[-70.71240611092801,-33.46526141546518],[-70.71240602225936,-33.46526145931225],[-70.71240592892937,-33.465261495735184],[-70.71239647486351,-33.465266180544994],[-70.71238701571343,-33.46527085813856],[-70.71238693259949,-33.465270909058745],[-70.71238684397845,-33.465270952973455],[-70.71237798331104,-33.46527639188662],[-70.7123691167355,-33.46528182403875],[-70.71236903997669,-33.46528188154167],[-70.7123689569181,-33.46528193252523],[-70.71236077497726,-33.465288073165325],[-70.7123525863708,-33.465294207558685],[-70.71235251670646,-33.4652942710905],[-70.71235244001011,-33.465294328651964],[-70.71234501559373,-33.465301111881004],[-70.7123375838157,-33.46530788943886],[-70.7123375219166,-33.465307958387804],[-70.71233745232121,-33.46530802197276],[-70.71233085693218,-33.465315382463515],[-70.71232425355313,-33.46532273791588],[-70.71232420001547,-33.465322811617874],[-70.71232413819125,-33.46532288061403],[-70.71231843534711,-33.465330747480785],[-70.71231272396128,-33.46533860999132],[-70.71231267930061,-33.46533868773664],[-70.71231262584298,-33.46533876147948],[-70.71230787046542,-33.465347058960184],[-70.71230310607709,-33.46535535280891],[-70.71230307072356,-33.46535543384879],[-70.71230302614734,-33.465355511628154],[-70.71229926403329,-33.4653641598141],[-70.71229549252693,-33.46537280512659],[-70.71229546682102,-33.46537288868059],[-70.7122954315555,-33.4653729697474],[-70.7122926989367,-33.46538188535182],[-70.7122899566346,-33.46539079886932],[-70.71228994082385,-33.46539088413276],[-70.71228991520866,-33.46539096770631],[-70.71228823840194,-33.465400064868405],[-70.71228655171495,-33.465409160747775],[-70.71228654595164,-33.46540924689951],[-70.7122865302335,-33.46540933217498],[-70.71228592538824,-33.465418523283795],[-70.71228531056059,-33.46542771392716],[-70.71228531490024,-33.465427800137526],[-70.71228530923051,-33.465427886293625],[-70.71228525173396,-33.46543590144518],[-70.7122862064636,-33.465454466527504],[-70.71228932773272,-33.46547286378153],[-70.71229458548312,-33.465490916031456],[-70.71230192908101,-33.46550844942397],[-70.71231128780457,-33.46552529510247],[-70.71232257152501,-33.465541290833436],[-70.71233567157456,-33.465556282568684],[-70.71235046179298,-33.465570125929055],[-70.71236679974248,-33.465582687594875],[-70.71238452807945,-33.46559384658983],[-70.71240347606992,-33.46560349544616],[-70.71242346123371,-33.46561154123966],[-70.71244429110183,-33.46561790648447],[-70.71246037133469,-33.465621368596175],[-70.71257002650118,-33.465671313710104],[-70.71255534066387,-33.465822330015754],[-70.71251101880799,-33.46580867813812],[-70.71251012423438,-33.46580844366121],[-70.7125092583849,-33.46580814282824],[-70.7122126114656,-33.46571910225043],[-70.71220406464522,-33.46560216540994],[-70.71222339212974,-33.465343561871784],[-70.71224227148835,-33.465205651138874],[-70.71224371490362,-33.4651871082409],[-70.71224298283389,-33.465168536053305],[-70.71224008233078,-33.465150113436366],[-70.71223504132901,-33.46513201780973],[-70.71222790837744,-33.46511442344392],[-70.71221875217132,-33.465097499781876],[-70.71220766089085,-33.46508140980727],[-70.71219474135174,-33.46506630847484],[-70.71218011797662,-33.46505234121812],[-70.7121639315967,-33.465039642548795],[-70.71214633809552,-33.46502833476149],[-70.71212750690773,-33.46501852675583],[-70.71210761938728,-33.46501031298774],[-70.71208686706098,-33.46500377255991],[-70.71206544978402,-33.46499896845986],[-70.71204357381521,-33.464995946953465],[-70.7120214498308,-33.464994737139314],[-70.71199929089545,-33.46499535066861],[-70.71197731041045,-33.464997781632746],[-70.71195572005854,-33.465002006620416],[-70.71193472776542,-33.46500798494301],[-70.71191453569728,-33.465015659026335],[-70.71189533831388,-33.465024954965315],[-70.71187732049586,-33.46503578323544],[-70.71186065576427,-33.46504803955507],[-70.71184550460947,-33.46506160588983],[-70.71183201294552,-33.46507635158897],[-70.7118203107049,-33.465092134643946],[-70.71181051058723,-33.465108803055784],[-70.71180270697394,-33.46512619629899],[-70.71179697501914,-33.46514414686747],[-70.71179336992591,-33.46516248188771],[-70.71177382424997,-33.46530525455471],[-70.71177344410664,-33.465310137740204],[-70.71177279357345,-33.46531500083947],[-70.7117670769201,-33.46539148499614],[-70.71175760632354,-33.46539238866169],[-70.71173592938509,-33.46539629018096],[-70.71171481309602,-33.46540195369774],[-70.71169446081667,-33.465409324669594],[-70.71167506854967,-33.465418332110524],[-70.7116568230525,-33.46542888927442],[-70.7116399000388,-33.46544089449062],[-70.71162446248627,-33.465454232142854],[-70.71161065906709,-33.465468773782845],[-70.71159862271608,-33.465484379367204],[-70.7115884693505,-33.46550089860611],[-70.71158029675367,-33.46551817241069],[-70.7115741836332,-33.46553603442517],[-70.71157018886299,-33.465554312628804],[-70.71156835091618,-33.465572830992706],[-70.71156868749456,-33.465591411174906],[-70.71156912748489,-33.46559714118142],[-70.71157022376627,-33.46560521208013],[-70.7115712010143,-33.46561329371276],[-70.71157147736577,-33.465614441163446],[-70.71157163534875,-33.46561560424456],[-70.71157367022322,-33.46562354621894],[-70.71157558789297,-33.4656315086542],[-70.71157599710536,-33.465632627877],[-70.71157629034715,-33.465633772379064],[-70.7115792442183,-33.465641508943385],[-70.7115820838421,-33.465649275498606],[-70.71158262197454,-33.46565035571479],[-70.71158304765115,-33.46565147061563],[-70.71158689207208,-33.465658927262425],[-70.71159062630326,-33.465666423141236],[-70.71159128817332,-33.46566745394769],[-70.71159184218533,-33.46566852851016],[-70.71159654013258,-33.46567563342766],[-70.71160113300888,-33.465682786440446],[-70.7116019122424,-33.465683757909936],[-70.71160258925441,-33.46568478178536],[-70.71160809548446,-33.46569146654906],[-70.71161350277431,-33.46569820780825],[-70.71161439186692,-33.465699110584936],[-70.71161518535897,-33.46570007391281],[-70.71162144684398,-33.465706274144516],[-70.71162761647243,-33.46571253872785],[-70.7116286068617,-33.46571336411747],[-70.71162950919202,-33.465714257620405],[-70.71163646563056,-33.46571991360829],[-70.7116433381808,-33.46572564118413],[-70.71164442032875,-33.4657263812377],[-70.71164542280744,-33.46572719631073],[-70.71165300720538,-33.4657322535844],[-70.71166051649077,-33.465737388992686],[-70.71166167997562,-33.46573803658302],[-70.71166277294832,-33.46573876537653],[-70.71167091226347,-33.465743175231346],[-70.71167898596545,-33.46574766901513],[-70.71168021958229,-33.4657482179056],[-70.71168139252293,-33.46574885340082],[-70.71169000836917,-33.46575257336734],[-70.71169856873313,-33.465756382248706],[-70.71169986060133,-33.46575682715312],[-70.71170110221398,-33.465757363229926],[-70.71171011161583,-33.46576035748267],[-70.71171907620023,-33.46576344477982],[-70.71172041387851,-33.46576378141349],[-70.71172171220555,-33.465764212909114],[-70.71173102839643,-33.46576645261139],[-70.71174031086763,-33.465768788592],[-70.71174168147328,-33.46576901371297],[-70.71174302401107,-33.46576933647182],[-70.71175255727061,-33.465770800054045],[-70.71176206823263,-33.46577236222118],[-70.71176382304131,-33.465772576133915],[-70.71177071348039,-33.46586685679259],[-70.71177177776512,-33.46587491363493],[-70.71177272631894,-33.465883009635924],[-70.71177299951391,-33.46588416250878],[-70.7117731532424,-33.46588532626297],[-70.71177515402724,-33.46589325447566],[-70.71177704539043,-33.465901235956856],[-70.71177745221783,-33.465902361171935],[-70.71177774122295,-33.465903506369145],[-70.71178065873606,-33.46591122985228],[-70.71178347519637,-33.465919019697544],[-70.71178401180629,-33.465920106376494],[-70.71178443323852,-33.46592122202651],[-70.71178823895777,-33.465928666702716],[-70.71179195381536,-33.46593618959047],[-70.71179261509585,-33.46593722721963],[-70.71179316484246,-33.46593830262321],[-70.71179782178037,-33.46594539713722],[-70.71180239959459,-33.46595258027974],[-70.71180317921967,-33.4659535588136],[-70.71180385194553,-33.465954583663304],[-70.7118093150125,-33.46596126005404],[-70.71181471193624,-33.465968033913576],[-70.71181560242606,-33.46596894387364],[-70.71181639162585,-33.46596990835098],[-70.71182260806772,-33.465976102690185],[-70.71182877226617,-33.46598240166445],[-70.71182976505887,-33.465983234233],[-70.71183066311981,-33.46598412910059],[-70.71183757302515,-33.46598978209168],[-70.711844445176,-33.46599554516254],[-70.71184553071052,-33.46599629226987],[-70.7118465289854,-33.465997108957914],[-70.71185406585816,-33.4660021664916],[-70.71186157972694,-33.46600733782819],[-70.71186274753589,-33.46600799223245],[-70.71186383642551,-33.466008722919334],[-70.71187192781777,-33.466013136579726],[-70.7118800109036,-33.46601766609103],[-70.71188124971566,-33.4660182214502],[-70.7118824187597,-33.46601885913542],[-70.71189098695802,-33.46602258665311],[-70.7118995612031,-33.46602643048369],[-70.71190085905313,-33.46602688141825],[-70.71190209702934,-33.46602741998842],[-70.71191105978907,-33.46603042563628],[-70.71192004234452,-33.46603354659988],[-70.71235603183563,-33.4661644121062],[-70.71270958377472,-33.46627331148512],[-70.71270977401704,-33.46627336134895],[-70.7127099576487,-33.46627342632998],[-70.71271616278212,-33.466275327196506],[-70.71271768254161,-33.466275723072656],[-70.71271909962661,-33.46627620535331],[-70.71311016813151,-33.466390907880324],[-70.71314901471726,-33.46642578682344],[-70.71308224825098,-33.46668597516252],[-70.71307865565623,-33.46670431190156],[-70.71307722482274,-33.46672285547586],[-70.71307796953162,-33.466741427300704],[-70.71308088261226,-33.466759848519175],[-70.71308593601144,-33.46677794172469],[-70.71309308106343,-33.46679553266951],[-70.71310224895846,-33.46681245194282],[-70.71311335140561,-33.466828536602264],[-70.7131262814829,-33.466843631743345],[-70.71314091466701,-33.46685759199097],[-70.71315711003248,-33.46687028289979],[-70.71317471160894,-33.46688158224883],[-70.7131935498832,-33.46689138121866],[-70.71321344343171,-33.46689958543932],[-70.71323420066781,-33.46690611589926],[-70.71325562168694,-33.466910909706264],[-70.7132775001917,-33.466913920693074],[-70.71329962547883,-33.4669151198621],[-70.71332178446828,-33.46691449566466],[-70.71334376375557,-33.46691205411219],[-70.71336535166677,-33.466907818718404],[-70.71338634029728,-33.46690183027272],[-70.71340652751404,-33.466894146447544],[-70.71342571890227,-33.466884841242766],[-70.71344372963775,-33.46687400427312],[-70.71346038626685,-33.46686173990509],[-70.71347552837702,-33.46684816625185],[-70.71348901014159,-33.46683341403565],[-70.7135007017242,-33.466817625328915],[-70.71351049052922,-33.466800952186055],[-70.71351828228596,-33.46678355517898],[-70.71352400195663,-33.46676560185069],[-70.7136143926845,-33.466413342596596],[-70.71361467746365,-33.46641188902271],[-70.71361510441405,-33.4664104601077],[-70.7137179643564,-33.46597692386464],[-70.7137889430578,-33.46569635640064],[-70.71379137603475,-33.46569368670426],[-70.71380304217726,-33.4656778848634],[-70.71381280415316,-33.46566120072686],[-70.71382056795021,-33.46564379497237],[-70.7138228310214,-33.46563665294968],[-70.71382371026651,-33.465634593040214],[-70.71382909625117,-33.46561656737496],[-70.71383234824286,-33.46559818604383],[-70.71383343492441,-33.4655796260692],[-70.7138323458319,-33.46556106619381],[-70.71383060457433,-33.465551231403296],[-70.71392140849389,-33.46522219847211],[-70.71399730885042,-33.46526943460498],[-70.71399931254071,-33.46527055810323],[-70.71400120740427,-33.465271807215366],[-70.71420325460485,-33.46539203357915],[-70.71420854898011,-33.46539486711728],[-70.71421369952341,-33.46539788962377],[-70.71422209449206,-33.465402318077224],[-70.71423179436898,-33.4654071556566],[-70.7144325036793,-33.46550164581412],[-70.71444220883075,-33.46550570323273],[-70.71445190365945,-33.4655097779457],[-70.71445212826968,-33.46550985023705],[-70.71445234357317,-33.46550994024862],[-70.71446247649938,-33.46551318083909],[-70.71447260117142,-33.46551643948749],[-70.71461724412957,-33.465556285691775],[-70.71459304597512,-33.465628536877475],[-70.71459223626812,-33.46563150779908],[-70.71459119453255,-33.465634427492034],[-70.71458777601242,-33.465646060481],[-70.71458353649616,-33.46566429989741],[-70.71458145044838,-33.465682799766554],[-70.71458153796021,-33.46570138192463],[-70.71458379819028,-33.46571986741527],[-70.71458820937269,-33.465738078212894],[-70.71459472902659,-33.46575583893733],[-70.71460329436525,-33.46577297854275],[-70.71461382290073,-33.46578933196492],[-70.7146262132382,-33.465804741710954],[-70.71464034605239,-33.465819059375995],[-70.71465608523683,-33.46583214707255],[-70.71467327921442,-33.465843878758385],[-70.71469176239752,-33.46585414145041],[-70.71471135678232,-33.46586283631273],[-70.71473187366335,-33.46586987960867],[-70.71475311545088,-33.46587520350703],[-70.7147748775736,-33.46587875673551],[-70.71479695044914,-33.46588050507438],[-70.71481912150226,-33.46588043168614],[-70.71484117721216,-33.46587853727758],[-70.71486290516899,-33.465874840093086],[-70.71488409611938,-33.46586937573879],[-70.7149045459818,-33.46586219683978],[-70.71492405781191,-33.465853372533246],[-70.71494244369944,-33.46584298780257],[-70.71495952657777,-33.4658311426589],[-70.71497514192923,-33.465817951178074],[-70.7149891393695,-33.465803540401815],[-70.71500138409591,-33.4657880491143],[-70.71501175818565,-33.465771626505656],[-70.71502016173143,-33.46575443073498],[-70.71502651380347,-33.46573662740736],[-70.71502906205222,-33.46572795574213],[-70.71504922868671,-33.46566774994536],[-70.71514181742839,-33.46569009268055],[-70.7151436168751,-33.46569044779268],[-70.71514537501577,-33.46569092480795],[-70.7151548849172,-33.46569307918695],[-70.71516363241757,-33.4656947351473],[-70.71508159527875,-33.46594082087571],[-70.71507916925418,-33.46594977188311],[-70.71507678051294,-33.46595848689912],[-70.71507410781305,-33.465971030362276],[-70.71507128569584,-33.465989461510624],[-70.71507063265332,-33.46600803574682],[-70.715072154976,-33.46602657419081],[-70.71507583800444,-33.46604489830713],[-70.71508164627038,-33.466062831624285],[-70.71508952383819,-33.466080201434316]],[[-70.71405446700075,-33.46471992835796],[-70.71405474095552,-33.46472004049666],[-70.71405500090741,-33.46472017401442],[-70.71426167576399,-33.46481496351019],[-70.7142625334492,-33.46481531218962],[-70.7142633529784,-33.46481572518293],[-70.71457670216923,-33.46495657114057],[-70.71457419823219,-33.46496894611225],[-70.71457265163501,-33.46498748315009],[-70.71457328032933,-33.46500605798247],[-70.71457607826184,-33.46502449172358],[-70.7145810184883,-33.46504260684622],[-70.7145880534328,-33.46506022889152],[-70.71459711534608,-33.46507718814924],[-70.71460811695785,-33.46509332129195],[-70.7146209523172,-33.46510847294819],[-70.71463549781306,-33.46512249719863],[-70.7146516133645,-33.465135258981505],[-70.71466914376974,-33.46514663539333],[-70.7146879202011,-33.465156516872476],[-70.71470776183054,-33.465164808254386],[-70.7147284775715,-33.46517142968813],[-70.71474986791898,-33.46517631740527],[-70.71477172687104,-33.465179424334224],[-70.71479384391266,-33.46518072055339],[-70.71481600604326,-33.46518019357942],[-70.71483799982808,-33.46517784848749],[-70.71485961345356,-33.46517370786223],[-70.71488063876745,-33.465167811580486],[-70.71490087328343,-33.465160216427016],[-70.71492012213116,-33.46515099554775],[-70.71493819993304,-33.46514023774534],[-70.71495493258958,-33.46512804662384],[-70.71497015895596,-33.46511453959098],[-70.71497050702023,-33.465114162821344],[-70.71506648700358,-33.465148080006166],[-70.71531678997574,-33.4652459212904],[-70.71528887507458,-33.46532613908141],[-70.71525547005315,-33.46532342586134],[-70.71496324700206,-33.46525288858797],[-70.71495649630752,-33.46525113252438],[-70.71495585890412,-33.46525092737685],[-70.71463459870442,-33.46516242703758],[-70.71445892698715,-33.465079724157825],[-70.71426474568813,-33.46496417848966],[-70.7140383826571,-33.46482330273349],[-70.71402547464832,-33.4648160510911],[-70.7140257937771,-33.46481483392545],[-70.7140272339631,-33.46480973671473],[-70.71402896714635,-33.46480456849671],[-70.71405233945778,-33.46471894632125],[-70.71405446700075,-33.46471992835796]],[[-70.7132171685879,-33.46595588279272],[-70.71321843416911,-33.46595650866378],[-70.71323805905631,-33.465965155125474],[-70.71325619896636,-33.46597133019086],[-70.71324243850744,-33.4660284754642],[-70.71301120215335,-33.46596065272411],[-70.71300505119856,-33.46586375563773],[-70.7132171685879,-33.46595588279272]],[[-70.7134016291311,-33.46520639339327],[-70.71342372102781,-33.465204824439596],[-70.71344552306003,-33.46520144815578],[-70.71345659690942,-33.46519877038201],[-70.7134454171941,-33.46523996399981],[-70.71337271569689,-33.465205505189736],[-70.71337946012831,-33.46520613990676],[-70.7134016291311,-33.46520639339327]]]}},{"type":"Feature","properties":{"numpos":"85373","TIPO":"DESCARGO","TENSION":"MT","INCIDENCIA":"DF202671736149","CLITOTAL":"448","CANTAVISOS":"","FECHA_INICIO":"","FECHA_FIN":"","DESCARGO":"DF202671736149(TP20267213815778)","ESTADODESC":"789","ESTADOINC":" ","CLI_PLAN":"1","FECHA_INIDESC":"03-08-2026 11:00","FECHA_FINDESC":"03-08-2026 17:00","FECHA_REPOSICION":"03-08-2026 17:00","id_alim":"2024"},"geometry":{"type":"Polygon","coordinates":[[[-70.71347125276422,-33.46855308322928],[-70.71347573756898,-33.468554838342804],[-70.713496263342,-33.468561864738405],[-70.71351751202798,-33.468567171140215],[-70.71353927898923,-33.46857070644438],[-70.71356135459669,-33.46857243660384],[-70.71358352624887,-33.46857234495611],[-70.71360558041923,-33.468570432383906],[-70.7136273047127,-33.468566717306466],[-70.7136484899112,-33.4685612355023],[-70.71366893198858,-33.46855403976454],[-70.71368843407554,-33.4685451993925],[-70.71370680835555,-33.46853479952432],[-70.71372387787385,-33.46852294031696],[-70.7137394782414,-33.46850973598162],[-70.71375345921821,-33.468495313683874],[-70.71376568616017,-33.46847981231884],[-70.71377604131574,-33.46846338117371],[-70.71378442495991,-33.46844617848979],[-70.71379075635465,-33.46842836993872],[-70.71379497452638,-33.468410127026885],[-70.71379703885306,-33.46839162544363],[-70.71379692945551,-33.468373043369375],[-70.71379464738867,-33.468354559759646],[-70.71379021463142,-33.46833635262151],[-70.7137836738749,-33.468318597299415],[-70.71377508811126,-33.46830146478647],[-70.7137645400271,-33.46828512007767],[-70.71375213120689,-33.46826972058099],[-70.71373798115485,-33.46825541460149],[-70.71372222614393,-33.46824233991296],[-70.71370501790338,-33.46823062243126],[-70.71368652215769,-33.46822037500159],[-70.71366691703038,-33.46821169631173],[-70.71366478382835,-33.46821086149055],[-70.71336398084921,-33.4680860104709],[-70.71317116015182,-33.46799679536594],[-70.71321878273274,-33.46792418692258],[-70.71322109803182,-33.467920205735886],[-70.71322666611782,-33.46791412327628],[-70.71323846607179,-33.46789818436266],[-70.7132483265004,-33.46788134517153],[-70.71325615064156,-33.46786377095084],[-70.71326186171592,-33.46784563416159],[-70.71335776601731,-33.46746568435885],[-70.71335855449033,-33.46746241899805],[-70.71336326988013,-33.46744196696112],[-70.71344432252819,-33.46712965145343],[-70.71344799839984,-33.467111088300314],[-70.71344945780885,-33.46709231102959],[-70.71344868634436,-33.467073505074694],[-70.71344569162633,-33.46705485615223],[-70.71344050323026,-33.46703654842795],[-70.71343317239496,-33.46701876269799],[-70.71342377151664,-33.46700167460348],[-70.71341239343379,-33.46698545289604],[-70.71339915051038,-33.466970257771315],[-70.71338417352628,-33.46695623928691],[-70.71336761038556,-33.46694353588069],[-70.71334962465599,-33.46693227300348],[-70.71333039395375,-33.4669225618804],[-70.71331010818935,-33.466914498412365],[-70.7132889676923,-33.466908162229025],[-70.7132671812327,-33.46690361590252],[-70.71324496395968,-33.46690090432951],[-70.71323205329684,-33.466899874385454],[-70.71322294186234,-33.466899524314364],[-70.7132138390827,-33.46689904132722],[-70.71321187163917,-33.46689909898362],[-70.71320990505852,-33.46689902342521],[-70.71320079655749,-33.466899423540944],[-70.71319168112498,-33.46689969066965],[-70.71318972989795,-33.46689990967324],[-70.71318776395043,-33.46689999603258],[-70.71317874610227,-33.466901142481795],[-70.7131697058028,-33.46690215715383],[-70.71316778958357,-33.466902535395484],[-70.71316584320216,-33.46690278284088],[-70.71315700285291,-33.46690466458276],[-70.71314812474917,-33.46690641702637],[-70.71314626199192,-33.466906950863425],[-70.7131443539212,-33.46690735701187],[-70.71313577620786,-33.466909955924294],[-70.71312714580026,-33.46691242926263],[-70.71312535444417,-33.46691311355401],[-70.71312350305988,-33.466913674494094],[-70.71311527058994,-33.46691696554829],[-70.71310697099372,-33.466920135961885],[-70.71310526829058,-33.46692096411749],[-70.71310349142233,-33.46692167444711],[-70.71309568347863,-33.466925625948676],[-70.7130877946231,-33.466929462904886],[-70.71308619697076,-33.46693042694919],[-70.71308451173076,-33.46693127982751],[-70.71307720350784,-33.466935853721516],[-70.71306980136673,-33.466940320268584],[-70.71306832415135,-33.4669414109174],[-70.71306674676939,-33.466942398130776],[-70.7130600086492,-33.46694755036833],[-70.71305316450906,-33.46695260349117],[-70.71305182195711,-33.46695381024094],[-70.7130503676241,-33.46695492228205],[-70.71304426449845,-33.46696060324459],[-70.71303804427201,-33.4669661942791],[-70.71303684931294,-33.466967505508286],[-70.71303553203501,-33.466968731667556],[-70.71303012268048,-33.466974886644394],[-70.71302458627191,-33.46698096174623],[-70.7130235504139,-33.466982364826976],[-70.71302238287711,-33.466983693295916],[-70.7130177193888,-33.466990263011596],[-70.71301292011705,-33.466996763674295],[-70.713012053336,-33.46699824509421],[-70.71301104678446,-33.46699966307898],[-70.71300717407458,-33.4670065842638],[-70.71300315815955,-33.467013447882586],[-70.71300246880313,-33.46701499337483],[-70.71300163293053,-33.46701648721952],[-70.71299858829578,-33.46702369321884],[-70.71299539441327,-33.4670308536935],[-70.71299488912045,-33.467032448374184],[-70.71299423197678,-33.46703400369224],[-70.71299204473915,-33.46704142510847],[-70.71298970364845,-33.46704881347989],[-70.7129273661125,-33.46729335056133],[-70.71291488100672,-33.467308197951226],[-70.71290394639264,-33.467324363199445],[-70.71289495495083,-33.46734134887921],[-70.71288799327478,-33.46735899140954],[-70.71288312841038,-33.46737712088351],[-70.71288040721019,-33.467395562704645],[-70.71287985588226,-33.46741413926814],[-70.71288147973755,-33.46743267167158],[-70.71288526313879,-33.46745098143763],[-70.71288634112555,-33.46745425030481],[-70.71280681093573,-33.46776614293321],[-70.71266654425385,-33.467980000481326],[-70.71266186210256,-33.467988051386264],[-70.71265701393338,-33.467996344199705],[-70.71265700384633,-33.46799636683658],[-70.71265699116704,-33.46799638853855],[-70.71265691829014,-33.46799655221279],[-70.71265682988033,-33.46799670423239],[-70.71265310417766,-33.46800511829027],[-70.71264925691122,-33.46801375214362],[-70.71264924952013,-33.468013775500175],[-70.71264923943995,-33.46801379813922],[-70.71264918617696,-33.468013966628696],[-70.71264911579682,-33.46801412557384],[-70.7126463861139,-33.46802282413693],[-70.71264357311088,-33.468031713493104],[-70.71264356848694,-33.46803173734432],[-70.71264356110295,-33.46803176070244],[-70.71264352788192,-33.46803193233999],[-70.71264347629526,-33.46803209672892],[-70.71264177317109,-33.46804099796757],[-70.71264001727167,-33.468050055270716],[-70.71264001545943,-33.46805007938698],[-70.71264001084273,-33.46805010323918],[-70.71263999788788,-33.46805027633774],[-70.71263996568835,-33.468050444625874],[-70.71263931022239,-33.46805946423156],[-70.71263862363965,-33.46806860083532],[-70.71263862465653,-33.46806862498431],[-70.71263862285163,-33.46806864910092],[-70.71263863018369,-33.46806882197144],[-70.71263861778648,-33.468068992564575],[-70.71263902130404,-33.46807804449955],[-70.71263940563762,-33.468087171583],[-70.71263940947385,-33.46808719553216],[-70.7126394104981,-33.468087219680925],[-70.71263943793727,-33.46808739064965],[-70.7126394455721,-33.46808756191821],[-70.71264090937204,-33.46809655920482],[-70.71264235573588,-33.46810558866719],[-70.71264236235453,-33.46810561218588],[-70.71264236619805,-33.46810563613423],[-70.7126423663105,-33.46810563653336],[-70.71264236634944,-33.46810563677597],[-70.71264241340866,-33.468105803804896],[-70.7126424410745,-33.468105973853696],[-70.71264495626714,-33.46811482939512],[-70.71264744552472,-33.46812367472113],[-70.71264745483755,-33.46812369752293],[-70.71264746165991,-33.468123721737776],[-70.71264752802674,-33.468123884096556],[-70.71264757544674,-33.46812405105381],[-70.71265112078511,-33.468132673365965],[-70.71265113768546,-33.468132714710656],[-70.71265462598788,-33.468141255565946],[-70.71265463768843,-33.46814127706273],[-70.71265464749041,-33.46814130104214],[-70.71265473252569,-33.46814145716716],[-70.7126547992432,-33.468141619424976],[-70.71265933589868,-33.46814990897301],[-70.71265944592044,-33.46815011097327],[-70.71266382797468,-33.468158161888084],[-70.71266384185324,-33.46815818191652],[-70.71266385463852,-33.468158205390324],[-70.71266395752333,-33.468158353778016],[-70.7126640428958,-33.46815850977378],[-70.712669527179,-33.46816638672557],[-70.71266976480155,-33.46816672944143],[-70.71267496286579,-33.46817423086995],[-70.71267497870167,-33.46817424929166],[-70.71267499443525,-33.46817427198374],[-70.71267511417877,-33.468174411205055],[-70.71267521738403,-33.46817455943641],[-70.7126815964772,-33.46818194793045],[-70.7126819906962,-33.46818240627407],[-70.71268792342676,-33.46818930775799],[-70.71268794099261,-33.468189324459026],[-70.7126879595989,-33.46818934609186],[-70.71268809504797,-33.46818947480603],[-70.71268821509209,-33.46818961384537],[-70.71269542756093,-33.46819644272623],[-70.71269600079555,-33.468196987457965],[-70.71270258484071,-33.46820324735292],[-70.7127026039067,-33.46820326224275],[-70.71270262526826,-33.46820328254213],[-70.71270277511834,-33.46820339950953],[-70.7127029108453,-33.468203528017916],[-70.71271088723252,-33.46820973152191],[-70.71271165450352,-33.46821033042481],[-70.71271880591036,-33.46821591540827],[-70.71271882624758,-33.46821592841814],[-70.71271885020501,-33.46821594711842],[-70.71271901301306,-33.46821605121258],[-70.71271916311564,-33.46821616795236],[-70.71272782660134,-33.46822168633378],[-70.71272879500947,-33.46822230550228],[-70.71273643041773,-33.4682271899232],[-70.7127364518012,-33.46822720100419],[-70.71273647815401,-33.468227217853325],[-70.71273665235208,-33.46822730807179],[-70.71273681538474,-33.46822741191869],[-70.71274608253368,-33.46823219203208],[-70.71274725102313,-33.46823279720126],[-70.7127552886288,-33.46823696231739],[-70.7127553319905,-33.468236982392426],[-70.71275533934805,-33.468236986202974],[-70.71275678376195,-33.468237654515164],[-70.71314765775873,-33.46841861538561],[-70.71315663375833,-33.468422553430536],[-70.71346657541707,-33.468551197619504],[-70.71347125276422,-33.46855308322928]]]}},{"type":"Feature","properties":{"numpos":"96592","TIPO":"DESCARGO","TENSION":"MT","INCIDENCIA":"DF202671736149","CLITOTAL":"448","CANTAVISOS":"","FECHA_INICIO":"","FECHA_FIN":"","DESCARGO":"DF202671736149(TP20267213815778)","ESTADODESC":"789","ESTADOINC":" ","CLI_PLAN":"1","FECHA_INIDESC":"03-08-2026 11:00","FECHA_FINDESC":"03-08-2026 17:00","FECHA_REPOSICION":"03-08-2026 17:00","id_alim":"2024"},"geometry":{"type":"Polygon","coordinates":[[[-70.71441946011622,-33.462756572015884],[-70.71441968239525,-33.462755385729544],[-70.71445715306322,-33.46255118471736],[-70.7144577090579,-33.46254871955852],[-70.71445947022382,-33.46253973155394],[-70.71450092222271,-33.4622908960622],[-70.71450290690312,-33.462272388356126],[-70.71450271768101,-33.46225380671976],[-70.71450035638006,-33.46223533010434],[-70.71449584574223,-33.46221713644963],[-70.7144892292087,-33.46219940097019],[-70.7144805705014,-33.46218229446799],[-70.71446995300933,-33.462165981687626],[-70.71445747898547,-33.46215061972953],[-70.71444326856194,-33.46213635653723],[-70.71442745859311,-33.462123329472476],[-70.71441020133747,-33.46211166399248],[-70.71440020728076,-33.462106169709116],[-70.71438909284655,-33.462100007671744],[-70.71436949198718,-33.46209132440052],[-70.7143489700695,-33.46208429323545],[-70.71432772472973,-33.4620789818901],[-70.71430596057097,-33.46207544151539],[-70.71428388719261,-33.46207370620687],[-70.714261717172,-33.46207379267646],[-70.71425819964394,-33.46207409691373],[-70.71425291290915,-33.462074140272975],[-70.7142308717223,-33.46207614251435],[-70.71420917081537,-33.462079945891965],[-70.71418801917875,-33.46208551377753],[-70.71416762051314,-33.46209279254963],[-70.71414817126791,-33.46210171211014],[-70.71412985874922,-33.462112186559324],[-70.71411285931617,-33.462124115023045],[-70.71409733668241,-33.46213738262427],[-70.71408344033952,-33.462151861589334],[-70.71407130411714,-33.46216741247842],[-70.71406104489438,-33.46218388552844],[-70.71405276147397,-33.46220112209542],[-70.71404653363085,-33.462218956182134],[-70.71404242134372,-33.46223721603684],[-70.71400175912147,-33.462483554646774],[-70.71400086505183,-33.46248836461635],[-70.7140008274331,-33.46248866247068],[-70.71400075769066,-33.46248895008641],[-70.71397063338325,-33.46265441858986],[-70.7139697628465,-33.46265578811433],[-70.71396130629081,-33.4626729655319],[-70.71395489923995,-33.462690754974],[-70.71395060339852,-33.46270898511887],[-70.7139484601391,-33.46272748040043],[-70.71394849010385,-33.46274606269906],[-70.71395069300556,-33.46276455305705],[-70.71395087686648,-33.46276532235642],[-70.7139401210989,-33.462833270617864],[-70.7139382927906,-33.46285164952146],[-70.71393860633924,-33.4628700903269],[-70.71393900655534,-33.4628730812637],[-70.71388188363204,-33.46320024338611],[-70.71388117911306,-33.46320636108893],[-70.71388025419355,-33.463212267809176],[-70.71388014419159,-33.46321339781021],[-70.71388003106324,-33.4632163301978],[-70.71387975357867,-33.46321873973946],[-70.71387976407667,-33.463223250727985],[-70.71387942768041,-33.46323197041809],[-70.71387979524096,-33.46323664197071],[-70.71387979682356,-33.463237322018735],[-70.71387994795674,-33.46323858292928],[-70.71388088657939,-33.4632505124575],[-70.7138845068399,-33.46326884535836],[-70.71389025359815,-33.463286792564595],[-70.71389807151088,-33.46330418123441],[-70.71390788528835,-33.46332084390507],[-70.71391960041929,-33.46333662010544],[-70.71393310408118,-33.46335135790156],[-70.71394826622665,-33.4633649153598],[-70.71396494083602,-33.463377161913876],[-70.71398296732343,-33.46338797962222],[-70.71400217208345,-33.463397264303865],[-70.71402237016305,-33.46340492654173],[-70.71404336704266,-33.463410892543905],[-70.71406496050976,-33.46341510485425],[-70.71407505056645,-33.46341621477052],[-70.71407688490024,-33.46341651595687],[-70.71408020922509,-33.46341678222777],[-70.71408694260619,-33.46341752290563],[-70.71409074181358,-33.46341762586368],[-70.714098954955,-33.46341828371663],[-70.71412112546622,-33.463418229835476],[-70.71414318291838,-33.4634163548324],[-70.71416491488479,-33.463412676764825],[-70.71418611207349,-33.463407231054845],[-70.71420657034282,-33.46340007014795],[-70.71422609266756,-33.4633912630081],[-70.7142444910363,-33.46338089445326],[-70.71426158826225,-33.46336906433893],[-70.71427721968952,-33.46335588659609],[-70.71429123477901,-33.46334148813419],[-70.7143034985581,-33.46332600761886],[-70.71431389292043,-33.46330959413642],[-70.71432231776346,-33.463292405758146],[-70.71432869195236,-33.46327460801786],[-70.71433295410141,-33.46325637231785],[-70.71439655925153,-33.46288965031081],[-70.71439676001302,-33.462888466555206],[-70.71441317543179,-33.46278943271733],[-70.71441946011622,-33.462756572015884]]]}},{"type":"Feature","properties":{"numpos":"10152","TIPO":"DESCARGO","TENSION":"MT","INCIDENCIA":"DF202671756650","CLITOTAL":"323","CANTAVISOS":"","FECHA_INICIO":"","FECHA_FIN":"","DESCARGO":"DF202671756650(TP20267213816057)","ESTADODESC":"789","ESTADOINC":" ","CLI_PLAN":"1","FECHA_INIDESC":"04-08-2026 11:00","FECHA_FINDESC":"04-08-2026 14:00","FECHA_REPOSICION":"04-08-2026 14:00","id_alim":"233"},"geometry":{"type":"Polygon","coordinates":[[[-70.53365824379254,-33.40995332086004],[-70.53365909863163,-33.40995095692075],[-70.53366015430333,-33.40994865077028],[-70.53366868677472,-33.409926872987675],[-70.53366920260045,-33.40992529999566],[-70.5336698684148,-33.409923767141],[-70.53367239077166,-33.40991693479016],[-70.5336728483156,-33.40991543929373],[-70.53367344883424,-33.40991398352515],[-70.5336744727628,-33.40991104135271],[-70.53375979462595,-33.40969393134426],[-70.5338019700733,-33.409589829972965],[-70.53380228871501,-33.409588895186566],[-70.53380270399133,-33.40958798747474],[-70.53386211134242,-33.40943626014246],[-70.53394024429375,-33.4092367601273],[-70.53394192169547,-33.409232477139305],[-70.53394299770244,-33.4092291944012],[-70.53394431623019,-33.40922597110524],[-70.53394555302835,-33.40922238281627],[-70.53394576852956,-33.40922175351246],[-70.53394678906099,-33.40921875383415],[-70.53395181597095,-33.4092006547502],[-70.53395470341955,-33.40918222958122],[-70.53395542360042,-33.40916365577169],[-70.53395396957923,-33.40914511219759],[-70.53395035536035,-33.409126777443554],[-70.53394461575195,-33.40910882808309],[-70.53393680603082,-33.40909143697798],[-70.53392700140985,-33.40907477161371],[-70.5339152963137,-33.40905899248636],[-70.53390180346935,-33.40904425155699],[-70.53388665282067,-33.409030690788285],[-70.53386999027667,-33.409018440777274],[-70.53385197630658,-33.40900761949768],[-70.53383278439424,-33.40899833116385],[-70.53381259936754,-33.40899066522701],[-70.5337916156184,-33.40898469551392],[-70.53377003523063,-33.408980479515854],[-70.53374806603392,-33.408978057835014],[-70.5337259196023,-33.40897745379334],[-70.53370380921662,-33.408978673208104],[-70.5336819478106,-33.408981704335815],[-70.53366054592026,-33.408986517985234],[-70.53363980965634,-33.40899306779865],[-70.53361993871935,-33.40900129069814],[-70.53360112447648,-33.40901110749319],[-70.53358354811864,-33.40902242364325],[-70.53356737891542,-33.40903513016814],[-70.53355277258504,-33.40904910469766],[-70.53353986979468,-33.409064212650016],[-70.53352879480578,-33.40908030852791],[-70.53351965427724,-33.40909723731969],[-70.53351253623829,-33.40911483599227],[-70.53351162280428,-33.40911752083631],[-70.53351121136087,-33.40911857138056],[-70.53343307470894,-33.409318078311664],[-70.53343307232255,-33.409318085592034],[-70.53343306909747,-33.40931809264138],[-70.5333740195869,-33.40946890412965],[-70.5333318834288,-33.409572907248844],[-70.53333159877144,-33.40957374232252],[-70.53333122672942,-33.4095745528683],[-70.5332713450985,-33.40972692585225],[-70.53326783275634,-33.40972934362847],[-70.53325216537634,-33.40974248501902],[-70.53323810928842,-33.409756851057274],[-70.53322579986072,-33.40977230339102],[-70.53321535564031,-33.40978869320636],[-70.53320687721157,-33.40980586266082],[-70.5332004462274,-33.40982364640359],[-70.53319612462286,-33.40984187316773],[-70.5331939540187,-33.409860367419796],[-70.53319395532037,-33.40987895105004],[-70.53319612851669,-33.40989744508795],[-70.53319728551799,-33.40990232184634],[-70.53316439027205,-33.40997295912676],[-70.53316228061468,-33.40997824051162],[-70.53315992074377,-33.4099834581469],[-70.53304634572605,-33.410277306226625],[-70.53294834187393,-33.410460772513005],[-70.53283657435321,-33.410552787541505],[-70.53242788329811,-33.410887233532016],[-70.53242458240402,-33.410889648972265],[-70.53242084487503,-33.4108929787974],[-70.53241691063155,-33.41089615102619],[-70.53241325189632,-33.41089974350403],[-70.5324093941785,-33.410903180406194],[-70.53240606399613,-33.41090680123472],[-70.53240251925688,-33.41091028177982],[-70.53239929783211,-33.41091415792362],[-70.53239586054414,-33.41091789520429],[-70.53239296971992,-33.41092177215349],[-70.53238984868094,-33.41092552750803],[-70.53238709565207,-33.41092964999642],[-70.53238411183764,-33.41093365165561],[-70.53238168815376,-33.410937747385425],[-70.53237902092877,-33.41094174138664],[-70.53237676286746,-33.410946070516495],[-70.5323742612061,-33.410950298017376],[-70.53237232794991,-33.41095457308946],[-70.53237014027835,-33.410958767267594],[-70.5323683989843,-33.41096326133713],[-70.53236640351739,-33.41096767397644],[-70.53236543200067,-33.41097018800254],[-70.53226946045174,-33.41120558921516],[-70.53226332891315,-33.411223447221005],[-70.53225931402561,-33.41124172326673],[-70.53225745445599,-33.41126024134419],[-70.53225776811432,-33.41127882311426],[-70.53226025198131,-33.41129728962426],[-70.53226488213728,-33.41131546303144],[-70.53227161399256,-33.411333168315686],[-70.5322803827168,-33.41135023496508],[-70.5322911038633,-33.411366498617994],[-70.53230367418224,-33.41138180264607],[-70.53231797261505,-33.41139599966261],[-70.53233386146022,-33.41140895294197],[-70.53235118769932,-33.41142053773647],[-70.53236978447089,-33.411430642477626],[-70.53238947267725,-33.411439169850766],[-70.53241006270937,-33.41144603773217],[-70.53243135627294,-33.41145117998004],[-70.53245314829807,-33.411454547071415],[-70.5324752289144,-33.411456106579216],[-70.53249738547211,-33.41145584348449],[-70.53251940459008,-33.41145376032101],[-70.5325410742108,-33.41144987715095],[-70.53256218564275,-33.411444231371654],[-70.53258253557019,-33.41143687735541],[-70.5326019280113,-33.41142788592584],[-70.53262017620555,-33.41141734367586],[-70.53263710441242,-33.411405352133634],[-70.53265254960384,-33.41139202678484],[-70.53266636303424,-33.41137749596045],[-70.5326784116731,-33.41136189960079],[-70.53268857948605,-33.411345387907836],[-70.53269676855234,-33.41132811989867],[-70.53277738189327,-33.411130387333365],[-70.53315220041301,-33.41082365929959],[-70.53315243143011,-33.41082345073255],[-70.53315268503427,-33.41082326152064],[-70.53329513859369,-33.41070598312732],[-70.53330118380582,-33.41070049238553],[-70.53330735377347,-33.41069510013345],[-70.5333086970386,-33.410693668269445],[-70.53331017076788,-33.410692329711054],[-70.53331554515036,-33.41068636847024],[-70.53332105519848,-33.41068049498944],[-70.5333222246491,-33.41067895959893],[-70.5333235348404,-33.41067750634017],[-70.53332818663512,-33.410671132010584],[-70.53333298369914,-33.41066483386609],[-70.53333396807278,-33.410663209735816],[-70.53333510210837,-33.41066165577237],[-70.53333898651628,-33.410654929742506],[-70.53334302439808,-33.41064826758912],[-70.53346344617667,-33.4104228322799],[-70.53346383840613,-33.41042198941724],[-70.53346431805122,-33.41042117897886],[-70.53346786563256,-33.41041333530193],[-70.5334715023341,-33.410405520384835],[-70.53347179416734,-33.41040464933797],[-70.53347217678474,-33.41040380337343],[-70.5335874525393,-33.41010555125573],[-70.5336559662276,-33.40995842737095],[-70.53365699935314,-33.40995584096965],[-70.53365824379254,-33.40995332086004]]]}},{"type":"Feature","properties":{"numpos":"10198","TIPO":"DESCARGO","TENSION":"MT","INCIDENCIA":"DF202671756650","CLITOTAL":"323","CANTAVISOS":"","FECHA_INICIO":"","FECHA_FIN":"","DESCARGO":"DF202671756650(TP20267213816057)","ESTADODESC":"789","ESTADOINC":" ","CLI_PLAN":"1","FECHA_INIDESC":"04-08-2026 11:00","FECHA_FINDESC":"04-08-2026 14:00","FECHA_REPOSICION":"04-08-2026 14:00","id_alim":"233"},"geometry":{"type":"Polygon","coordinates":[[[-70.53356801975717,-33.4089817403429],[-70.53351797890919,-33.40909878698817],[-70.5335115325397,-33.40911656679912],[-70.53350719514737,-33.4091347909195],[-70.5335050085049,-33.409153283841285],[-70.53350499367227,-33.40917186746757],[-70.53350715079367,-33.409190362827836],[-70.53351145909623,-33.409208591801494],[-70.53351787708988,-33.409226378833345],[-70.53352634296695,-33.40924355262416],[-70.53353677519738,-33.40925994778054],[-70.5335490733138,-33.40927540640766],[-70.53356311887914,-33.409289779629944],[-70.53357877662714,-33.409302929024825],[-70.53359589576506,-33.409314727955866],[-70.53361431142598,-33.409325062792405],[-70.5336338462564,-33.40933383400374],[-70.53365431212443,-33.409340957117905],[-70.53367551193158,-33.409346363535015],[-70.53369724151094,-33.40935000118803],[-70.53371929159346,-33.4093518350442],[-70.53374144982345,-33.40935184744241],[-70.53376350280364,-33.409350038263256],[-70.53378523815044,-33.40934642493033],[-70.53380644653932,-33.40934104224221],[-70.53382692372078,-33.40933394203751],[-70.53384647248741,-33.40932519269552],[-70.53386490457316,-33.40931487847762],[-70.5338820424665,-33.409303098715995],[-70.53389772111993,-33.40928996685672],[-70.53391178953946,-33.40927560936732],[-70.53392411223886,-33.40926016451887],[-70.53393457054437,-33.4092437810542],[-70.53394306373758,-33.40922661675546],[-70.53403140313313,-33.40901998636468],[-70.53403386478274,-33.40901390584496],[-70.53403588718575,-33.40900861742323],[-70.53404256491285,-33.40901016215355],[-70.53406418879027,-33.40901421840541],[-70.53408618260029,-33.40901647752701],[-70.53410833452911,-33.40901691776172],[-70.53413043124017,-33.4090155348698],[-70.5341522599287,-33.40901234216943],[-70.5341736103712,-33.40900737040826],[-70.53419427695009,-33.4090006674674],[-70.53421406063393,-33.40899229790026],[-70.53423277089423,-33.40898234231079],[-70.53425022754041,-33.40897089657737],[-70.53426626245516,-33.40895807092918],[-70.53428072121342,-33.40894398888478],[-70.53429346456976,-33.40892878606257],[-70.53430436979914,-33.40891260887452],[-70.53431333187905,-33.40889561311628],[-70.53432026450068,-33.40887796246672],[-70.53432510090023,-33.40885982691148],[-70.53432779450188,-33.40884138110615],[-70.53432831936604,-33.40882280269399],[-70.53432667043941,-33.40880427059526],[-70.53432286360338,-33.40878596328405],[-70.5343169355212,-33.40876805706958],[-70.53430894328467,-33.40875072439814],[-70.5342989638644,-33.40873413219241],[-70.53428709336843,-33.40871844024392],[-70.53427344611669,-33.40870379967418],[-70.53425815353997,-33.40869035147933],[-70.53424136291412,-33.40867822517224],[-70.53422323594184,-33.40866753753534],[-70.53420394719524,-33.40865839149587],[-70.53418368243476,-33.408650875134725],[-70.53417768487323,-33.40864921818185],[-70.534223919574,-33.408535857105704],[-70.53422527024223,-33.40853192508106],[-70.53422687416318,-33.40852806694553],[-70.53422833200085,-33.40852301178029],[-70.53423005365073,-33.408517999763525],[-70.53423093951376,-33.40851397002547],[-70.53423208321975,-33.408510004135024],[-70.53423294204562,-33.40850486062643],[-70.53423407120343,-33.40849972415357],[-70.534234482411,-33.40849563537611],[-70.53423515619403,-33.408491600088],[-70.53423540941658,-33.40848641784127],[-70.53423593354216,-33.40848120628009],[-70.53423586482268,-33.40847709787036],[-70.53423606349297,-33.40847303204556],[-70.534235710319,-33.408467860831365],[-70.53423562273302,-33.4084626244804],[-70.53423507348248,-33.40845853619475],[-70.53423479638013,-33.40845447882816],[-70.53423384177474,-33.408449368112734],[-70.53423314177057,-33.40844415770731],[-70.53423211609481,-33.408440129257876],[-70.5342313670599,-33.4084361191133],[-70.53422982165408,-33.40843111759931],[-70.53422851454926,-33.4084259838058],[-70.5342270212575,-33.40842205446171],[-70.5342258085598,-33.408418129714846],[-70.5342236885085,-33.408413284896426],[-70.53422178563292,-33.4084082778002],[-70.53421983818184,-33.40840448598808],[-70.53421817441242,-33.408400683880245],[-70.53421550120554,-33.4083960416157],[-70.53421301982586,-33.40839121020866],[-70.5342106362132,-33.40838759311675],[-70.53420853813978,-33.408383949622014],[-70.53420533836963,-33.408379553727364],[-70.53420230154846,-33.408374945400986],[-70.53419950415648,-33.40837153859198],[-70.53419699254529,-33.40836808809973],[-70.53419329763352,-33.40836397996521],[-70.53418973402431,-33.408359640015625],[-70.53418654941403,-33.40835647705302],[-70.53418364881993,-33.40835325206804],[-70.53417949470702,-33.40834947029981],[-70.534175438286,-33.408345441451296],[-70.53417189694379,-33.40834255354399],[-70.53416863547139,-33.4083395844054],[-70.53416406227257,-33.408336164495225],[-70.53415955200948,-33.408332486447335],[-70.53415568804796,-33.40832990211691],[-70.53415209708652,-33.40832721673836],[-70.53414714871677,-33.40832419076153],[-70.53414222818817,-33.408320899766956],[-70.53413807900544,-33.40831864454265],[-70.53413419293875,-33.408316268173714],[-70.53412891671026,-33.40831366451748],[-70.53412363365963,-33.40831079299566],[-70.53411923955957,-33.408308889140706],[-70.53411509545438,-33.4083068441516],[-70.5341095416498,-33.408304687275184],[-70.53410394749868,-33.40830226346671],[-70.53409935127699,-33.40830072973944],[-70.53409498855193,-33.40829903543007],[-70.53408920997622,-33.40829734565698],[-70.534083359293,-33.408295393323634],[-70.53407860579475,-33.40829424477773],[-70.53407406587088,-33.4082929172109],[-70.53406811738394,-33.408291710554614],[-70.53406206731721,-33.408290248729365],[-70.53405720297042,-33.40828949655453],[-70.534052528907,-33.40828854841559],[-70.53404646694192,-33.40828783643977],[-70.5340402766235,-33.40828687922884],[-70.53403534895432,-33.40828653063491],[-70.53403058507178,-33.408285971117806],[-70.53402446713956,-33.40828576083128],[-70.53401819706684,-33.408285317272025],[-70.53401325420377,-33.408285375417684],[-70.534008445695,-33.40828521013821],[-70.53400232987948,-33.40828550392596],[-70.53399604128406,-33.40828557790138],[-70.53399113145646,-33.408286041868024],[-70.53398632398957,-33.40828627280546],[-70.53398026843584,-33.40828706839603],[-70.53397402264609,-33.40828765860696],[-70.53396919368315,-33.40828852341806],[-70.53396443299825,-33.40828914888555],[-70.533958495397,-33.40829043935595],[-70.53395235320309,-33.40829153935058],[-70.53394765203994,-33.408292796036],[-70.53394298354192,-33.40829381068052],[-70.53393722061422,-33.40829558449851],[-70.53393124164242,-33.408297182758844],[-70.5339267138393,-33.40829881846265],[-70.53392218218944,-33.408300213295014],[-70.53391664917295,-33.40830245440027],[-70.53391089127884,-33.408304534482994],[-70.5339065805593,-33.40830653261292],[-70.53390222926812,-33.408308295068764],[-70.53389697941132,-33.4083109829923],[-70.53389149809655,-33.40831352372235],[-70.53388744590939,-33.40831586413861],[-70.53388331693472,-33.408317978170345],[-70.53387840100079,-33.40832108819329],[-70.5338732488618,-33.40832406390617],[-70.53386949397223,-33.4083267231466],[-70.53386562732473,-33.40832916934674],[-70.53386109311053,-33.40833267269775],[-70.53385631932427,-33.4083360535272],[-70.5338528974382,-33.408339005065585],[-70.53384933079845,-33.408341760821344],[-70.53384522267244,-33.40834562491254],[-70.53384087252446,-33.40834937711944],[-70.53383781594984,-33.40835259165285],[-70.53383458430025,-33.40835563133193],[-70.53383094276354,-33.40835982003303],[-70.53382705722358,-33.408363906370006],[-70.533824394572,-33.40836735213137],[-70.53382152984719,-33.408370647298476],[-70.53381839112336,-33.408375121247005],[-70.53381500647087,-33.408379501354815],[-70.53381276240123,-33.408383144446965],[-70.53381029316125,-33.4083866641096],[-70.53369336187023,-33.40857377873924],[-70.53346390490785,-33.40861082677293],[-70.53345862663339,-33.40861167899578],[-70.5334491094355,-33.408613626171636],[-70.53343956644248,-33.408615482422555],[-70.53343834870839,-33.408615827767],[-70.53343709986235,-33.4086160832751],[-70.5334278560576,-33.40861880343962],[-70.53341857595537,-33.40862143523756],[-70.53341740444516,-33.40862187902338],[-70.53341619147376,-33.408622235963],[-70.53340731008474,-33.40862570291961],[-70.53339838224507,-33.408629084919184],[-70.53339359807399,-33.40863113995191],[-70.5332742115607,-33.40868243513088],[-70.5332944684787,-33.40861155537526],[-70.53331121018705,-33.40860517556092],[-70.53333038788838,-33.40859586672516],[-70.53334838531616,-33.408585026197755],[-70.53336502914492,-33.40857275837956],[-70.53338015908537,-33.40855918141685],[-70.53339362942803,-33.408544426063806],[-70.53340531044657,-33.40852863442309],[-70.53341508964702,-33.40851195857734],[-70.53342287285125,-33.40849455912446],[-70.5334285851038,-33.40847660363105],[-70.5334292096362,-33.408473410064424],[-70.53343489892171,-33.408470775575374],[-70.53344365503786,-33.40846681693722],[-70.53344459954654,-33.40846628358855],[-70.53344559555492,-33.40846582237525],[-70.53345378397756,-33.40846109728911],[-70.53346203519337,-33.40845643796011],[-70.53346291281179,-33.40845582954219],[-70.53346385013545,-33.40845528866433],[-70.53347144701564,-33.40844991311779],[-70.53347911385012,-33.40844459800492],[-70.53347991612489,-33.40844392038133],[-70.53348078573819,-33.40844330504343],[-70.5334877179214,-33.40843733076616],[-70.53349472653113,-33.408431411097474],[-70.53349544573554,-33.408430670798815],[-70.53349623926388,-33.40842998692193],[-70.53350243998563,-33.40842347140674],[-70.53350872287778,-33.408417004235474],[-70.53350935208661,-33.4084162083961],[-70.53351006188669,-33.408415462561194],[-70.53351547141563,-33.408408468511674],[-70.53352096809795,-33.40840151616542],[-70.53352150125387,-33.40840067245476],[-70.53352212048753,-33.408399871839336],[-70.53352668670063,-33.40839246656783],[-70.53353134426403,-33.408385096046416],[-70.53353177623619,-33.40838421259468],[-70.53353229893615,-33.40838336490398],[-70.53353597782066,-33.40837561968538],[-70.53353975144869,-33.40836790201364],[-70.53354007808187,-33.40836698733349],[-70.53354049920931,-33.408366100726425],[-70.5335432552877,-33.408358090113126],[-70.53354610868718,-33.40835009965537],[-70.53354632684184,-33.408349162559674],[-70.53354664233494,-33.4083482455705],[-70.53354844900727,-33.40834004667676],[-70.53355035475698,-33.40833186041837],[-70.53355046233929,-33.40833090993502],[-70.5335506691526,-33.40832997139139],[-70.53355150895437,-33.408321663151696],[-70.53355244876744,-33.40831335995663],[-70.53355244474925,-33.40831240524164],[-70.53355254088314,-33.408311454179554],[-70.53355997186118,-33.40813589889298],[-70.53355967048073,-33.40811731697893],[-70.53355719889693,-33.408098849317064],[-70.53355258091385,-33.408080673760885],[-70.53354586100644,-33.40806296535067],[-70.53353710389217,-33.40804589462775],[-70.53352639390778,-33.408029625992015],[-70.53351383419692,-33.408014316118866],[-70.53349954571698,-33.40800011245019],[-70.53348366607398,-33.4079871517745],[-70.5334663481975,-33.40797555890964],[-70.53344775886781,-33.40796544550066],[-70.53343028473236,-33.407957866455675],[-70.53343710080422,-33.40791148042644],[-70.53343775826146,-33.40790700616831],[-70.53343938614088,-33.40788847275378],[-70.53343884020015,-33.4078698947608],[-70.53343612569829,-33.40785145110559],[-70.5334312687788,-33.4078333194104],[-70.53342431621769,-33.407815674293126],[-70.53341533497303,-33.4077986856855],[-70.53340441153998,-33.40778251719665],[-70.53339165111785,-33.40776732453744],[-70.53337717659693,-33.40775325402096],[-70.53336112737487,-33.407740441153386],[-70.53334365801439,-33.40772900932907],[-70.53332493675457,-33.407719068642166],[-70.53330514389076,-33.40771071482647],[-70.53328447003815,-33.40770402833331],[-70.53326311429626,-33.407699073556934],[-70.5332412823313,-33.407695898214314],[-70.5332191843957,-33.407694532885515],[-70.53319703330332,-33.407694990719406],[-70.53317504237988,-33.407697267306844],[-70.53315342340869,-33.407701340723236],[-70.533132384591,-33.40770717173964],[-70.53311212854105,-33.40771470420054],[-70.5330928503348,-33.40772386556468],[-70.53307473563122,-33.40773456760359],[-70.5330579588844,-33.4077467072514],[-70.53304268166343,-33.407760167597196],[-70.5330290510964,-33.40777481901105],[-70.53301719845354,-33.407790520392425],[-70.53300723788284,-33.4078071205289],[-70.53299926531098,-33.40782445955254],[-70.5329933575192,-33.40784237047942],[-70.53298957140397,-33.407860680817784],[-70.532988913926,-33.407865155060016],[-70.53293274450766,-33.40824739516873],[-70.53293009524468,-33.408262345540734],[-70.53285555043132,-33.40852249089628],[-70.53279329578882,-33.40874031798655],[-70.53279259668248,-33.40874343095982],[-70.53279165892893,-33.408746499483165],[-70.53279003233057,-33.40875316706327],[-70.53269858786291,-33.409128045682486],[-70.53260874100373,-33.40932142270523],[-70.5326073976855,-33.40932479433779],[-70.5326058110401,-33.40932809617468],[-70.53260472077932,-33.409330731146554],[-70.5326041306811,-33.409332005047894],[-70.53260301197584,-33.40933482247268],[-70.53260167143435,-33.40933757095457],[-70.53247843810382,-33.40963048887346],[-70.53234480019023,-33.4098996762504],[-70.53220496632443,-33.41017602883502],[-70.53205897709933,-33.410342459495176],[-70.5318816645713,-33.41054458928442],[-70.53166551561064,-33.41070386498909],[-70.5316496072586,-33.41071680131574],[-70.53163528740996,-33.41073098307165],[-70.53162269397293,-33.41074627367931],[-70.5316119482298,-33.41076252588238],[-70.53160315366867,-33.4107795831637],[-70.53159639498696,-33.41079728125271],[-70.53159173727563,-33.41081544970744],[-70.53158922539225,-33.41083391355595],[-70.53158888352903,-33.41085249498138],[-70.53159071497964,-33.41087101503439],[-70.53159470210761,-33.41088929535665],[-70.53160080651595,-33.41090715989839],[-70.53160896941704,-33.410924436614],[-70.53161911219867,-33.41094095911885],[-70.53163113718104,-33.41095656829166],[-70.53164492855755,-33.41097111380704],[-70.53166035350998,-33.41098445558318],[-70.53167726348758,-33.41099646513087],[-70.53169549563775,-33.41100702679109],[-70.53171487437437,-33.411016038848736],[-70.53173521306887,-33.41102341451228],[-70.53175631584752,-33.411029082749685],[-70.53177797947784,-33.41103298897241],[-70.53179999532598,-33.41103509556122],[-70.53182215136592,-33.41103538222841],[-70.53184423422147,-33.41103384621322],[-70.53186603122133,-33.41103050230848],[-70.53188733244721,-33.41102538271806],[-70.53190793275549,-33.411018536746695],[-70.53192763375297,-33.411010030325336],[-70.5319462457075,-33.41099994537591],[-70.53196358937528,-33.41098837902253],[-70.53219809723421,-33.41081557451536],[-70.53219966087974,-33.41081430298096],[-70.53220133915721,-33.41081313875921],[-70.53220761199663,-33.410807837244406],[-70.53221400551948,-33.41080263812038],[-70.53221541302713,-33.41080124417158],[-70.53221694715675,-33.41079994759548],[-70.53222257018518,-33.410794155959195],[-70.53222832528262,-33.41078845630015],[-70.5322295630974,-33.41078695336145],[-70.53223093830465,-33.41078553691784],[-70.5324227341773,-33.41056689562557],[-70.53242273550529,-33.41056689394477],[-70.53242273702332,-33.41056689238113],[-70.53258438106788,-33.41038261396091],[-70.53258666288477,-33.41037972573494],[-70.53258915237204,-33.41037696079109],[-70.53259277895825,-33.41037198427024],[-70.53259662011129,-33.41036712230185],[-70.532598553386,-33.41036406040917],[-70.53260070773942,-33.41036110413362],[-70.53260373524364,-33.41035585345641],[-70.53260698966957,-33.41035069914184],[-70.5326085557838,-33.41034749307018],[-70.53261035425587,-33.410344373933626],[-70.53276080642524,-33.41004703370738],[-70.53276107168675,-33.41004642847099],[-70.53276140168929,-33.41004584605819],[-70.53289773516266,-33.40977122630905],[-70.53289985037087,-33.40976629678116],[-70.53290221541485,-33.40976144776707],[-70.53302634867573,-33.40946638733204],[-70.53302715089364,-33.40946465548929],[-70.53302999695264,-33.40945816241809],[-70.53303104796422,-33.40945562227456],[-70.53310644438858,-33.409293345202734],[-70.53330487347931,-33.409146465238486],[-70.53332792392693,-33.40912671276792],[-70.53340221498365,-33.40905297940654],[-70.53356801975717,-33.4089817403429]]]}},{"type":"Feature","properties":{"numpos":"10199","TIPO":"DESCARGO","TENSION":"MT","INCIDENCIA":"DF202671756650","CLITOTAL":"323","CANTAVISOS":"","FECHA_INICIO":"","FECHA_FIN":"","DESCARGO":"DF202671756650(TP20267213816057)","ESTADODESC":"789","ESTADOINC":" ","CLI_PLAN":"1","FECHA_INIDESC":"04-08-2026 11:00","FECHA_FINDESC":"04-08-2026 14:00","FECHA_REPOSICION":"04-08-2026 14:00","id_alim":"233"},"geometry":{"type":"Polygon","coordinates":[[[-70.53299071853762,-33.40791379793692],[-70.53299529278573,-33.407931981273045],[-70.53300197007921,-33.40794970101946],[-70.53301068611322,-33.40796678652493],[-70.53302135694841,-33.40798307324625],[-70.5330338798196,-33.407998404332915],[-70.53304813412511,-33.40801263213763],[-70.53306398258837,-33.408025619638266],[-70.53308127257996,-33.40803724175753],[-70.53309983758746,-33.40804738656751],[-70.53311949881908,-33.408055956367626],[-70.53314006692558,-33.40806286862558],[-70.53316134382385,-33.40806805677221],[-70.53318312460448,-33.4080714708425],[-70.53320519950539,-33.40807307795696],[-70.53322735593181,-33.408072862638114],[-70.53324938050388,-33.40807082695967],[-70.53327106111158,-33.408066990526464],[-70.53329218895757,-33.40806139028575],[-70.53331256056802,-33.40805408017124],[-70.53333197975228,-33.40804513058378],[-70.5333502594923,-33.40803462771327],[-70.5333672237437,-33.4080226727087],[-70.53338270913132,-33.40800938070382],[-70.53339656652241,-33.40799487970852],[-70.53340866246316,-33.40797930937579],[-70.53341888046361,-33.40796281965701],[-70.53342712211963,-33.407945569357636],[-70.53343330806067,-33.40792772460781],[-70.53343737871388,-33.40790945726252],[-70.53345348315858,-33.40781051586959],[-70.53346120121107,-33.40780739082823],[-70.53348011504256,-33.407797709931494],[-70.53349780639877,-33.407786520811946],[-70.53351410490195,-33.40777393122753],[-70.5335288535885,-33.40776006242336],[-70.53354191042075,-33.40774504796418],[-70.53355314965472,-33.40772903244796],[-70.53356246305114,-33.40771217011339],[-70.53356976091789,-33.407694623354345],[-70.53357497297358,-33.40767656115606],[-70.53357804902456,-33.40765815746759],[-70.53357895944809,-33.407639589526624],[-70.53357769547769,-33.40762103615262],[-70.53357426928746,-33.40760267602457],[-70.53356871387476,-33.40758468596039],[-70.5335610827425,-33.407567239213854],[-70.53355144938361,-33.40755050380631],[-70.53353990657345,-33.40753464090839],[-70.53352656547621,-33.407519803287954],[-70.53351155457426,-33.40750613383883],[-70.53349714127712,-33.40749535217094],[-70.53350097344233,-33.407461932704216],[-70.53350708655609,-33.40745320800493],[-70.53351638611797,-33.407436340310795],[-70.5335236695967,-33.40741878935281],[-70.53352886684957,-33.40740072415666],[-70.53353192782541,-33.407382318700286],[-70.53353282304666,-33.407363750238424],[-70.53353154389328,-33.40734519759549],[-70.53352810268558,-33.40732683944347],[-70.53352253256556,-33.40730885258126],[-70.53352233773866,-33.40730840809913],[-70.53354102669137,-33.40719594646545],[-70.53354184228496,-33.40719045224975],[-70.53357632691046,-33.40692675859521],[-70.53357687445269,-33.406919134057325],[-70.53357758084468,-33.40691151871325],[-70.53357754028545,-33.406909862320106],[-70.53357765904613,-33.40690820857459],[-70.53357731288983,-33.40690057573904],[-70.53357712589295,-33.40689293899441],[-70.53353559384215,-33.406393423055064],[-70.53353513419441,-33.406390190780606],[-70.53353492123526,-33.406386940501484],[-70.53353382286393,-33.40638096941312],[-70.53353296974214,-33.40637497019986],[-70.53353213456197,-33.4063717912762],[-70.5335315427783,-33.406368574154904],[-70.53345361539029,-33.40604968820455],[-70.53344810682381,-33.40603168802635],[-70.53344052116807,-33.40601422737166],[-70.53343093147812,-33.40599747439568],[-70.53341943010876,-33.40598159043831],[-70.53340612782506,-33.405966728470176],[-70.53339115273562,-33.40595303161964],[-70.5333746490588,-33.40594063179423],[-70.53335677573384,-33.40592964841052],[-70.53333770489016,-33.40592018724394],[-70.53331762018972,-33.40591233941025],[-70.5332967150582,-33.40590618048793],[-70.5332751908224,-33.40590176979045],[-70.53325325477117,-33.40589914979501],[-70.53323111815935,-33.40589834573348],[-70.53320899417325,-33.40589936534942],[-70.53318709587757,-33.40590219882343],[-70.53316563416354,-33.40590681886785],[-70.53314481571803,-33.40591318098943],[-70.53312484103301,-33.40592122391785],[-70.53310590247483,-33.4059308701958],[-70.53308818243148,-33.405942026924855],[-70.53307185155641,-33.405954586660194],[-70.53305706712476,-33.405968428445284],[-70.53304397151888,-33.4059834189767],[-70.53303269085708,-33.405999413887976],[-70.53302333377901,-33.406016259139875],[-70.53301599039939,-33.406033792503784],[-70.53301073144007,-33.406051845124175],[-70.53300760754895,-33.4060702431447],[-70.53300664881216,-33.40608880938245],[-70.53300786446425,-33.40610736503442],[-70.53301124279916,-33.406125731399456],[-70.533086160049,-33.40643230595083],[-70.53312523883677,-33.40690234505842],[-70.53309332032023,-33.4071464067708],[-70.53306326209534,-33.40732727778119],[-70.53306262880292,-33.40733142248617],[-70.53306093700164,-33.407343555084346],[-70.53306078086983,-33.40734549688884],[-70.53306044564351,-33.407347422688574],[-70.53303023342441,-33.4076108847194],[-70.53302953500909,-33.40761505386455],[-70.53302949508704,-33.40761542283709],[-70.53302941400686,-33.40761578668326],[-70.53298995096404,-33.40785822972455],[-70.53298803470473,-33.407876743736466],[-70.53298829138613,-33.4078953261268],[-70.53299071853762,-33.40791379793692]]]}},{"type":"Feature","properties":{"numpos":"12068","TIPO":"DESCARGO","TENSION":"MT","INCIDENCIA":"DF202671756650","CLITOTAL":"323","CANTAVISOS":"","FECHA_INICIO":"","FECHA_FIN":"","DESCARGO":"DF202671756650(TP20267213816057)","ESTADODESC":"789","ESTADOINC":" ","CLI_PLAN":"1","FECHA_INIDESC":"04-08-2026 11:00","FECHA_FINDESC":"04-08-2026 14:00","FECHA_REPOSICION":"04-08-2026 14:00","id_alim":"233"},"geometry":{"type":"Polygon","coordinates":[[[-70.53441367020909,-33.40807505283115],[-70.53441778067787,-33.408064188863925],[-70.53441997052404,-33.40805723418169],[-70.53442234383297,-33.40805032196513],[-70.53445186466092,-33.40794519136528],[-70.53455660031878,-33.40768816656769],[-70.53465026944035,-33.40745830975082],[-70.53465032674761,-33.40745814275818],[-70.53465040280653,-33.40745798145136],[-70.53473736235286,-33.407243304233745],[-70.5348989328488,-33.40721639825078],[-70.53490136122197,-33.40721588883292],[-70.53490383892195,-33.407215533994474],[-70.53491212556118,-33.407213630716846],[-70.53492042833932,-33.407211888980186],[-70.53492278611357,-33.40721118219727],[-70.53492520973363,-33.40721062553916],[-70.53493323178775,-33.407208050928084],[-70.53494129333048,-33.40720563434226],[-70.53494355779647,-33.407204736881084],[-70.53494590399421,-33.407203983888195],[-70.53495358425046,-33.40720076316064],[-70.53496132687994,-33.40719769457297],[-70.53496347620326,-33.40719661495361],[-70.53496572240564,-33.4071956730047],[-70.53497298702479,-33.407191837604095],[-70.53498033605285,-33.40718814613711],[-70.53498234948404,-33.40718689463472],[-70.53498447410502,-33.40718577292751],[-70.53499125333221,-33.40718136020725],[-70.53499813777987,-33.407177080991836],[-70.53499999585478,-33.407175669541715],[-70.53500197850262,-33.407174379000324],[-70.53500820733521,-33.407169431851],[-70.53501456062028,-33.407164605701134],[-70.53501624534921,-33.407163047787435],[-70.53501806702126,-33.40716160095345],[-70.53502368582828,-33.40715616737734],[-70.53502944641306,-33.40715084040943],[-70.53503094145624,-33.40714915093879],[-70.53503258471966,-33.40714756184705],[-70.53503753980628,-33.40714169448512],[-70.53504265180007,-33.407135917684585],[-70.53504394262836,-33.40713411284537],[-70.53504539178475,-33.407132396885935],[-70.53504963589766,-33.40712615250157],[-70.53505404960667,-33.40711998124112],[-70.5350551236451,-33.40711807835008],[-70.53505636487793,-33.4071162521175],[-70.53505985764667,-33.4071096910429],[-70.53506353006642,-33.40710318455621],[-70.53506437681963,-33.40710120189326],[-70.5350653983231,-33.40709928302517],[-70.53506810663359,-33.407092468575684],[-70.53507100187825,-33.40708568939148],[-70.5350716130361,-33.40708364602474],[-70.53507240512418,-33.40708165303099],[-70.53507430342175,-33.407074650893264],[-70.53507639308559,-33.40706766423531],[-70.53507676260789,-33.40706557983758],[-70.53507731780299,-33.40706353192172],[-70.53507775558364,-33.407061449035105],[-70.53507907325647,-33.40705254595147],[-70.53507965176945,-33.407049282680035],[-70.53507971507516,-33.40704820939231],[-70.53508059062673,-33.40704229357577],[-70.5350810859107,-33.40702299557643],[-70.53507923629111,-33.40700375554343],[-70.53507506098703,-33.40698477338059],[-70.53506860338132,-33.406966246312415],[-70.53505993056979,-33.406948366834875],[-70.53504913266407,-33.40693132071529],[-70.53503632185529,-33.40691528506238],[-70.53502163124833,-33.40690042648605],[-70.5350052134789,-33.40688689936632],[-70.53498723912762,-33.4068748442494],[-70.5349678949477,-33.406864386387376],[-70.53468662366392,-33.40672882268294],[-70.53432086657925,-33.406528180942615],[-70.53398832274469,-33.40630339189005],[-70.5336998176494,-33.40604068096288],[-70.53368275261725,-33.40602670159093],[-70.53359874902735,-33.40596481194315],[-70.53359200619036,-33.405960315998804],[-70.53358538459284,-33.4059556991151],[-70.53358333921199,-33.40595453708692],[-70.53358140478312,-33.40595324726073],[-70.53357416930662,-33.405949327450756],[-70.53356703972436,-33.40594527696864],[-70.53356486829573,-33.40594428863905],[-70.53356279253806,-33.40594316409961],[-70.53355513415369,-33.40593985812643],[-70.53354756519714,-33.40593641310109],[-70.53354528861976,-33.405935608002935],[-70.53354309153764,-33.40593465956558],[-70.53353508404132,-33.405931999213216],[-70.53352714856071,-33.40592919287594],[-70.53352478874874,-33.40592857877902],[-70.53352249151241,-33.40592781556155],[-70.53351421205316,-33.40592582639128],[-70.53350598643745,-33.40592368582747],[-70.53350356610937,-33.405923268663535],[-70.53350119085084,-33.40592269799866],[-70.53349271918594,-33.40592139910421],[-70.53348428262902,-33.40591994499131],[-70.53348182508938,-33.4059197287963],[-70.53347939468875,-33.40591935616153],[-70.53347081241503,-33.4059187599871],[-70.53346224615362,-33.405918006393556],[-70.53345977506869,-33.40591799326824],[-70.5334573129338,-33.405917822233754],[-70.5334487027017,-33.40591793445603],[-70.53344008923325,-33.40591788870389],[-70.53343762840296,-33.40591807879308],[-70.53343515824396,-33.4059181109878],[-70.53342660296211,-33.40591893046325],[-70.53341802524974,-33.40591959305575],[-70.53341559837834,-33.40591998454643],[-70.53341314397963,-33.40592021964291],[-70.5334047260172,-33.40592173842047],[-70.53339626668999,-33.405923103035434],[-70.5333938971576,-33.40592369217369],[-70.53339148214889,-33.40592412789174],[-70.5333832825424,-33.40592633129118],[-70.53337502309955,-33.40592838484019],[-70.53337273373688,-33.405929165966796],[-70.53337038136574,-33.40592979809595],[-70.53336247904103,-33.40593266485074],[-70.53335449906467,-33.40593538760367],[-70.53335231193212,-33.405936353208425],[-70.5333500448412,-33.40593717564878],[-70.53334251585527,-33.40594067811173],[-70.53333489224207,-33.40594404388585],[-70.53333282841719,-33.405945184679474],[-70.53333066842616,-33.405946189500796],[-70.53332358523593,-33.405950293911644],[-70.53331639145541,-33.40595427032256],[-70.53331447082931,-33.40595557532587],[-70.53331243872543,-33.40595675284417],[-70.53330586949252,-33.405961419655014],[-70.53329917487689,-33.40596596842812],[-70.53329741596173,-33.40596742507787],[-70.53329553130052,-33.405968763948685],[-70.53328953923709,-33.40597394820504],[-70.53328340831136,-33.40597902554393],[-70.53328182806182,-33.40598061981356],[-70.53328010897903,-33.40598210714143],[-70.533274751741,-33.40598775891507],[-70.53326924359945,-33.40599331592343],[-70.53325937256032,-33.40600433224959],[-70.53325686326768,-33.40600743917376],[-70.5332541389809,-33.40601042046809],[-70.53325065082075,-33.40601513122153],[-70.53324694611298,-33.40601971826824],[-70.53324481187519,-33.40602301670476],[-70.53324244926041,-33.40602620741037],[-70.53323952859938,-33.40603118193699],[-70.53323637760765,-33.40603605175185],[-70.53323463901569,-33.40603950996959],[-70.53323266078925,-33.40604287932225],[-70.53323033569447,-33.40604806966613],[-70.53322776882558,-33.40605317540048],[-70.53322644266822,-33.40605676012543],[-70.53322486783662,-33.4060602756445],[-70.5332231606285,-33.40606563177847],[-70.5332212026751,-33.40607092430444],[-70.53322030177608,-33.40607460103876],[-70.533219145454,-33.406078228841395],[-70.53321807249321,-33.40608369915037],[-70.53321674239294,-33.40608912753235],[-70.53321627548608,-33.40609286088573],[-70.53321554875227,-33.40609656601411],[-70.53321512028447,-33.40610209779333],[-70.53321443093536,-33.40610760977737],[-70.53321440257882,-33.40611136380707],[-70.53321411237094,-33.406115110565736],[-70.5332143324304,-33.40612065052955],[-70.53321429056432,-33.40612619304547],[-70.53321470109493,-33.40612993160186],[-70.53321485014457,-33.40613368390218],[-70.53321571651806,-33.4061391786976],[-70.53321632263307,-33.40614469836957],[-70.5332171681613,-33.406148385444176],[-70.53321775496934,-33.40615210715198],[-70.53321925922012,-33.40615750387252],[-70.53322050757303,-33.406162947533154],[-70.53322178001856,-33.40616654760548],[-70.53322279887153,-33.40617020288898],[-70.53322492642326,-33.40617544958402],[-70.5332268050822,-33.406180764786555],[-70.53322849224992,-33.406184243166514],[-70.53322993327684,-33.40618779684104],[-70.53323405313368,-33.40619652602888],[-70.53332755518967,-33.4064021129484],[-70.5333297426828,-33.40640629405337],[-70.53333167903165,-33.4064105627043],[-70.53333419224975,-33.40641479881308],[-70.53333645845095,-33.40641913035674],[-70.53333912399845,-33.40642311143046],[-70.53334154992896,-33.40642720041192],[-70.53363741119334,-33.40686997557739],[-70.5336491790779,-33.40688572167316],[-70.53366273051014,-33.40690042454074],[-70.53367793498263,-33.40691394258295],[-70.53369464606803,-33.4069261456131],[-70.53371270282923,-33.40693691610873],[-70.53373193136926,-33.40694615034355],[-70.53375214650598,-33.40695375938638],[-70.53377315355566,-33.4069596699576],[-70.53379475020776,-33.40696382513484],[-70.53381672847348,-33.406966184901236],[-70.53383887668875,-33.40696672653088],[-70.53386098155278,-33.40696544480754],[-70.53388283018224,-33.4069623520751],[-70.53390421216162,-33.40695747811842],[-70.5339249215696,-33.40695086987673],[-70.53394475896225,-33.406942590991434],[-70.53396353329384,-33.40693272119316],[-70.53398106375674,-33.406921355534024],[-70.53399718152271,-33.40690860347207],[-70.5340117313688,-33.40689458781723],[-70.53402457317229,-33.40687944354847],[-70.53403558326009,-33.40686331651391],[-70.53404465559977,-33.40684636202619],[-70.53405055493555,-33.40683161317894],[-70.53405526111575,-33.40683448089966],[-70.53406412997359,-33.4068398961103],[-70.53406422384784,-33.4068399423581],[-70.53406431192683,-33.40683999602918],[-70.53435712177354,-33.407000621830335],[-70.53435690232757,-33.4070009872948],[-70.53435565214181,-33.407003703918434],[-70.53435418503376,-33.40700634652462],[-70.5343516629447,-33.40701237234691],[-70.53434892383201,-33.40701832437124],[-70.53434799709048,-33.40702113087288],[-70.5343468459617,-33.40702388117043],[-70.53434504036593,-33.407030084880795],[-70.53434300989854,-33.4070362338534],[-70.53434241556691,-33.40703910322843],[-70.53434159146258,-33.40704193470552],[-70.53434129072177,-33.40704370855254],[-70.53422289281433,-33.40733599440592],[-70.53412929211096,-33.407565680536884],[-70.53402098277239,-33.40783147200763],[-70.53402098274641,-33.40783147206238],[-70.53402098272686,-33.40783147211934],[-70.53402097192641,-33.4078314986236],[-70.53401794215567,-33.4078403276154],[-70.53401485115066,-33.407849329995436],[-70.5340027508473,-33.40789242127546],[-70.5339955506819,-33.407900256027276],[-70.53398380924396,-33.40791601607204],[-70.53397396620139,-33.40793266544632],[-70.53396611634895,-33.40795004380793],[-70.53396033528607,-33.40796798379412],[-70.53395667868877,-33.40798631263327],[-70.5339551817734,-33.40800485380876],[-70.53395585895743,-33.408023428759016],[-70.53395636250423,-33.40802669099465],[-70.53389404611144,-33.40818042286415],[-70.53380156888021,-33.40840196426689],[-70.53379979278155,-33.408406219133866],[-70.53379350616933,-33.408424039124256],[-70.5337893324441,-33.40844229010194],[-70.53378731180239,-33.408460796300155],[-70.53378746370544,-33.40847937949418],[-70.53378978669174,-33.40849786071767],[-70.53379425839101,-33.40851606198618],[-70.53380083573958,-33.408533808011235],[-70.53380945539513,-33.408550927888605],[-70.53382003434656,-33.40856725674407],[-70.53383247071352,-33.4085826373213],[-70.53384664472746,-33.40859692149639],[-70.53386241988507,-33.40860997170437],[-70.53387964426291,-33.40862166226401],[-70.53389815198048,-33.40863188058829],[-70.53391776479772,-33.408640528268656],[-70.5339382938317,-33.40864752202277],[-70.53395954137551,-33.40865279449657],[-70.53398130280257,-33.40865629491299],[-70.5340033685371,-33.408657989560915],[-70.53402552607265,-33.40865786211992],[-70.53404756201867,-33.408655913817356],[-70.5340692641556,-33.4086521634166],[-70.53409042347876,-33.408646647036335],[-70.53411083621116,-33.40863941780267],[-70.53413030576611,-33.408630545337495],[-70.53414864464045,-33.40862011508805],[-70.53416567622033,-33.408608227503834],[-70.53418123648207,-33.4085949970694],[-70.53419517557198,-33.4085805512016],[-70.53420735924931,-33.40856502902258],[-70.53421767017915,-33.40854858001996],[-70.53422600906248,-33.40853136260708],[-70.53422778514474,-33.408527107729036],[-70.5343205987641,-33.40830475782888],[-70.53432088871985,-33.40830393590596],[-70.53432126475825,-33.40830313889214],[-70.53441223005068,-33.40807872849203],[-70.5344128649074,-33.40807686717433],[-70.53441367020909,-33.40807505283115]]]}},{"type":"Feature","properties":{"numpos":"5646","TIPO":"DESCARGO","TENSION":"MT","INCIDENCIA":"DF202671757367","CLITOTAL":"161","CANTAVISOS":"","FECHA_INICIO":"","FECHA_FIN":"","DESCARGO":"DF202671757367(TP20267213816076)","ESTADODESC":"789","ESTADOINC":" ","CLI_PLAN":"1","FECHA_INIDESC":"04-08-2026 11:00","FECHA_FINDESC":"04-08-2026 14:00","FECHA_REPOSICION":"04-08-2026 14:00","id_alim":"233"},"geometry":{"type":"Polygon","coordinates":[[[-70.56325737695215,-33.408515275529545],[-70.56325832708647,-33.40851399833359],[-70.56325845695969,-33.40851377829063],[-70.56325976481952,-33.40851196517485],[-70.56326101708378,-33.40850976798075],[-70.56326138718885,-33.40850923730497],[-70.56326310928523,-33.40850609705189],[-70.56326644588773,-33.40850024272466],[-70.56326815696377,-33.40849734366398],[-70.56326837943226,-33.40849685017085],[-70.56326932066709,-33.40849519870123],[-70.56327019359631,-33.40849317876567],[-70.56327064590707,-33.40849235397401],[-70.56327263470146,-33.4084875301113],[-70.56327388049719,-33.40848464737183],[-70.563275993076,-33.40847996111921],[-70.56327624664725,-33.408479172160526],[-70.56327687100273,-33.40847772741764],[-70.56328072913198,-33.40846721610195],[-70.56328116640151,-33.408465982750975],[-70.56328353037277,-33.40845988908354],[-70.56337741687288,-33.40819992035657],[-70.56339503303133,-33.40815130123708],[-70.5635397346537,-33.40818420456057],[-70.5635441756881,-33.40818502054403],[-70.56354854502193,-33.40818604903006],[-70.5635492624017,-33.40818618643998],[-70.5635556646756,-33.408187131498224],[-70.56356137905497,-33.40818818144173],[-70.56356562518096,-33.40818860179664],[-70.56357162960896,-33.40818948812686],[-70.56357948396278,-33.40818997377724],[-70.56358338400938,-33.40819035987062],[-70.56358656077248,-33.40819041135007],[-70.56359427914401,-33.40819088859143],[-70.56360333547106,-33.40819068318259],[-70.56360553759586,-33.408190718867665],[-70.56360750202026,-33.40819058867981],[-70.56361698184863,-33.40819037366441],[-70.56362696724052,-33.408189298664055],[-70.56362762646185,-33.40818925497552],[-70.56362827008951,-33.408189158402784],[-70.56363950802655,-33.40818794855567],[-70.56366162976764,-33.40818363780148],[-70.56368312325372,-33.408177485016196],[-70.5637037710232,-33.40816955245107],[-70.56372336417117,-33.40815992036438],[-70.56374170446323,-33.40814868620939],[-70.56375860634093,-33.408135963648284],[-70.5637738987993,-33.408121881402316],[-70.56378742711705,-33.40810658194929],[-70.56379905442178,-33.408090220082045],[-70.56380866307494,-33.408072961342405],[-70.56381615586193,-33.40805498034624],[-70.56385714240483,-33.40793804132914],[-70.56391417808432,-33.407952219375105],[-70.56391576810437,-33.40795271070636],[-70.56406526498236,-33.40799203514459],[-70.56408670707923,-33.40799671972476],[-70.56410859341088,-33.4079996190716],[-70.56413071319867,-33.40800070526271],[-70.56415285341552,-33.407999967837405],[-70.5641748008377,-33.4079974138976],[-70.56419634409824,-33.40799306803932],[-70.5642172757225,-33.40798697211585],[-70.56423739412647,-33.40797918483465],[-70.56425650555806,-33.40796978119198],[-70.56427442596308,-33.40795885175056],[-70.5642909827579,-33.40794650176745],[-70.56430601649137,-33.4079328501803],[-70.56431938238062,-33.407918028461935],[-70.56433095170522,-33.40790217935412],[-70.56434061304694,-33.407885455492966],[-70.56434827336265,-33.40786801793879],[-70.56435385888044,-33.40785003462511],[-70.56435731580993,-33.407831678741324],[-70.56435861086032,-33.407813127064735],[-70.56435773156097,-33.40779455825822],[-70.56435468638139,-33.40777615114939],[-70.56434950464963,-33.4077580830086],[-70.56434223626981,-33.40774052784161],[-70.56433295124145,-33.40772365471393],[-70.56432173898534,-33.40770762612248],[-70.56430870748223,-33.40769259643089],[-70.56429398223302,-33.407678710382704],[-70.56427770505003,-33.40766610170764],[-70.56426003269125,-33.40765489183351],[-70.56424113535076,-33.40764518871702],[-70.56422119501957,-33.407637085803984],[-70.56420040373312,-33.40763066112944],[-70.56405127094467,-33.40759143245752],[-70.56404796196091,-33.407590459397746],[-70.56394383373244,-33.40756457496582],[-70.56393565303621,-33.4075540185158],[-70.56392181529328,-33.40753950461608],[-70.5639063479695,-33.40752619815605],[-70.56388940002365,-33.40751422728359],[-70.56387113467346,-33.407503707284235],[-70.56385172782366,-33.407494739470785],[-70.56383136637204,-33.407487410207715],[-70.56381024640956,-33.407481790079466],[-70.56378857133181,-33.40747793321065],[-70.56376654988036,-33.40747587674483],[-70.56374439413248,-33.407475640486794],[-70.56372231745873,-33.407477226711855],[-70.5637005324682,-33.40748062014395],[-70.56367924896101,-33.40748578810272],[-70.56365867190777,-33.40749268081823],[-70.56363899947581,-33.40750123191028],[-70.56362042112069,-33.407511359027666],[-70.56360311576151,-33.40752296464128],[-70.5635557846939,-33.40755803436857],[-70.56355055037622,-33.407562314120945],[-70.56354422956873,-33.40756720274706],[-70.56354197400228,-33.4075693264484],[-70.56353991897711,-33.407571006704806],[-70.56353523139856,-33.40757567486456],[-70.56352949148639,-33.40758107920779],[-70.56352748768998,-33.40758338649259],[-70.56352564571155,-33.407585220839835],[-70.56352154137778,-33.40759023341279],[-70.56351644608945,-33.40759610041493],[-70.56351471663083,-33.40759856839174],[-70.56351310235682,-33.407600539884356],[-70.56350961323274,-33.40760585105623],[-70.56350521901268,-33.40761212170653],[-70.56350378332615,-33.40761472538391],[-70.56350240971288,-33.40761681630808],[-70.56349956324232,-33.40762237868097],[-70.56349591837972,-33.407628988789305],[-70.56349479245992,-33.40763170140723],[-70.56349367075649,-33.40763389336064],[-70.56349148987144,-33.40763965815488],[-70.56348863376162,-33.407646539224444],[-70.56348684116493,-33.407651653648415],[-70.5634868411623,-33.407651653657595],[-70.56348684115859,-33.40765165366652],[-70.56344525016435,-33.40777031602955],[-70.5632959110188,-33.40773635788097],[-70.56329374358842,-33.40773595963634],[-70.56329162020269,-33.40773542002975],[-70.5632887260117,-33.407734937999244],[-70.56328588064952,-33.40773428246023],[-70.56270771616673,-33.40762635666093],[-70.56217861862237,-33.4075124734712],[-70.56216244896007,-33.40750951821115],[-70.56156000866287,-33.40741866651422],[-70.56155027323123,-33.40741760879367],[-70.56154800408653,-33.4074172766972],[-70.56154614303604,-33.407417160062195],[-70.56153803472958,-33.4074162791222],[-70.56152794804754,-33.40741601975176],[-70.5615259081507,-33.40741589190784],[-70.56091459553411,-33.40740281399459],[-70.5608924441538,-33.407403252193895],[-70.56087045064896,-33.40740550927115],[-70.56084882682778,-33.40740956348964],[-70.56082778093823,-33.40741537580529],[-70.56080751566266,-33.40742289024271],[-70.56078822616583,-33.4074320344342],[-70.56077009821549,-33.40744272031673],[-70.56075330639328,-33.407454844979924],[-70.56073801241345,-33.40746829165725],[-70.56072436356554,-33.40748293085042],[-70.56071249129576,-33.40749862157653],[-70.56070250994122,-33.40751521272586],[-70.56069451562865,-33.40753254451693],[-70.56068858534873,-33.40755045003554],[-70.5606847762145,-33.40756875684199],[-70.56068312491134,-33.40758728863187],[-70.56068364734354,-33.407605866933984],[-70.56068633848119,-33.40762431282906],[-70.5606911724085,-33.407642448672846],[-70.56069810257334,-33.407660099806996],[-70.56070706223551,-33.40767709624103],[-70.56071796510949,-33.4076932742896],[-70.56073070619526,-33.40770847814869],[-70.56074516278966,-33.40772256139633],[-70.56076119566794,-33.4077353884025],[-70.5607786504246,-33.40774683563562],[-70.56079735896041,-33.407756792852],[-70.56081714110132,-33.4077651641577],[-70.56083780633362,-33.40777186893205],[-70.5608591556388,-33.40777684260404],[-70.56088098341013,-33.40778003727423],[-70.56090307943295,-33.407781422176036],[-70.56149822407036,-33.40779415416809],[-70.5620743849813,-33.40788104268045],[-70.56259898665698,-33.40799395810601],[-70.5626060584726,-33.40799537883346],[-70.56293813089763,-33.4080573670405],[-70.56293068861508,-33.40807482884545],[-70.56292430075054,-33.408092488094084],[-70.56291999270078,-33.40811058496143],[-70.5629178053801,-33.408128947584025],[-70.5629177734283,-33.408141816840015],[-70.56286718323229,-33.40828220501687],[-70.5628663647947,-33.40828287968759],[-70.56286348238923,-33.40828577405982],[-70.56286039810588,-33.40828852761485],[-70.56285637826204,-33.4082929076799],[-70.56285216080943,-33.408297142640585],[-70.56284963029398,-33.40830026033714],[-70.56284688295537,-33.40830325386586],[-70.56284339472782,-33.40830794280374],[-70.56283969212052,-33.40831250456306],[-70.56283753792073,-33.40831581562727],[-70.56283515392995,-33.40831902022929],[-70.56283223081971,-33.40832397278599],[-70.56282907880879,-33.40832881751178],[-70.56282732174196,-33.40833229011922],[-70.56282532398724,-33.40833567486685],[-70.56282299403091,-33.4083408432597],[-70.56282042308703,-33.40834592438462],[-70.56281908016025,-33.40834952514683],[-70.56281748779578,-33.40835305738576],[-70.56281577329828,-33.40835839176698],[-70.56281380831558,-33.408363660433416],[-70.5628128925595,-33.40836735471759],[-70.56281172082352,-33.408371000383184],[-70.56281063814684,-33.40837644932271],[-70.56280929819944,-33.40838185485063],[-70.56280881854039,-33.40838560711118],[-70.5628080786107,-33.408389331058515],[-70.5628076380204,-33.40839484204173],[-70.5628069361748,-33.408400332414224],[-70.56280689734568,-33.408404106533865],[-70.56280659623519,-33.408407872877454],[-70.56280680180608,-33.40841339281241],[-70.56280674499061,-33.40841891517531],[-70.56280714748213,-33.40842267481205],[-70.56280728797445,-33.408426447272234],[-70.56280813755617,-33.40843192300165],[-70.56280872648946,-33.40843742417165],[-70.56280924561905,-33.408439716193556],[-70.56276330027647,-33.4085637828433],[-70.56276288970815,-33.40856511990696],[-70.56276235128401,-33.40856641408986],[-70.56276054840494,-33.408571544154434],[-70.56275974409047,-33.408573642267676],[-70.56275930457666,-33.408575016928225],[-70.56275873044032,-33.40857635622148],[-70.56270337908919,-33.40872855123911],[-70.5626050824041,-33.40899337154443],[-70.56242604220715,-33.409153601698826],[-70.56239680456036,-33.40917973471875],[-70.5620638614792,-33.40929537118693],[-70.56204383011978,-33.40930331530476],[-70.56202482364894,-33.40931286784226],[-70.56200702510878,-33.409323936803816],[-70.5619906059086,-33.40933641558983],[-70.56197572417423,-33.409350184023346],[-70.56196252322506,-33.4093651095074],[-70.56195113019388,-33.40938104830196],[-70.56194165480252,-33.40939784690818],[-70.5619341883051,-33.40941534354674],[-70.56192880260916,-33.40943336971576],[-70.56192554958315,-33.40945175181361],[-70.56192446055681,-33.4094703128108],[-70.56192554601945,-33.40948887395478],[-70.56192879551884,-33.409507256491466],[-70.56193417776184,-33.409525283386806],[-70.56194164091572,-33.40954278103163],[-70.56195111310723,-33.40955958091366],[-70.56196250311487,-33.40957552124036],[-70.56197570124722,-33.40959044849719],[-70.56199058039942,-33.40960421892593],[-70.5620069972772,-33.409616699909215],[-70.56202479377683,-33.40962777124782],[-70.56204379850787,-33.40963732631817],[-70.5620638284437,-33.40964527309921],[-70.56208469068413,-33.4096515350587],[-70.5621061843133,-33.409656051890174],[-70.56212810233455,-33.409658780093885],[-70.56215023366406,-33.40965969339562],[-70.5621723651636,-33.409658782999706],[-70.5621942836934,-33.409656057673914],[-70.56221577816468,-33.40965154366477],[-70.56223664157278,-33.409645284445006],[-70.5626145492273,-33.40951403083403],[-70.56261779947982,-33.409512741820585],[-70.56262115642298,-33.40951163222092],[-70.56262782746445,-33.40950876483436],[-70.56263458057853,-33.40950608662439],[-70.56263766486468,-33.40950453646372],[-70.5626408755799,-33.409503156414516],[-70.56264717863127,-33.40949975484862],[-70.56265358701998,-33.409496533994435],[-70.56265647564508,-33.409494737530814],[-70.56265950920186,-33.40949310041151],[-70.5626653835633,-33.40948919761031],[-70.56267138550857,-33.409485464941746],[-70.56267405064213,-33.40948343938576],[-70.56267687783635,-33.4094815610572],[-70.56268226697955,-33.40947719480048],[-70.56268780463479,-33.40947298606789],[-70.56269022057771,-33.40947075083401],[-70.56269281421369,-33.409468649482456],[-70.56275540182891,-33.40941270762061],[-70.56296914453172,-33.40922142010161],[-70.56298363278512,-33.40920709093864],[-70.56299635672082,-33.409191628242475],[-70.56300719109457,-33.409175184216785],[-70.56301602926179,-33.40915792072456],[-70.56301961893315,-33.409149822789985],[-70.56302146709841,-33.40914493094881],[-70.56302356673015,-33.409140120022286],[-70.56313474058929,-33.408840603510605],[-70.5631349027765,-33.40884007674344],[-70.56313512224598,-33.408839564780486],[-70.56319016728006,-33.408688209938745],[-70.56319129739391,-33.40868526191556],[-70.56319292246879,-33.408680837867244],[-70.56319505200558,-33.408674778216934],[-70.56325065908419,-33.408524619813726],[-70.56325131453849,-33.40852367998978],[-70.56325737695215,-33.408515275529545]]]}},{"type":"Feature","properties":{"numpos":"13204","TIPO":"DESCARGO","TENSION":"MT","INCIDENCIA":"DF202671762285","CLITOTAL":"1233","CANTAVISOS":"","FECHA_INICIO":"","FECHA_FIN":"","DESCARGO":"DF202671762285(TP20267213815951)","ESTADODESC":"789","ESTADOINC":" ","CLI_PLAN":"1","FECHA_INIDESC":"04-08-2026 10:00","FECHA_FINDESC":"04-08-2026 17:00","FECHA_REPOSICION":"04-08-2026 17:00","id_alim":"2435"},"geometry":{"type":"Polygon","coordinates":[[[-70.57559055416012,-33.50467212725961],[-70.57559747922161,-33.50467041443147],[-70.57559858065045,-33.50467004024585],[-70.57560048248537,-33.50466954573878],[-70.57561162923331,-33.50466560728288],[-70.57561803548123,-33.50466343090336],[-70.57561904299409,-33.504662987794376],[-70.57562092121582,-33.50466232416615],[-70.57563180499164,-33.50465737500558],[-70.57563767567513,-33.50465479304966],[-70.57563858764446,-33.50465429074084],[-70.57564041659505,-33.50465345906499],[-70.5756508830372,-33.50464751848956],[-70.57565621065677,-33.50464458405813],[-70.57565702687674,-33.50464403134944],[-70.57565878087118,-33.50464303581156],[-70.57566867766613,-33.50463614193997],[-70.57567346192361,-33.504632902247494],[-70.57567418325472,-33.5046323068773],[-70.57567583718571,-33.50463115478803],[-70.57568501773441,-33.50462336434442],[-70.5756892633363,-33.504619860120535],[-70.57568989133397,-33.50461922869728],[-70.57569142127682,-33.50461793041572],[-70.57569974829764,-33.50460931796436],[-70.57570346271861,-33.50460558328063],[-70.57570399926342,-33.50460492128468],[-70.57570538306125,-33.50460349005315],[-70.57571273200878,-33.504594146708484],[-70.57571592332303,-33.50459020922213],[-70.57571637027033,-33.50458952107494],[-70.5757175880797,-33.50458797276946],[-70.57572385026816,-33.50457800441447],[-70.57572652514769,-33.50457388600614],[-70.57572688401183,-33.504573175201884],[-70.5757279187918,-33.504571528005066],[-70.57573300411794,-33.504561053070596],[-70.575735166092,-33.5045567708346],[-70.57573543778035,-33.50455604012584],[-70.57573627570794,-33.50455431413251],[-70.5757401148831,-33.504543461004864],[-70.57574176293998,-33.504539028536364],[-70.57574194754862,-33.50453828016384],[-70.57574257834752,-33.50453649693117],[-70.57574512456515,-33.50452540106837],[-70.57574625216154,-33.50452082997974],[-70.57574634884223,-33.50452006593418],[-70.57574676601381,-33.50451824799069],[-70.57574799599742,-33.5045070488392],[-70.57574859052428,-33.50450235042697],[-70.57574859742907,-33.50450157272932],[-70.57574879837863,-33.50449974305856],[-70.57574871277744,-33.50448858086806],[-70.5757487555099,-33.50448376784636],[-70.57574866981628,-33.504482978832435],[-70.5757486558706,-33.50448116034741],[-70.57574727899252,-33.50447017298517],[-70.57574674553088,-33.50446526119825],[-70.57574642257585,-33.50446333885618],[-70.5757463398635,-33.504462678818875],[-70.57574625054916,-33.504462314892656],[-70.57572370026676,-33.50432808742532],[-70.57572341547596,-33.50432644446319],[-70.57571491558615,-33.50427887564715],[-70.57571416064755,-33.50427397989201],[-70.57567752187751,-33.50401142418246],[-70.5756772952041,-33.50400929817799],[-70.5756772952041,-33.50400929817799],[-70.57567651126817,-33.504001945521445],[-70.57567610193773,-33.50399975037186],[-70.5756758462077,-33.503996601677656],[-70.57565744542562,-33.5038652152056],[-70.57565649102212,-33.50385922740143],[-70.57565356674245,-33.50384287368999],[-70.5756338117435,-33.50365379735632],[-70.5756348463785,-33.50365201946663],[-70.57564256589751,-33.50363459797787],[-70.57564820994008,-33.5036166264924],[-70.57565172415221,-33.50359827808569],[-70.57565307469146,-33.50357972946305],[-70.57565224855276,-33.50356115925794],[-70.5756492536937,-33.50354274631146],[-70.57564411895771,-33.503524667950145],[-70.5756368937963,-33.50350709827824],[-70.57562764779286,-33.503490206500885],[-70.57561646999227,-33.50347415529465],[-70.5756070092687,-33.50346319992509],[-70.5755792549546,-33.50328860384177],[-70.5755792549546,-33.503288603841746],[-70.57557826666472,-33.503282386716755],[-70.57557801251549,-33.50328122640929],[-70.57557787757813,-33.5032800496126],[-70.57557670346168,-33.5032733067502],[-70.57554551295895,-33.50309378864338],[-70.5755448843764,-33.50308941909491],[-70.5755448843764,-33.5030894190949],[-70.57554098147811,-33.503062288348076],[-70.5755064691131,-33.50281559454251],[-70.57558559002197,-33.50269379239947],[-70.57558978566377,-33.50268650269039],[-70.57559407249859,-33.50267929331691],[-70.57559458979641,-33.5026781557585],[-70.57559522415944,-33.50267705358544],[-70.57559854800853,-33.50266945149228],[-70.57560196938971,-33.50266192773723],[-70.57560235095626,-33.5026607536339],[-70.57560285349467,-33.50265960426016],[-70.57560527278501,-33.50265176298969],[-70.57560779651457,-33.502643997319396],[-70.57560803878846,-33.50264279797027],[-70.57560840455409,-33.50264161247048],[-70.57560989527724,-33.50263360763374],[-70.57561149775601,-33.50262567474339],[-70.57561159850849,-33.50262446167618],[-70.5756118238792,-33.50262325148744],[-70.57561237103812,-33.50261516036157],[-70.57561303747038,-33.50260713646578],[-70.57561299582372,-33.50260592132752],[-70.5756130785414,-33.502604698137475],[-70.57561267631472,-33.5025965989087],[-70.57561240083076,-33.50258856102035],[-70.5756122172639,-33.50258735546734],[-70.57561215645896,-33.50258613109953],[-70.57561080827358,-33.50257810209401],[-70.57560959396974,-33.50257012729878],[-70.57560927031147,-33.50256894288693],[-70.57560906651342,-33.502567729184186],[-70.57560678502385,-33.50255984809562],[-70.57560464392024,-33.502552012827586],[-70.57560418333007,-33.50255086090419],[-70.57560383846398,-33.502549669611795],[-70.57560064543834,-33.502542012732825],[-70.57559759835519,-33.502534392058834],[-70.57559700529204,-33.502533283656206],[-70.57559652266082,-33.50253212630562],[-70.57559244877436,-33.50252476777241],[-70.5755885251283,-33.50251743468975],[-70.57558780530749,-33.502516380422264],[-70.5755871895602,-33.50251526821689],[-70.57558227409791,-33.502508279273876],[-70.57557751162061,-33.502501304028634],[-70.57557667195945,-33.50250031399367],[-70.57557592904581,-33.502499257697735],[-70.57557021951769,-33.502492705991585],[-70.57556466389886,-33.50248615542202],[-70.5755637760144,-33.50248530032165],[-70.57556176928748,-33.50248279175096],[-70.57554813951981,-33.50246883459802],[-70.57553298683733,-33.50245602689003],[-70.57551644865586,-33.50244448477632],[-70.57549867495568,-33.50243431292886],[-70.57547982692148,-33.50242560359306],[-70.57546007548054,-33.50241843575125],[-70.57543959975277,-33.50241287440644],[-70.5754185854263,-33.50240896999274],[-70.57539722307352,-33.502406757918116],[-70.57537570642297,-33.50240625824321],[-70.5753542306024,-33.502407475499474],[-70.57533299036932,-33.50241039864802],[-70.57502502756185,-33.50246551131709],[-70.57502435611312,-33.502465660680116],[-70.57502367112079,-33.50246575771304],[-70.5745820971314,-33.50254715826088],[-70.5745814354574,-33.50254728110534],[-70.57457212103742,-33.502549022670244],[-70.57457211668836,-33.502549023673396],[-70.57457067263118,-33.5025492403017],[-70.5741786873385,-33.50262484073144],[-70.57415699874095,-33.50262999006061],[-70.57413603024662,-33.50263692366621],[-70.57411599041968,-33.50264557258289],[-70.57409707858756,-33.50265585078384],[-70.57407948285804,-33.50266765603648],[-70.5740633782486,-33.502680870919264],[-70.57404892494536,-33.50269536398966],[-70.57403626670987,-33.50271099109142],[-70.57402552944913,-33.50272759678864],[-70.5740168199632,-33.5027450159115],[-70.57401022488294,-33.50276307519935],[-70.5740058098082,-33.50278159502402],[-70.57400361865533,-33.50280039117634],[-70.5740036732203,-33.50281927669861],[-70.57400597296183,-33.502838063744036],[-70.57401049500673,-33.50285656544522],[-70.57401719437733,-33.50287459777285],[-70.57402600443889,-33.5028919813662],[-70.57403683756216,-33.50290854331716],[-70.57404958599518,-33.50292411889008],[-70.57406412293486,-33.502938553160355],[-70.57406738845951,-33.50294120689445],[-70.57406724793354,-33.50294128172812],[-70.5740608011358,-33.50294551156874],[-70.57405216938253,-33.50295101635688],[-70.57405087454785,-33.50295202455045],[-70.5740497844626,-33.50295273977146],[-70.5740436405676,-33.50295765712403],[-70.57403592151987,-33.50296366738307],[-70.57403478433254,-33.50296474533453],[-70.57403374565084,-33.5029655766577],[-70.57402799905093,-33.50297117717132],[-70.57402123204011,-33.50297759168777],[-70.57402025694874,-33.50297872245732],[-70.5740192859607,-33.50297966876124],[-70.57401403533821,-33.502985937378206],[-70.57400824241118,-33.50299265517284],[-70.57400743106597,-33.50299382208996],[-70.57400654464719,-33.502994880367915],[-70.5740018909073,-33.50300179022123],[-70.57399707773082,-33.50300871276924],[-70.57399642917224,-33.50300989978074],[-70.57399564441661,-33.50301106498222],[-70.57399168832953,-33.50301857661328],[-70.57398784552174,-33.503025609834],[-70.57398735643476,-33.50302680180862],[-70.57398669024495,-33.503028066737905],[-70.5739835298731,-33.50303612768303],[-70.57398063469604,-33.50304318363957],[-70.57398029971681,-33.50304436662113],[-70.57397976836671,-33.50304572189918],[-70.57397749636465,-33.5030542666775],[-70.57397551469913,-33.50306126494092],[-70.57397532676121,-33.50306242634307],[-70.57397494544453,-33.503063860437514],[-70.57397364632374,-33.50307281096152],[-70.57397253484056,-33.50307967960547],[-70.57397248554616,-33.50308080834391],[-70.57397226792706,-33.50308230766904],[-70.57397201538359,-33.50309157408183],[-70.5739717238194,-33.503098250290016],[-70.57397180381987,-33.50309933685059],[-70.57397176160161,-33.50310088593696],[-70.57397261600329,-33.503110367865055],[-70.5739730894476,-33.50311679814872],[-70.57397328881851,-33.50311783459208],[-70.57397343134579,-33.50311941632236],[-70.57397543747268,-33.5031290045171],[-70.57397661857479,-33.50313514455547],[-70.57397721717601,-33.50313751052848],[-70.57397726108039,-33.503137720367405],[-70.57397729948822,-33.50313783586768],[-70.57403270333339,-33.503356819098705],[-70.57403309368733,-33.503358058610324],[-70.57403335793649,-33.50335932309302],[-70.57403383102124,-33.503361075645344],[-70.57403812477737,-33.503374034094115],[-70.57403836200128,-33.5033747873634],[-70.57403841074802,-33.50337489714619],[-70.57403967730164,-33.50337871957253],[-70.57404753042803,-33.50339580795123],[-70.57405731696927,-33.5034121809931],[-70.57406894541533,-33.50342768559861],[-70.57408230703287,-33.503442176788646],[-70.57409727688197,-33.503455519060175],[-70.5741137149844,-33.503467587653375],[-70.57411968582247,-33.50347118040689],[-70.57411441765579,-33.50347896907445],[-70.5741054261998,-33.50349595703009],[-70.57409846561299,-33.50351360151537],[-70.57409360293083,-33.50353173260454],[-70.57409088498486,-33.50355017568551],[-70.5740903379517,-33.50356875314142],[-70.57409196710103,-33.50358728606121],[-70.57409575674458,-33.50360559596261],[-70.57410167038734,-33.503623506511026],[-70.57410965107883,-33.503640845217774],[-70.57411962196164,-33.50365744510118],[-70.57412058551753,-33.50365887045328],[-70.57413228497289,-33.503674374350766],[-70.57414572003455,-33.50368885724216],[-70.57416076464871,-33.503702183241565],[-70.57425524996083,-33.503778142575754],[-70.57427218365365,-33.50379046395031],[-70.57428925969967,-33.50380058831913],[-70.57428893360064,-33.503800853353134],[-70.57427460325351,-33.503815037977986],[-70.57426200150125,-33.503830331028],[-70.57425124970611,-33.503846585223286],[-70.57424245141456,-33.50386364402754],[-70.57423569135995,-33.50388134315549],[-70.57423103464643,-33.50389951215519],[-70.574228526122,-33.50391797604947],[-70.57422818994651,-33.503936557020964],[-70.57423002935887,-33.50395507612479],[-70.5742340266459,-33.503973355011674],[-70.57424014331285,-33.50399121764574],[-70.574248320454,-33.504008491999684],[-70.57425847932001,-33.50402501171165],[-70.5742705220762,-33.50404061768725],[-70.5742843327448,-33.504055159631896],[-70.57429977832174,-33.504068497498125],[-70.57431671005769,-33.50408050283444],[-70.5743349648905,-33.50409106002231],[-70.5743543670156,-33.50410006738973],[-70.57437472957918,-33.50410743819035],[-70.5743827908721,-33.50410959909047],[-70.57437640875436,-33.50411317439709],[-70.57435856660867,-33.504125560522816],[-70.5743423318867,-33.50413941186342],[-70.57434196778807,-33.50413975616145],[-70.5743280906695,-33.504154253650015],[-70.57431597657508,-33.50416982083618],[-70.57430574217074,-33.50418630779995],[-70.57429748602021,-33.50420355576329],[-70.57429128763582,-33.50422139861927],[-70.57428720671255,-33.50423966453169],[-70.5742852825533,-33.50425817758999],[-70.57428553369009,-33.504276759503384],[-70.57428795770575,-33.50429523131781],[-70.57429253125703,-33.50431341513946],[-70.57429921029937,-33.50433113584791],[-70.57430793051107,-33.50434822278266],[-70.57431860791266,-33.5043645113868],[-70.57433113967559,-33.50437984479161],[-70.57434540511262,-33.5043940753275],[-70.57436126684,-33.50440706594603],[-70.57437857210051,-33.50441869153989],[-70.5743971542347,-33.504428840147725],[-70.57441683428586,-33.50443741403231],[-70.57443742272348,-33.50444433062211],[-70.57445872126863,-33.50444952330613],[-70.57446176299273,-33.50445000024527],[-70.57445891483283,-33.504455513707434],[-70.57445214255613,-33.504473209565205],[-70.57444747331104,-33.50449137631024],[-70.57444495206627,-33.5045098389871],[-70.57444460310414,-33.504528419790105],[-70.57444642978672,-33.50454693977603],[-70.57445041452345,-33.50456522058712],[-70.57445651894038,-33.50458308616891],[-70.57446060604255,-33.50459173472933],[-70.57445987434217,-33.504593740700415],[-70.5744555023887,-33.504611959291594],[-70.57445328307315,-33.50463044915266],[-70.57445323777013,-33.50464903221619],[-70.57445536691726,-33.504667529517086],[-70.57445965001112,-33.504685762916104],[-70.57446604580437,-33.50470355681538],[-70.57447449270322,-33.504720739849574],[-70.57448490936032,-33.50473714653626],[-70.57449719545833,-33.504752618869574],[-70.57451123267592,-33.50476700784192],[-70.5745268858272,-33.504780174879066],[-70.57454400416374,-33.5047919931747],[-70.57456242282629,-33.50480234891158],[-70.57458196443253,-33.504811142357816],[-70.57460244078523,-33.50481828882724],[-70.57462365468494,-33.50482371949504],[-70.57464540182903,-33.50482738206068],[-70.57466747277932,-33.50482924125145],[-70.57468965497911,-33.50482927916222],[-70.57471173480029,-33.50482749542795],[-70.57472146178,-33.50482630365759],[-70.57472146178013,-33.50482630365757],[-70.57515768262819,-33.504772856144974],[-70.57516367793693,-33.50477186772069],[-70.5751697194466,-33.50477110176464],[-70.5751745538285,-33.50477007465202],[-70.5751794473936,-33.50476926786742],[-70.57518529818599,-33.504767791905415],[-70.5751912209861,-33.50476653354663],[-70.57538084544582,-33.50471783483954],[-70.57557929724078,-33.5046750542347],[-70.57559055416012,-33.50467212725961]]]}},{"type":"Feature","properties":{"numpos":"16819","TIPO":"DESCARGO","TENSION":"MT","INCIDENCIA":"DF202671762285","CLITOTAL":"1233","CANTAVISOS":"","FECHA_INICIO":"","FECHA_FIN":"","DESCARGO":"DF202671762285(TP20267213815951)","ESTADODESC":"789","ESTADOINC":" ","CLI_PLAN":"1","FECHA_INIDESC":"04-08-2026 10:00","FECHA_FINDESC":"04-08-2026 17:00","FECHA_REPOSICION":"04-08-2026 17:00","id_alim":"2435"},"geometry":{"type":"Polygon","coordinates":[[[-70.56972531580438,-33.50332834776543],[-70.56945681450689,-33.50337995062241],[-70.56943546361303,-33.50338498950804],[-70.56941480507083,-33.50339175735333],[-70.56939503783236,-33.50340018898061],[-70.56937635226615,-33.503410203189254],[-70.56935892832388,-33.50342170353743],[-70.56934293380735,-33.50343457927111],[-70.56932852275253,-33.50344870639052],[-70.56931583394595,-33.503463948844306],[-70.56930498958835,-33.503480159839846],[-70.56929609411753,-33.503497183256876],[-70.56928923320277,-33.50351485515097],[-70.56928447291956,-33.5035330053324],[-70.56928185911327,-33.50355145900524],[-70.56928141695772,-33.50357003845061],[-70.56928315071244,-33.503588564738294],[-70.56928704368183,-33.50360685944988],[-70.56929305837572,-33.50362474639703],[-70.56930113687052,-33.50364205331836],[-70.56931120136687,-33.50365861353834],[-70.56932315493894,-33.503674267572485],[-70.56933688246788,-33.50368886466337],[-70.5693522517503,-33.50370226423245],[-70.56936911477166,-33.50371433723401],[-70.56938730913157,-33.50372496739784],[-70.56940665960786,-33.50373405234913],[-70.56942697984411,-33.5037415045944],[-70.56944807414438,-33.50374725236402],[-70.56946973935781,-33.50375124030354],[-70.56949176683534,-33.50375343000671],[-70.56951394443892,-33.503753800385425],[-70.56953605858472,-33.503752347872705],[-70.56955789630004,-33.503749086457205],[-70.56982562192867,-33.503697632632466],[-70.5701061616038,-33.50364545703863],[-70.57010944028927,-33.503644704104296],[-70.57011277253972,-33.50364413985294],[-70.57011627722417,-33.50364323929696],[-70.57011984496748,-33.5036425336092],[-70.57012366257722,-33.503641438023244],[-70.57012755439808,-33.5036405442847],[-70.57013072920265,-33.50363952574726],[-70.57013397938984,-33.503638690585795],[-70.57013736183336,-33.5036375065797],[-70.57014082983146,-33.503636511325446],[-70.57014450087489,-33.50363510753271],[-70.57014826938821,-33.50363389852157],[-70.57015130973642,-33.5036326241902],[-70.57015444655926,-33.50363152616171],[-70.57015767418682,-33.503630070108215],[-70.57016100904093,-33.503628794872334],[-70.57016449816385,-33.50362709639219],[-70.5701681070765,-33.503625583752026],[-70.57017098368803,-33.50362406589928],[-70.57017397693704,-33.50362271557848],[-70.57017701866474,-33.50362100150024],[-70.5701801882582,-33.50361945856405],[-70.57018346185814,-33.5036174817539],[-70.57018687641434,-33.50361568005228],[-70.57018956158588,-33.50361393329597],[-70.57019238243421,-33.503612343687294],[-70.57019520896846,-33.5036103880919],[-70.57019818277625,-33.503608592314805],[-70.57042165766501,-33.50345915410904],[-70.57043829412584,-33.50344686253879],[-70.5704534123706,-33.50343326405365],[-70.57046686680243,-33.50341848961503],[-70.57047852784824,-33.50340268150942],[-70.57048828320642,-33.503385991977986],[-70.57049603892844,-33.50336858175048],[-70.57050172032353,-33.503350618497244],[-70.570505272678,-33.503332275214525],[-70.57050666178209,-33.50331372855823],[-70.5705058742593,-33.50329515714289],[-70.5705029176953,-33.503276739821274],[-70.57049782056477,-33.50325865396209],[-70.57049063195706,-33.503241073741734],[-70.57048142110348,-33.50322416846695],[-70.57047027671045,-33.503208100944335],[-70.57045730610523,-33.5031930259124],[-70.5704426342022,-33.50317908855136],[-70.57042640229996,-33.50316642308507],[-70.57040876672043,-33.503155151488315],[-70.57038989730351,-33.5031453823122],[-70.5703699757713,-33.50313720963867],[-70.57034919397816,-33.503130712174745],[-70.57032775206302,-33.50312595249408],[-70.57030585652207,-33.5031229764348],[-70.57028371821995,-33.503121812657845],[-70.57026155035925,-33.503122472371],[-70.5702395664272,-33.503124949220926],[-70.57021797813974,-33.50312921935437],[-70.57019699340267,-33.50313524164799],[-70.5701768143094,-33.50314295810413],[-70.57015763519479,-33.50315229440955],[-70.57013964076351,-33.50316316065107],[-70.57001742013574,-33.50324488980282],[-70.56999975782863,-33.503247880564956],[-70.56997855106349,-33.503253329806924],[-70.56995808396613,-33.50326049420019],[-70.56993855364493,-33.503269304748144],[-70.56992014818685,-33.503279676600954],[-70.56990304484601,-33.50329150987247],[-70.56989729320694,-33.503296358193225],[-70.56972687049735,-33.50332805379921],[-70.56972531580438,-33.50332834776543]]]}},{"type":"Feature","properties":{"numpos":"19246","TIPO":"DESCARGO","TENSION":"MT","INCIDENCIA":"DF202671762285","CLITOTAL":"1233","CANTAVISOS":"","FECHA_INICIO":"","FECHA_FIN":"","DESCARGO":"DF202671762285(TP20267213815951)","ESTADODESC":"789","ESTADOINC":" ","CLI_PLAN":"1","FECHA_INIDESC":"04-08-2026 10:00","FECHA_FINDESC":"04-08-2026 17:00","FECHA_REPOSICION":"04-08-2026 17:00","id_alim":"2435"},"geometry":{"type":"Polygon","coordinates":[[[-70.57217343091106,-33.50099225464868],[-70.57218510370734,-33.501008056492196],[-70.57219856904857,-33.50102282370677],[-70.57221369725642,-33.501036414075486],[-70.57223034263808,-33.501048696715046],[-70.57224834488919,-33.501059553336425],[-70.57226753063773,-33.501068879383865],[-70.57228771511373,-33.501076585041915],[-70.57230870392871,-33.50108259610052],[-70.57233029494778,-33.501086854669545],[-70.57235228023632,-33.50108931973644],[-70.5723744480627,-33.50108996756116],[-70.57239658493718,-33.50108879190477],[-70.57241847766822,-33.50108580408961],[-70.57243991541553,-33.50108103289023],[-70.57246069172072,-33.50107452425615],[-70.57248060649559,-33.50106634086951],[-70.57249946794914,-33.50105656154125],[-70.57251709443473,-33.50104528045224],[-70.57253331619928,-33.50103260624603],[-70.57254797701835,-33.501018660982766],[-70.57256093570042,-33.50100357896354],[-70.5725720674468,-33.50098750543693],[-70.57258126505342,-33.500970595200286],[-70.57258843994323,-33.50095301110883],[-70.57259352301926,-33.500934922507305],[-70.57259646533,-33.50091650359903],[-70.57259723854071,-33.5008979317683],[-70.57259583520634,-33.50087938587199],[-70.57259226884315,-33.50086104451709],[-70.57258423658035,-33.50082956080028],[-70.57258640808988,-33.500821844854265],[-70.57258935775907,-33.50080342677214],[-70.57259013839229,-33.500784855159026],[-70.57258874247302,-33.50076630886965],[-70.5725851834461,-33.500747966514865],[-70.5725794955882,-33.50073000474128],[-70.57257173367768,-33.50071259653034],[-70.572561972467,-33.5006959095322],[-70.57255030596278,-33.500680104451284],[-70.5725373961388,-33.50066593667288],[-70.57250190498569,-33.500553817672454],[-70.57250026254282,-33.50054840643457],[-70.57250026182368,-33.50054840346132],[-70.57243586211744,-33.50033623225026],[-70.57244157598377,-33.50033130013138],[-70.57245539001758,-33.50031676080195],[-70.57246743650276,-33.50030115710361],[-70.57247759942571,-33.500284639309015],[-70.57248578091273,-33.500267366494036],[-70.5724919021727,-33.50024950500567],[-70.57249590425573,-33.50023122686009],[-70.5724977486209,-33.50021270808597],[-70.57249741750734,-33.50019412702931],[-70.57249491410526,-33.50017566263577],[-70.57249026252511,-33.500157492727396],[-70.5724835075654,-33.500139792290085],[-70.57247471428117,-33.50012273178831],[-70.57246396735754,-33.500106475523616],[-70.57245137029388,-33.50009118005221],[-70.57243704440728,-33.50007699267728],[-70.57242112766403,-33.50006405003043],[-70.57240377335101,-33.50005247675587],[-70.57238514859937,-33.500042384309985],[-70.57236543277502,-33.50003386988805],[-70.57224575926953,-33.49998826824532],[-70.57222542275909,-33.49998149414406],[-70.57220439960246,-33.49997639955176],[-70.57218288689404,-33.49997303223088],[-70.57216108631776,-33.49997142375039],[-70.57213920225631,-33.49997158918999],[-70.57211743987506,-33.49997352699876],[-70.57209600319862,-33.49997721900955],[-70.57207509319817,-33.49998263060939],[-70.57205490590732,-33.49998971106399],[-70.57203563058437,-33.49999839399334],[-70.57201744793797,-33.50000859799401],[-70.57200052843294,-33.50002022740236],[-70.57198503069223,-33.50003317319131],[-70.57197110000978,-33.50004731399248],[-70.57195886698831,-33.50006251723409],[-70.57194844631498,-33.500078640383705],[-70.57193993568607,-33.500095532284604],[-70.57193341489115,-33.50011303457276],[-70.5719289450648,-33.500130983161625],[-70.57192656811367,-33.50014920978043],[-70.57192630632338,-33.50016754355165],[-70.57192816214956,-33.50018581259313],[-70.5719321181949,-33.50020384562949],[-70.5719653535469,-33.500322660452895],[-70.5719659277684,-33.50032433797263],[-70.57196634063439,-33.50032604848845],[-70.57197090859138,-33.500341123348846],[-70.57206215085301,-33.50064173535797],[-70.57206215157201,-33.50064173833086],[-70.57206407943171,-33.500648090015254],[-70.57206441903664,-33.50064901602616],[-70.57206466023916,-33.500649963449575],[-70.57212354280182,-33.50083598027667],[-70.57212390796937,-33.50083714894663],[-70.57215019930405,-33.50094020409826],[-70.5721558942666,-33.50095816429691],[-70.57216366307456,-33.50097557035715],[-70.57217343091106,-33.50099225464868]]]}},{"type":"Feature","properties":{"numpos":"19258","TIPO":"DESCARGO","TENSION":"MT","INCIDENCIA":"DF202671762285","CLITOTAL":"1233","CANTAVISOS":"","FECHA_INICIO":"","FECHA_FIN":"","DESCARGO":"DF202671762285(TP20267213815951)","ESTADODESC":"789","ESTADOINC":" ","CLI_PLAN":"1","FECHA_INIDESC":"04-08-2026 10:00","FECHA_FINDESC":"04-08-2026 17:00","FECHA_REPOSICION":"04-08-2026 17:00","id_alim":"2435"},"geometry":{"type":"Polygon","coordinates":[[[-70.57160414158619,-33.50161729115957],[-70.57160658353585,-33.501616447336914],[-70.57160911081502,-33.50161575398396],[-70.57161686681243,-33.50161289392077],[-70.57162464723595,-33.501610205372046],[-70.57162697842112,-33.50160916521306],[-70.57162941264099,-33.50160826758177],[-70.57163679737161,-33.50160478406331],[-70.57164422512875,-33.50160146984717],[-70.57164642320103,-33.50160024337466],[-70.57164874082079,-33.50159915010873],[-70.57165568285478,-33.50159507670538],[-70.57166268671806,-33.501591168713354],[-70.57166473060337,-33.501589767722855],[-70.57166690921285,-33.50158848937154],[-70.57167334141609,-33.50158386540121],[-70.57167985420817,-33.501579401176656],[-70.5716817243049,-33.50157783912446],[-70.5716837428452,-33.50157638803946],[-70.57168960304085,-33.5015712581822],[-70.57169556226656,-33.50156628056548],[-70.57169932670026,-33.50156281135488],[-70.57171302209274,-33.50154891526592],[-70.57172507875991,-33.50153399143677],[-70.57173538751145,-33.501518175025055],[-70.57174385498729,-33.50150160927195],[-70.5717504045029,-33.50148444420503],[-70.57175497674385,-33.50146683527935],[-70.57175753030303,-33.50144894196976],[-70.57175804205544,-33.501430926326464],[-70.57175650736765,-33.501412951507504],[-70.5717529401398,-33.50139518030109],[-70.57171104230878,-33.50123383063755],[-70.57179789883216,-33.50121430411084],[-70.57210234382597,-33.50115672941385],[-70.5721023438264,-33.50115672941374],[-70.57210234382683,-33.50115672941367],[-70.5721105247648,-33.5011551822755],[-70.57213189596446,-33.501150205884485],[-70.57215258203532,-33.501143498513],[-70.57217238375821,-33.50113512475712],[-70.57219111043094,-33.50112516526117],[-70.57220858170484,-33.50111371594107],[-70.57222462932172,-33.50110088706062],[-70.57223909873426,-33.50108680216951],[-70.57225185059436,-33.5010715969135],[-70.57226276209511,-33.501055417728054],[-70.57227172815358,-33.50103842042803],[-70.5722786624227,-33.50102076870716],[-70.5722834981228,-33.50100263256142],[-70.57228618868474,-33.50098418665206],[-70.5722867081983,-33.50096560862332],[-70.57228505166165,-33.5009470773918],[-70.57228123502954,-33.500928771423254],[-70.57227529505947,-33.50091086701391],[-70.57226728895782,-33.50089353659272],[-70.57225729382868,-33.50087694706068],[-70.5722454059314,-33.50086125818357],[-70.5722317397535,-33.50084662105332],[-70.572216426908,-33.50083317663292],[-70.57219961486602,-33.500821054398926],[-70.57218146553645,-33.500810371094495],[-70.57216505322455,-33.50080260212751],[-70.57216514652399,-33.50080256142674],[-70.57218372157189,-33.500792404682315],[-70.57220101887842,-33.50078077150869],[-70.57221687186079,-33.50076777394021],[-70.57223112784615,-33.50075353715118],[-70.57224364954186,-33.50073819825021],[-70.57225431635767,-33.500721904959825],[-70.57226302556712,-33.500704814193774],[-70.57226969329673,-33.500687090545846],[-70.57227425533385,-33.50066890470479],[-70.57227666774479,-33.50065043181035],[-70.57227690729812,-33.500631849766734],[-70.57227497168817,-33.50061333752912],[-70.57227087955732,-33.50059507338033],[-70.5722646703163,-33.50057723321387],[-70.57225640376461,-33.50055998883994],[-70.57224615951466,-33.50054350633091],[-70.57223403622493,-33.500527944421776],[-70.57222015064983,-33.50051345298175],[-70.5722046365153,-33.50050017157075],[-70.57218764323092,-33.50048822809541],[-70.57216933445102,-33.50047773757738],[-70.57214988649861,-33.50046880104557],[-70.57212948666731,-33.50046150456322],[-70.57210833141765,-33.500455918399055],[-70.5720866244851,-33.50045209635057],[-70.57206457491797,-33.50045007522601],[-70.5720423950643,-33.500449874489796],[-70.5720202985268,-33.50045149607518],[-70.57199849810586,-33.50045492436552],[-70.57197859541154,-33.50045891012795],[-70.57198935384841,-33.50045476223188],[-70.57200849776937,-33.50044537623788],[-70.57202645138857,-33.500434463382355],[-70.57204304180242,-33.500422128762644],[-70.57205810923604,-33.50040849116844],[-70.57207150858197,-33.500393681937794],[-70.57208311079762,-33.50037784369227],[-70.57209280414796,-33.500361128963306],[-70.57210049528165,-33.500343698723285],[-70.57210611012995,-33.50032572083531],[-70.57210959462002,-33.50030736843652],[-70.57211091519567,-33.50028881827067],[-70.5721100591404,-33.50027024898603],[-70.57210703469988,-33.50025183941489],[-70.57210187100247,-33.50023376685128],[-70.5720946177786,-33.50021620534359],[-70.57208534488184,-33.50019932401832],[-70.57207414161614,-33.50018328545141],[-70.5720611158757,-33.500168244102525],[-70.57204639310588,-33.50015434482749],[-70.57203011509516,-33.50014172148338],[-70.5720124386095,-33.500130495639276],[-70.57199353388273,-33.50012077540572],[-70.571973582977,-33.500112654393334],[-70.57195277802956,-33.500106210811495],[-70.57193131940232,-33.50010150671506],[-70.57190941375237,-33.50009858740683],[-70.57188727204176,-33.50009748100119],[-70.57186510750586,-33.500098198153395],[-70.57184313359993,-33.500100731956955],[-70.571836258795,-33.5001018149644],[-70.57183625879487,-33.50010181496444],[-70.57139277721357,-33.500171677008524],[-70.57139277510664,-33.500171677251785],[-70.57139218074275,-33.500171770973004],[-70.57138855848189,-33.500172497940994],[-70.5713857968869,-33.50017288687647],[-70.57138091717263,-33.500173782356896],[-70.57138091717246,-33.50017378235694],[-70.57086208878658,-33.50026899177053],[-70.57024488730146,-33.50037044324306],[-70.57024185591182,-33.50037056631557],[-70.57024102297468,-33.50037066935399],[-70.57024017890555,-33.50037070891131],[-70.5702361817807,-33.50037122892484],[-70.57023215372972,-33.500371539107505],[-70.57022605242506,-33.500372521283545],[-70.57021991268728,-33.500373280798335],[-70.57021909562795,-33.500373451778735],[-70.57021826045676,-33.50037356043176],[-70.5702143434177,-33.50037440617569],[-70.57021037105231,-33.5003750456387],[-70.5702044144541,-33.50037652400617],[-70.57019839270373,-33.50037778413553],[-70.57019759938548,-33.5003780214465],[-70.5701967811623,-33.50037819811228],[-70.57019298193205,-33.50037936144163],[-70.57018910350808,-33.50038032402668],[-70.57018334898348,-33.50038228427048],[-70.5701775032092,-33.50038403295785],[-70.57017674127373,-33.50038433435115],[-70.57017594787834,-33.50038457728973],[-70.57017230304525,-33.500386047001136],[-70.57016855591395,-33.50038732343799],[-70.57016305886877,-33.5003897466],[-70.57015744537986,-33.50039196708613],[-70.57015672217402,-33.500392329697064],[-70.57015596123976,-33.50039263652954],[-70.57015250590548,-33.50039439846898],[-70.57014892615354,-33.50039597646496],[-70.57014373949868,-33.500398839129],[-70.57013841238276,-33.50040151011083],[-70.57013773488748,-33.50040193048484],[-70.57013701372799,-33.50040229821733],[-70.57013378116933,-33.500404335416334],[-70.57013040327139,-33.50040619977467],[-70.57012557691338,-33.50040947429465],[-70.5701205875154,-33.50041257012792],[-70.57011996227885,-33.500413044252376],[-70.57011928781732,-33.5004134693063],[-70.57011630916533,-33.50041576214574],[-70.57011316565251,-33.500417894911635],[-70.57010874601418,-33.50042154967996],[-70.57010414244071,-33.50042504062399],[-70.57010357551411,-33.50042556396591],[-70.57010295421763,-33.500426042213284],[-70.57010025815833,-33.500428568611966],[-70.57009737930437,-33.50043094924584],[-70.5700934088786,-33.500434949000386],[-70.5700892355336,-33.500438801501886],[-70.57008873241254,-33.50043936905054],[-70.57008817023033,-33.50043989585491],[-70.57008578272837,-33.50044263148226],[-70.5700831962581,-33.50044523705746],[-70.57007971320111,-33.50044954322291],[-70.57007601035596,-33.50045372023743],[-70.57007557592637,-33.500454326551605],[-70.57007507823353,-33.500454896813594],[-70.57007302228187,-33.50045781532418],[-70.57007075310453,-33.50046062074768],[-70.57006779087047,-33.50046519180852],[-70.5700645942739,-33.50046965315554],[-70.57006423276378,-33.50047029241545],[-70.57006380431076,-33.50047090062247],[-70.57006209970947,-33.50047397390951],[-70.57006016967861,-33.500476952163616],[-70.5700577567001,-33.500481744065304],[-70.57005509723122,-33.500486446814044],[-70.57005481216872,-33.500487112876606],[-70.57005445703678,-33.50048775315655],[-70.57005312020226,-33.50049095162276],[-70.57005154790527,-33.50049407402528],[-70.57004970732257,-33.500499040599095],[-70.57004761069058,-33.50050393948119],[-70.57004740486845,-33.50050462593922],[-70.57004712643187,-33.50050529211715],[-70.57004617023875,-33.50050858495958],[-70.57004497081793,-33.50051182144019],[-70.57004372025894,-33.50051691484814],[-70.57004220675253,-33.500521962693426],[-70.5700420821999,-33.50052266293708],[-70.5700418830949,-33.50052334859481],[-70.5700413167521,-33.50052670410162],[-70.5700405017587,-33.50053002349131],[-70.57003985317232,-33.50053519468651],[-70.57003893746123,-33.50054034287756],[-70.57003889542264,-33.50054105015832],[-70.57003877752334,-33.50054174869603],[-70.57003863628591,-33.50054303993146],[-70.57003847766879,-33.50054616160848],[-70.57003818376838,-33.50054850488311],[-70.57003815215269,-33.50055256795356],[-70.57003769765703,-33.500561512690425],[-70.57003804189219,-33.500566738021945],[-70.5700380391718,-33.500567087629804],[-70.57003810362856,-33.50056767515149],[-70.57003891385963,-33.5005799740827],[-70.57004227330022,-33.50059824810239],[-70.57004774395205,-33.500616160529916],[-70.57005527366066,-33.500633540592794],[-70.57006479064088,-33.50065022259399],[-70.57007620416132,-33.50066604749146],[-70.57008940540926,-33.50068086441449],[-70.57010426852797,-33.50069453210213],[-70.57012065181672,-33.50070692024986],[-70.57013839908159,-33.50071791075199],[-70.57015734112464,-33.50072739882755],[-70.57016531562682,-33.50073055374352],[-70.57016580765803,-33.50073077868066],[-70.57016656761175,-33.50073104906055],[-70.570177297357,-33.50073529401942],[-70.57018491436064,-33.50073757655082],[-70.57018617216681,-33.50073802405871],[-70.57018807314114,-33.50073852311911],[-70.5701980775206,-33.50074152105663],[-70.57020517677307,-33.50074301331268],[-70.57020728463912,-33.50074356668775],[-70.57021040444121,-33.50074411216321],[-70.57021948350206,-33.50074602057198],[-70.5702259274753,-33.5007468262554],[-70.57022894278307,-33.5007473534603],[-70.57025934070597,-33.50075137922589],[-70.57026878884099,-33.500871755676755],[-70.57026904204886,-33.500873596228146],[-70.57026912192707,-33.500875447755014],[-70.57028721046511,-33.50105285235254],[-70.57028746674821,-33.5010551942807],[-70.5702888833136,-33.501067310868706],[-70.57028984447962,-33.501072759681584],[-70.57028987660811,-33.50107312668289],[-70.57029020936797,-33.50107947442437],[-70.57029059703311,-33.501081745161365],[-70.57029080187618,-33.50108423767078],[-70.57029088585807,-33.5010846552643],[-70.57029092283155,-33.50108507760917],[-70.57029184695624,-33.501091376553994],[-70.57030674985292,-33.50122751818298],[-70.5703311060023,-33.50151148965738],[-70.5703476439296,-33.50172886044998],[-70.57034775004834,-33.50173018238043],[-70.57036361148852,-33.501917955091415],[-70.57039299349621,-33.50226199681229],[-70.57039339985306,-33.50226480797672],[-70.57039356417364,-33.502267465039],[-70.5703946718759,-33.50227360779115],[-70.57039566022567,-33.50228044516276],[-70.57039642407011,-33.502283324565205],[-70.5703968776117,-33.502285839674755],[-70.57039861860244,-33.5022915971146],[-70.57040047252612,-33.50229858569804],[-70.57040120768701,-33.502300463934894],[-70.57040223938347,-33.50230534921315],[-70.57040822616521,-33.502323242706524],[-70.57041627761636,-33.502340558427086],[-70.57042631619802,-33.502357129614566],[-70.57043824523397,-33.50237279667888],[-70.57045194984161,-33.5023874087371],[-70.57046729803835,-33.50240082506656],[-70.5704841420127,-33.502412916460074],[-70.57050231954769,-33.50242356647036],[-70.57052165558319,-33.50243267253148],[-70.57054196390187,-33.502440146946626],[-70.57056304892255,-33.502445917732665],[-70.57058470758378,-33.50244992931353],[-70.57060673129953,-33.5024521430552],[-70.57062890796804,-33.50245253763813],[-70.57065102401448,-33.50245110926224],[-70.57067286644784,-33.50244787168371],[-70.57069422491226,-33.502442856082425],[-70.5707148937129,-33.502436110761685],[-70.57073467379692,-33.50242770068306],[-70.57075337467053,-33.50241770684066],[-70.57077081623353,-33.502406225481224],[-70.57078683051385,-33.502393367177085],[-70.57080126328525,-33.502379255761284],[-70.57081397555244,-33.502364027135066],[-70.57082484488991,-33.502347827958914],[-70.57083376662074,-33.50233081424025],[-70.57084065482479,-33.50231314983088],[-70.570845443166,-33.502295004849024],[-70.57084808553132,-33.50227655404097],[-70.57084846008019,-33.50226177790936],[-70.5708484766365,-33.50226159463539],[-70.57084847049045,-33.502261367219575],[-70.57084855647473,-33.50225797509819],[-70.57084851652428,-33.50225677383279],[-70.57084855503713,-33.5022560790618],[-70.57084842174397,-33.50225392389522],[-70.57084833966165,-33.50225145577087],[-70.57084814564861,-33.50224934745634],[-70.57084797454415,-33.50224301626507],[-70.57084299859636,-33.502184995054826],[-70.57089611574108,-33.50234964075896],[-70.57090294701369,-33.50236732067891],[-70.57091181390308,-33.50238435450849],[-70.5709226310171,-33.50240057820215],[-70.57093529418175,-33.50241583551636],[-70.57094968144426,-33.50242997951427],[-70.5709656542476,-33.5024428739809],[-70.57098305876484,-33.50245439473489],[-70.57100172738062,-33.50246443082453],[-70.5710214803053,-33.502472885596305],[-70.5710421273066,-33.5024796776257],[-70.57106346954154,-33.50248474150137],[-70.57108530147151,-33.502488028455204],[-70.57110741284181,-33.50248950683182],[-70.57112959070646,-33.50248916239362],[-70.57115162147909,-33.50248699845782],[-70.57117329299001,-33.50248303586445],[-70.57119439652945,-33.50247731277573],[-70.57121472885771,-33.502469884308475],[-70.57123409416242,-33.50246082200338],[-70.57125230594443,-33.50245021313587],[-70.57126918881391,-33.50243815987573],[-70.57128458017941,-33.50242477830295],[-70.57129833181374,-33.502410197290075],[-70.57131031128156,-33.50239455726067],[-70.57132040321463,-33.50237800883731],[-70.57132851042299,-33.50236071139084],[-70.57133455483084,-33.50234283150544],[-70.57133847822843,-33.50232454137445],[-70.57134024283263,-33.502306017142025],[-70.57133983165072,-33.50228743720665],[-70.57133724864397,-33.50226898050325],[-70.5713325186895,-33.50225082477974],[-70.57127058816423,-33.50205886337775],[-70.57125646856828,-33.502006922255994],[-70.57126067479304,-33.50200911440284],[-70.57128056708528,-33.50201733646217],[-70.57130132555099,-33.50202388544668],[-70.57132275027375,-33.50202869828576],[-70.57134463492052,-33.50203172862885],[-70.57136676872886,-33.50203294729197],[-70.5713889385367,-33.50203234253866],[-70.57141093083531,-33.502029920193145],[-70.57143253382549,-33.50202570358409],[-70.57145353945738,-33.502019733320054],[-70.57147374543425,-33.5020120668983],[-70.57149295716054,-33.50200277815115],[-70.57151098961624,-33.50199195653484],[-70.57152766913853,-33.50197970626796],[-70.57154283509433,-33.50196614532789],[-70.57155634142734,-33.50195140431446],[-70.5715680580646,-33.501935625192246],[-70.57157787216917,-33.50191895992327],[-70.57158568922671,-33.50190156900366],[-70.57159143395576,-33.50188361991781],[-70.57159505103269,-33.50186528552548],[-70.57159650562438,-33.50184674239705],[-70.57159578372371,-33.501828169113004],[-70.57159289228436,-33.501809744544154],[-70.57158785915382,-33.50179164612896],[-70.57153412788325,-33.50163390782603],[-70.57158803086153,-33.501621537216614],[-70.57159608310396,-33.5016193281045],[-70.57160414158619,-33.50161729115957]],[[-70.57151563916156,-33.50055361874252],[-70.57150905828789,-33.50055123275621],[-70.57154381367533,-33.50053324566587],[-70.57184183343983,-33.50048629832051],[-70.57169627334561,-33.50051544825695],[-70.57169491162861,-33.50051578090591],[-70.57169352094125,-33.500516014759874],[-70.57151563916156,-33.50055361874252]],[[-70.57095396081152,-33.500639731778406],[-70.57095640049432,-33.5006393881905],[-70.57106082931027,-33.50062022479227],[-70.57106637880786,-33.500640242675786],[-70.57071242321052,-33.50071391268421],[-70.57070887452566,-33.50068012164522],[-70.57095155631362,-33.50064023079454],[-70.57095396081152,-33.500639731778406]]]}},{"type":"Feature","properties":{"numpos":"33606","TIPO":"DESCARGO","TENSION":"MT","INCIDENCIA":"DF202671762285","CLITOTAL":"1233","CANTAVISOS":"","FECHA_INICIO":"","FECHA_FIN":"","DESCARGO":"DF202671762285(TP20267213815951)","ESTADODESC":"789","ESTADOINC":" ","CLI_PLAN":"1","FECHA_INIDESC":"04-08-2026 10:00","FECHA_FINDESC":"04-08-2026 17:00","FECHA_REPOSICION":"04-08-2026 17:00","id_alim":"2435"},"geometry":{"type":"Polygon","coordinates":[[[-70.57481301488963,-33.50582186419849],[-70.5748138231281,-33.505816195586036],[-70.57481488839215,-33.50581054776403],[-70.57481513883944,-33.505806967791116],[-70.57481564579103,-33.505803412264996],[-70.57481578690943,-33.50579770407231],[-70.574816186199,-33.50579199649903],[-70.57481601659092,-33.50578841352908],[-70.57481610510526,-33.505784833152426],[-70.57481557762203,-33.50577914031135],[-70.57481530721671,-33.50577342799711],[-70.57481471926782,-33.50576987655664],[-70.5748143884102,-33.505766305787816],[-70.57481321576707,-33.50575858486875],[-70.57481158766204,-33.50575089951362],[-70.57481010391643,-33.50574319367479],[-70.57480858453816,-33.50573719289753],[-70.57480858453425,-33.505737192885135],[-70.57480858453182,-33.505737192872466],[-70.57474599291868,-33.50548998695485],[-70.57474552215453,-33.50548817157991],[-70.57474256635493,-33.505477036897396],[-70.57474216348756,-33.505475501566885],[-70.57474207587653,-33.50547523161635],[-70.57471309945662,-33.50536241477461],[-70.57472048365324,-33.50536332916991],[-70.57474263986694,-33.50536423154815],[-70.57476479497176,-33.50536331026383],[-70.57478673560058,-33.50536057418951],[-70.57480825045182,-33.50535604967529],[-70.57482913232451,-33.50534978029503],[-70.57484918011376,-33.505341826426665],[-70.57486820074755,-33.505332264670784],[-70.57488601104613,-33.50532118711285],[-70.57490243948631,-33.50530870043634],[-70.57491732785309,-33.505294924895374],[-70.57493053276355,-33.5052799931565],[-70.57494192704763,-33.505264049021065],[-70.57495140097288,-33.505247246040305],[-70.5749588633011,-33.5052297460365],[-70.57496424216714,-33.50521171754463],[-70.57496748577078,-33.505193334189116],[-70.57496856287571,-33.50517477301189],[-70.57496759522772,-33.505158442454885],[-70.57497325018541,-33.5051569268235],[-70.57499361334618,-33.505149556714976],[-70.57501301613587,-33.505140550007994],[-70.57503127169427,-33.505129993442544],[-70.57504820420999,-33.5051179886847],[-70.5750636506134,-33.5051046513474],[-70.57507746214735,-33.505090109877095],[-70.5750895057995,-33.5050745043166],[-70.57509966558355,-33.50505798495653],[-70.5751078436561,-33.5050407108878],[-70.57511396125884,-33.50502284846947],[-70.57511795947714,-33.505004569726694],[-70.5751197998073,-33.50498605069391],[-70.57511946452726,-33.50496746971957],[-70.57511695686739,-33.50494900574859],[-70.57511230097917,-33.504930836598895],[-70.57510554170257,-33.5049131372491],[-70.57509674413423,-33.50489607815322],[-70.57508599300046,-33.50487982359923],[-70.57507339184127,-33.50486453012689],[-70.57505906201312,-33.504850345020124],[-70.57504314152031,-33.50483740488867],[-70.57502578368579,-33.50482583435253],[-70.57500715567461,-33.50481574484173],[-70.57498743688413,-33.50480723352326],[-70.5749668172162,-33.504800382365346],[-70.57494549524846,-33.50479525734801],[-70.5749236763219,-33.50479190782768],[-70.5749015705634,-33.504790366061926],[-70.57487939086214,-33.50479064689873],[-70.57467576960012,-33.504801613293466],[-70.5746725318293,-33.50480192189468],[-70.5746692764232,-33.50480204176965],[-70.57466453372889,-33.50480261019605],[-70.57465976047226,-33.50480295617121],[-70.57465676111751,-33.50480342504516],[-70.57465372954815,-33.50480371399225],[-70.57465054350911,-33.50480428696552],[-70.5746473177686,-33.50480467357989],[-70.5746426643745,-33.50480562871665],[-70.57463795462523,-33.50480636496721],[-70.57463502457159,-33.50480707787055],[-70.57463204140683,-33.50480761435869],[-70.57462893778163,-33.50480844618022],[-70.57462577277299,-33.50480909581653],[-70.57456925406856,-33.50482319234075],[-70.5745545673507,-33.504771818566134],[-70.5745537814817,-33.504769564356536],[-70.5745533692214,-33.5047664134109],[-70.57455199291087,-33.504760932610296],[-70.57455087288612,-33.504755410999756],[-70.57449914853122,-33.50455925217617],[-70.57449838552006,-33.50455627651308],[-70.57449831208612,-33.504556045892585],[-70.57449826528071,-33.504555810450675],[-70.57441770273633,-33.50424543197911],[-70.57441756525643,-33.50424500454292],[-70.57441747604692,-33.504244568373494],[-70.57441622643577,-33.50423986005097],[-70.5743646867086,-33.50403419078479],[-70.57436378625762,-33.50403003622288],[-70.57436357767371,-33.50402928553626],[-70.5743635507514,-33.5040291190227],[-70.57436216660915,-33.504022878504806],[-70.57436164702818,-33.50402104268479],[-70.57436130143577,-33.50401918385473],[-70.57435925300288,-33.50401087196583],[-70.57435891845489,-33.504009538714875],[-70.57425563524188,-33.50360516040623],[-70.57425554495835,-33.503604875948405],[-70.57425548725507,-33.50360458529903],[-70.57415723308236,-33.50322565048808],[-70.5741515086882,-33.50320781582503],[-70.57414373776224,-33.503190533140184],[-70.57413399422099,-33.503173966822516],[-70.57412237074377,-33.50315827444701],[-70.5741170470417,-33.503152443404936],[-70.57409185909896,-33.502992558711846],[-70.57408754308955,-33.50297308143711],[-70.57408082183228,-33.502954088491926],[-70.57407176888758,-33.502935787739155],[-70.5740032301577,-33.50281545165734],[-70.57400231168012,-33.502813838679025],[-70.57400150992457,-33.50281259205705],[-70.5740008346526,-33.5028112939099],[-70.57399625079842,-33.50280441482255],[-70.57399179015488,-33.50279747911977],[-70.57399084640782,-33.50279630433708],[-70.57399002250688,-33.50279506789102],[-70.57398465588628,-33.502788598333055],[-70.57397940525927,-33.50278206231486],[-70.57397832860951,-33.50278097068516],[-70.57397736401431,-33.502779807847844],[-70.57397126631112,-33.50277381012455],[-70.57396527626707,-33.502767736735976],[-70.57396407708339,-33.50276673877222],[-70.57396298108353,-33.502765660742384],[-70.57395621102198,-33.50276019261477],[-70.57394953924849,-33.50275464034573],[-70.57394822907965,-33.50275374565882],[-70.57394701223022,-33.502752762818375],[-70.57393963500962,-33.50274787694727],[-70.5739323457595,-33.50274289926893],[-70.57393093722315,-33.502742116475176],[-70.57392961124306,-33.50274123828938],[-70.57392169790992,-33.50273698172809],[-70.57391386138251,-33.50273262657803],[-70.57391236804358,-33.502731963216085],[-70.57391094570266,-33.50273119814231],[-70.57390257246638,-33.50272761188364],[-70.57389426413154,-33.5027239212041],[-70.5738927003717,-33.50272338366251],[-70.57389119536784,-33.5027227390688],[-70.57388244286675,-33.50271985765017],[-70.57387374273806,-33.50271686698425],[-70.57387212361706,-33.50271646043978],[-70.57387055044418,-33.50271594253389],[-70.5738615029697,-33.502713793704935],[-70.57385249483328,-33.502711531854054],[-70.57385083594393,-33.502711260221915],[-70.5738492097526,-33.50271087399155],[-70.57383995443637,-33.50270947844653],[-70.5738307250449,-33.50270796719348],[-70.57382904236322,-33.50270783308964],[-70.57382737881436,-33.50270758225439],[-70.57381800478909,-33.502706953433],[-70.57380864302661,-33.502706207331975],[-70.57380695275775,-33.50270621204791],[-70.57380526787205,-33.50270609902343],[-70.57379586541418,-33.502706242981596],[-70.57378646143898,-33.5027062692179],[-70.57378477986089,-33.50270641270819],[-70.5737830898647,-33.50270643858297],[-70.57377374952505,-33.502707353934305],[-70.57376439390137,-33.50270815225527],[-70.57376273720841,-33.502708433138075],[-70.57376105837734,-33.50270859766292],[-70.57375893236141,-33.50270889522187],[-70.57375859997424,-33.50270894195647],[-70.57373722731991,-33.5027119607391],[-70.57373526752222,-33.50271223503352],[-70.57372495908868,-33.50271411752024],[-70.57371464001665,-33.50271595864336],[-70.57371267402563,-33.502716394892566],[-70.57352738731166,-33.50275735246914],[-70.57352511145665,-33.502757857385234],[-70.57350397361692,-33.502763491061806],[-70.57348359668786,-33.50277083335171],[-70.57346417690954,-33.50277981354515],[-70.57344590130431,-33.50279034515842],[-70.57342894587579,-33.50280232676686],[-70.57341347391385,-33.502815642981695],[-70.57339963442199,-33.50283016556095],[-70.57338756068249,-33.5028457546449],[-70.57337736897264,-33.50286226010261],[-70.57336915744503,-33.50287952297793],[-70.5733630051822,-33.50289737702033],[-70.57335897143501,-33.50291565028588],[-70.57335709505195,-33.5029341667932],[-70.57335739410503,-33.502952748218306],[-70.57335986571555,-33.50297121561178],[-70.57336448608191,-33.50298939112243],[-70.57337121070873,-33.503007099709855],[-70.57337997483523,-33.50302417083033],[-70.57339069405906,-33.503040440079154],[-70.57340326514891,-33.50305575077408],[-70.57341756703876,-33.50306995546421],[-70.57343346199377,-33.50308291735001],[-70.5734507969368,-33.503094511600885],[-70.57346940492245,-33.503104626557295],[-70.57348910674507,-33.50311316480618],[-70.5735097126645,-33.503120044119086],[-70.57353102423342,-33.503125198244106],[-70.57355283620856,-33.50312857754394],[-70.57357493852737,-33.50313014947388],[-70.57359173770746,-33.50312995968386],[-70.5735886220864,-33.5031311301823],[-70.57358453128678,-33.50313242827734],[-70.57357850797446,-33.503134929922204],[-70.57357237366237,-33.503137234502695],[-70.57356857687472,-33.503139054576174],[-70.57356465764802,-33.50314068233655],[-70.57355895602734,-33.503143666539636],[-70.5735531208852,-33.50314646374195],[-70.57354955532536,-33.50314858682449],[-70.5735458454157,-33.50315052857408],[-70.5735405203962,-33.503153966596024],[-70.57353504061939,-33.50315722948176],[-70.57353174062561,-33.50315963512704],[-70.57352827576133,-33.50316187216581],[-70.57352337862584,-33.50316573089669],[-70.57351830698744,-33.50316942804268],[-70.5735153043403,-33.50317209308319],[-70.57351211789,-33.503174603867315],[-70.5735076958005,-33.503178846145694],[-70.57350308114322,-33.50318294194653],[-70.57350040476001,-33.50318584071648],[-70.5734975274108,-33.50318860106592],[-70.57349362295452,-33.503193186036484],[-70.57348950972,-33.503197641047535],[-70.57348718537575,-33.5032007456304],[-70.57348464483823,-33.503203728961545],[-70.57348129561733,-33.50320861246867],[-70.57347772341848,-33.503213383785926],[-70.57347577349805,-33.50321666428292],[-70.57347359423903,-33.50321984186477],[-70.57347083250856,-33.50322497687784],[-70.5734678357478,-33.503230018550994],[-70.57346627903014,-33.5032334433692],[-70.57346448203725,-33.503236784600034],[-70.57346233439448,-33.50324212166614],[-70.5734599419325,-33.5032473851413],[-70.57345879340986,-33.50325092129794],[-70.57345739598934,-33.50325439399992],[-70.57345588311755,-33.50325988172033],[-70.57345411799542,-33.50326531630742],[-70.57345338872892,-33.50326892974746],[-70.57345240433892,-33.50327250047662],[-70.57345154080829,-33.50327808600161],[-70.5734504200255,-33.50328363936268],[-70.57345011703863,-33.50328729528675],[-70.57344955515963,-33.50329092965506],[-70.57344934928682,-33.503296559193025],[-70.57344888363751,-33.50330217784622],[-70.57344900984847,-33.50330584104579],[-70.57344887589193,-33.5033095040523],[-70.57344932966008,-33.50331512338772],[-70.5734495236291,-33.50332075322234],[-70.5734500778227,-33.50332438841875],[-70.57345037307897,-33.503328044786706],[-70.57345148211841,-33.50333359980228],[-70.57345233383818,-33.50333918659992],[-70.5734533106775,-33.503342758784264],[-70.57345403230336,-33.50334637330078],[-70.57345578593386,-33.50335181049865],[-70.57345728720225,-33.50335730045531],[-70.57345867728003,-33.503360775225396],[-70.57345981832609,-33.503364313080695],[-70.57346219965955,-33.503369580097505],[-70.5734643360189,-33.503374920341855],[-70.57346612594819,-33.503378264233724],[-70.57346767542575,-33.50338169135622],[-70.57347066152899,-33.503386737467636],[-70.5734734124053,-33.50339187657005],[-70.57347558494826,-33.503395057380075],[-70.5734775279352,-33.50339834076466],[-70.5734810900507,-33.50340311737378],[-70.57348442895176,-33.50340800584169],[-70.57348696318569,-33.50341099293681],[-70.57348928097021,-33.50341410096263],[-70.57349338479301,-33.50341856206793],[-70.57349727956357,-33.50342315282258],[-70.57350015108257,-33.50342591743537],[-70.57350282134317,-33.503428820170264],[-70.57350742735133,-33.50343292280868],[-70.57351184048274,-33.50343717163842],[-70.57351502163247,-33.503439687143995],[-70.57351801865319,-33.50344235663299],[-70.57352308248838,-33.50344606129369],[-70.57352797147976,-33.50344992727979],[-70.57353143162409,-33.50345216945241],[-70.57353472654194,-33.50345457998667],[-70.5735401994365,-33.50345785099154],[-70.57354551720422,-33.50346129690235],[-70.57355237152764,-33.50346530412851],[-70.57355505891225,-33.50346671623282],[-70.57355762159324,-33.50346828260946],[-70.57356445002836,-33.503471650857115],[-70.57357116300585,-33.50347517823489],[-70.57357400266537,-33.50347636286493],[-70.57357673627165,-33.50347771126454],[-70.57358392590928,-33.503480502576245],[-70.57359101926326,-33.50348346173262],[-70.57359398385022,-33.503484407479725],[-70.57359686205541,-33.50348552491633],[-70.573604343655,-33.50348771241008],[-70.57361174907236,-33.50349007484662],[-70.57361481003593,-33.50349077260267],[-70.57361780512133,-33.50349164831474],[-70.57362550663079,-33.50349321092367],[-70.57363315279271,-33.50349495388864],[-70.57363628065397,-33.503495396933836],[-70.57363936377509,-33.503496022487724],[-70.57364721102395,-33.50349694516292],[-70.57365318030615,-33.503497790679745],[-70.573546215862,-33.50351242819428],[-70.57354416681619,-33.50351270754566],[-70.57352247410081,-33.50351658878903],[-70.5735013399413,-33.50352223263212],[-70.57348096787005,-33.50352958472206],[-70.57346155408028,-33.50353857425461],[-70.57344328553675,-33.50354911465618],[-70.57342633817507,-33.50356110441747],[-70.57341087520737,-33.50357442807112],[-70.57339704555062,-33.50358895730364],[-70.5733849823923,-33.503604552191106],[-70.57337480190782,-33.503621062546756],[-70.57336660214168,-33.503638329367284],[-70.57336046206316,-33.50365618636411],[-70.57335644080575,-33.50367446156489],[-70.57335457709769,-33.5036929789696],[-70.57335488888887,-33.50371156024559],[-70.57335737317798,-33.50373002644493],[-70.5733620060413,-33.503748199727895],[-70.57336874286304,-33.50376590507552],[-70.57337751876507,-33.503782971975276],[-70.57338824923157,-33.50379923606315],[-70.57340083092295,-33.503814540706585],[-70.57341514267112,-33.503828738512944],[-70.57343104664632,-33.50384169274901],[-70.57344838968446,-33.503853278657836],[-70.57346700476224,-33.50386338466026],[-70.57348671260571,-33.5038719134294],[-70.57350732341669,-33.50387878282812],[-70.57352863870075,-33.50388392670002],[-70.5735504531789,-33.50388729550648],[-70.57357255676442,-33.50388885680394],[-70.57359473658634,-33.50388859555614],[-70.57361677903948,-33.50388651427913],[-70.57361889448542,-33.503886225874965],[-70.57385680483576,-33.50385366896553],[-70.57385703022966,-33.50385455145437],[-70.57356097285822,-33.503908039961125],[-70.57355894930967,-33.503908404277006],[-70.57353751724203,-33.50391319551252],[-70.57351674894566,-33.50391972355487],[-70.5734968444296,-33.50392792553586],[-70.57347799538442,-33.503937722466425],[-70.57346038333613,-33.50394901999728],[-70.5734441778981,-33.503961709327605],[-70.57342953513746,-33.5039756682528],[-70.57341659607229,-33.503990762341324],[-70.57340548531332,-33.504006846229366],[-70.57339630986394,-33.50402376502083],[-70.57338915808974,-33.504041355778874],[-70.57338409886732,-33.504059449095195],[-70.57338118092103,-33.50407787072151],[-70.57338043235366,-33.504096443247576],[-70.57338186037569,-33.50411498780983],[-70.57338545123586,-33.504133325813854],[-70.57339117035353,-33.50415128065448],[-70.57339896265167,-33.5041686794164],[-70.57340875308718,-33.50418535453964],[-70.57342044737362,-33.50420114543317],[-70.57343393288922,-33.50421590002152],[-70.57344907976139,-33.50422947620936],[-70.57346574211752,-33.50424174325002],[-70.57348375948979,-33.50425258300463],[-70.57350295836055,-33.50426189107988],[-70.57352315383348,-33.504269577833455],[-70.57354415141415,-33.5042755692373],[-70.57356574888327,-33.5042798075906],[-70.5735719628853,-33.50428049838118],[-70.57357097513591,-33.504280905298074],[-70.5735521248816,-33.50429070069776],[-70.57353451145563,-33.504301996798034],[-70.5735183044846,-33.50431468481184],[-70.57350366005045,-33.50432864254723],[-70.57349071918732,-33.50434373558416],[-70.57347960652326,-33.50435981856895],[-70.57347042908006,-33.504376736614184],[-70.57346327524247,-33.504394326790184],[-70.57345821390697,-33.50441241969431],[-70.57345529381827,-33.5044308410822],[-70.57345454309976,-33.504449413545935],[-70.57345596898266,-33.504467958222556],[-70.57345955773633,-33.50448629651652],[-70.57346527480038,-33.50450425181985],[-70.57347306511757,-33.504521651212826],[-70.5734828536639,-33.504538327129396],[-70.5734945461711,-33.504554118970866],[-70.57350803003455,-33.50456887465265],[-70.57352317539754,-33.50458245206887],[-70.57353983640203,-33.50459472046105],[-70.57355785259323,-33.50460556167727],[-70.57357705046482,-33.504614871310196],[-70.57359724513009,-33.50462255970247],[-70.57361824210246,-33.50462855281025],[-70.57363983916844,-33.50463279291636],[-70.5736618283352,-33.50463523918601],[-70.57366661185516,-33.504635374878724],[-70.57366424869896,-33.50463660269801],[-70.57364663435413,-33.50464789786765],[-70.5736304263651,-33.50466058502491],[-70.57361578082363,-33.50467454198612],[-70.57360283877452,-33.504689634338646],[-70.57359172485728,-33.50470571673546],[-70.57358254610568,-33.50472263429475],[-70.57357539091714,-33.50474022409157],[-70.57357032820113,-33.5047583167269],[-70.57356740671564,-33.504776737958956],[-70.57356665459753,-33.50479531038133],[-70.57356807909153,-33.50481385513147],[-70.57357166648029,-33.50483219361311],[-70.57357738221665,-33.5048501492165],[-70.57358517125613,-33.50486754901901],[-70.573594958587,-33.50488422545062],[-70.57360664995275,-33.5049000179077],[-70.5736201327597,-33.50491477429973],[-70.57363527716137,-33.504928352514014],[-70.57365193730894,-33.504940621784364],[-70.57366995275586,-33.5049514639504],[-70.57368915000303,-33.50496077459563],[-70.57370934416973,-33.504968464053015],[-70.57373034077415,-33.5049744582684],[-70.57375193760637,-33.50497869951393],[-70.57377392667584,-33.50498114694384],[-70.57379609621445,-33.50498177698797],[-70.57381823271602,-33.504980583578636],[-70.57384012299258,-33.50497757820915],[-70.57384222597238,-33.50497719989005],[-70.57384271552806,-33.50497711134518],[-70.57411744339073,-33.50492715465756],[-70.5741169857801,-33.50492860233348],[-70.57370759551199,-33.50500616842831],[-70.57370559143094,-33.50500654655535],[-70.57368421640733,-33.50501151423098],[-70.57366352553113,-33.50501821315725],[-70.57364371806581,-33.50502657882028],[-70.57362498476725,-33.50503653065462],[-70.57360750604686,-33.50504797281923],[-70.57359145023393,-33.505060795120365],[-70.57357697195476,-33.505074874072825],[-70.57356421064331,-33.50509007408919],[-70.5735532891985,-33.505106248785474],[-70.57354431280058,-33.50512324239103],[-70.57354214725791,-33.505128745615764],[-70.57353531852883,-33.50512798031556],[-70.57352542646854,-33.505126786999206],[-70.57352428918182,-33.50512674424846],[-70.57352316872635,-33.505126618678126],[-70.57351325082459,-33.50512632931471],[-70.57350326643524,-33.50512595399892],[-70.573502129584,-33.50512600484184],[-70.57350099983623,-33.50512597188033],[-70.5734910958734,-33.50512649829752],[-70.57348111564596,-33.50512694463787],[-70.57347592501115,-33.50512739157191],[-70.5734745400973,-33.50512756870993],[-70.57347315476967,-33.50512764502444],[-70.57346732731979,-33.505128207695584],[-70.57344834841747,-33.50513072900757],[-70.57321364774897,-33.50517054199488],[-70.5732136802165,-33.50517067632184],[-70.57319948224905,-33.50517315458976],[-70.57317831434219,-33.50517871004442],[-70.57315789835731,-33.50518597690908],[-70.57313843091056,-33.5051948852003],[-70.57312009948339,-33.505205349126875],[-70.57310308061699,-33.505217267916],[-70.57308753821218,-33.50523052678381],[-70.57307362195084,-33.50524499804076],[-70.57306146585456,-33.50526054232124],[-70.57305118699377,-33.505277009925855],[-70.57304288436035,-33.50529424226303],[-70.57303663791424,-33.50531207337632],[-70.57303250781334,-33.505330331542595],[-70.57303053383406,-33.50534884092593],[-70.5730307349883,-33.50536742327092],[-70.57303310934019,-33.50538589961934],[-70.57303763402481,-33.505404092033736],[-70.57304426546824,-33.50542182531089],[-70.57305293980713,-33.505438928669335],[-70.57306357350379,-33.50545523739391],[-70.57307606415064,-33.50547059442219],[-70.57309029145638,-33.50548485185706],[-70.57310611840447,-33.505497872391054],[-70.57312339257267,-33.505509530628686],[-70.57314194760096,-33.50551971429428],[-70.57316160479368,-33.505528325312994],[-70.5731821748405,-33.505535280755616],[-70.57320345963954,-33.50554051363702],[-70.57322525420541,-33.50554397356142],[-70.57324734864318,-33.50554562720774],[-70.57326953016997,-33.50554545865034],[-70.57329158516417,-33.50554346951257],[-70.57329370079695,-33.5055431901562],[-70.57330336693205,-33.50554173284589],[-70.57332972106197,-33.50553726233467],[-70.57333830320268,-33.505570891040804],[-70.57333964514557,-33.50557508738834],[-70.57334080411509,-33.505579662792314],[-70.57334125133585,-33.50558108111988],[-70.57340122283578,-33.50579020343334],[-70.57340143031836,-33.50579101650657],[-70.57346723469291,-33.50604516461532],[-70.57346763869684,-33.50604674023511],[-70.5734677317249,-33.50604703239761],[-70.57346779066644,-33.50604732770364],[-70.57353214352443,-33.506294480412436],[-70.57353251992902,-33.50629594838473],[-70.57353251994205,-33.506295948425645],[-70.57353251995023,-33.506295948467454],[-70.57353284836462,-33.5062972292759],[-70.57364154347904,-33.506732128496736],[-70.57364245701835,-33.506735058544365],[-70.57364313716171,-33.50673803280324],[-70.57364645817535,-33.50674948262767],[-70.5736527471661,-33.5067673032606],[-70.5736610909547,-33.506784521682135],[-70.57367140918689,-33.50680097206901],[-70.57368360249318,-33.50681649599449],[-70.5736975534459,-33.50683094395419],[-70.57371312768997,-33.506844176805785],[-70.5737301752369,-33.50685606710904],[-70.57374853190917,-33.506866500353354],[-70.57376802092143,-33.50687537606033],[-70.57378845458305,-33.50688260875161],[-70.57380963610571,-33.50688812877202],[-70.57383136149858,-33.50689188296045],[-70.57385342153296,-33.50689383516185],[-70.57387560375729,-33.506893966575355],[-70.5738976945432,-33.50689227593543],[-70.57391948114305,-33.50688877952397],[-70.57394075373867,-33.50688351101362],[-70.57396130746217,-33.50687652114333],[-70.57398094436903,-33.50686787722983],[-70.57399947534432,-33.50685766251921],[-70.57401672192415,-33.50684597538525],[-70.57403251801426,-33.50683292838203],[-70.5740467114897,-33.506818647159896],[-70.57405916565983,-33.506803269255364],[-70.57406976058478,-33.50678694276659],[-70.5740783942304,-33.50676982492706],[-70.57408498345093,-33.5067520805913],[-70.57408946478982,-33.50673388064726],[-70.5740917950906,-33.50671540037051],[-70.57409195191254,-33.506696817736334],[-70.57408993374678,-33.50667831170563],[-70.5740857600307,-33.506660060501396],[-70.57408329215208,-33.506651552168975],[-70.57397521512537,-33.50621913469243],[-70.57397497144171,-33.50621817217919],[-70.57397451970809,-33.50621641046334],[-70.57397406795423,-33.50621464866463],[-70.57397391615687,-33.5062140612109],[-70.57392723657692,-33.50603478787943],[-70.57394592723148,-33.50600536597024],[-70.57411145561619,-33.50597726180832],[-70.57411320637128,-33.50597696941203],[-70.57411601476754,-33.50597637901471],[-70.57411886687203,-33.50597596076077],[-70.57412095891408,-33.50597556446134],[-70.57440784323698,-33.50592114954231],[-70.57445768538439,-33.50595061783929],[-70.57447658101187,-33.50596065419519],[-70.57449656844503,-33.50596907649413],[-70.57451745186472,-33.50597580222183],[-70.57453902667352,-33.50598076548548],[-70.5745610815002,-33.50598391765939],[-70.57458340027077,-33.50598522786132],[-70.57460576432521,-33.50598468325508],[-70.57462795455987,-33.50598228917632],[-70.57464975357415,-33.505978069080165],[-70.57467094780023,-33.505972064311464],[-70.57469132959572,-33.50596433369981],[-70.57471069927783,-33.50595495298299],[-70.57472886707976,-33.505944014065065],[-70.57474565500983,-33.50593162411598],[-70.57476089859541,-33.50591790452154],[-70.57477444849417,-33.505902989694114],[-70.5747861719572,-33.505887025755925],[-70.57479595412963,-33.50587016910728],[-70.57480369917569,-33.505852584894384],[-70.57480583324322,-33.50584688583427],[-70.57480691274857,-33.505843415023485],[-70.57480823773668,-33.50584001125064],[-70.5748097052048,-33.50583443675525],[-70.57481142629337,-33.50582890313322],[-70.57481209445638,-33.505825360664495],[-70.57481301488963,-33.50582186419849]]]}},{"type":"Feature","properties":{"numpos":"78122","TIPO":"DESCARGO","TENSION":"MT","INCIDENCIA":"DF202671762285","CLITOTAL":"1233","CANTAVISOS":"","FECHA_INICIO":"","FECHA_FIN":"","DESCARGO":"DF202671762285(TP20267213815951)","ESTADODESC":"789","ESTADOINC":" ","CLI_PLAN":"1","FECHA_INIDESC":"04-08-2026 10:00","FECHA_FINDESC":"04-08-2026 17:00","FECHA_REPOSICION":"04-08-2026 17:00","id_alim":"2435"},"geometry":{"type":"Polygon","coordinates":[[[-70.57300815610752,-33.50264386143208],[-70.57298957297364,-33.502654008285994],[-70.57297226647935,-33.502665632243044],[-70.57295640329538,-33.502678621358704],[-70.57294213619286,-33.502692850541266],[-70.57292960257213,-33.5027081827565],[-70.5729189231393,-33.50272447034731],[-70.57291020074398,-33.50274155645575],[-70.57290351938855,-33.50275927653364],[-70.57289894341933,-33.50277745992723],[-70.57289651690667,-33.50279593152073],[-70.57289626322057,-33.50281451342264],[-70.57289818480558,-33.5028330266791],[-70.57290226315716,-33.50285129299715],[-70.57290845899979,-33.502869136461946],[-70.57291671266529,-33.50288638523083],[-70.57292694466732,-33.50290287318826],[-70.57293905646686,-33.502918441545766],[-70.5729529314212,-33.502932940370954],[-70.57296843590716,-33.50294623003166],[-70.57298542060808,-33.502958182540624],[-70.57300372195171,-33.50296868278808],[-70.57302316368555,-33.502977629650374],[-70.57304355857428,-33.5029849369639],[-70.57306471020303,-33.50299053435483],[-70.57308641486883,-33.50299436791691],[-70.5731084635426,-33.50299640073068],[-70.57313064388222,-33.502996613218926],[-70.57315274227747,-33.502995003335315],[-70.57317454590739,-33.502991586584024],[-70.57318141046387,-33.502990215748916],[-70.57318141046717,-33.50299021574811],[-70.57318141047057,-33.50299021574758],[-70.57353620313516,-33.50291936393901],[-70.57375649664387,-33.502876322936686],[-70.57376326193842,-33.50287490859308],[-70.57376326223043,-33.50287490854072],[-70.57393378128668,-33.50283691006327],[-70.57393972965173,-33.50283587043434],[-70.5739413855884,-33.50283550916129],[-70.57394307341853,-33.50283526393477],[-70.5739521218369,-33.50283316685051],[-70.57396119545949,-33.50283118727144],[-70.57396280083772,-33.502830691857326],[-70.5739644521653,-33.502830309141245],[-70.5739732133335,-33.50282747859696],[-70.57398200997875,-33.50282476398166],[-70.57398354937038,-33.502824139245625],[-70.57398514826241,-33.50282362267788],[-70.57413269057719,-33.50276884463362],[-70.5741669187909,-33.50276577866509],[-70.5741758721253,-33.5027646020032],[-70.57418484958535,-33.50276356023033],[-70.5741935317789,-33.502762186037714],[-70.57419942465233,-33.502760999788144],[-70.57420537460668,-33.50276003463294],[-70.57447049689792,-33.5027055988434],[-70.57449175595912,-33.50270029501903],[-70.57451229211179,-33.50269327103098],[-70.57453190758056,-33.502684594524474],[-70.57455041345705,-33.502674349059575],[-70.57456763151902,-33.50266263330619],[-70.57458339594689,-33.502649560094035],[-70.57459755492064,-33.50263525532586],[-70.57460997208192,-33.50261985676496],[-70.57462052784722,-33.5026035127084],[-70.57462912055958,-33.502586380558846],[-70.57463566746749,-33.50256862530865],[-70.5746401055218,-33.50255041795086],[-70.57464239198295,-33.50253193383248],[-70.5746425048324,-33.50251335096574],[-70.57464044298474,-33.50249484831377],[-70.57463622629811,-33.5024766040671],[-70.5746298953827,-33.502458793927524],[-70.57462151120987,-33.5024415894161],[-70.57461115452475,-33.50242515622122],[-70.57459892506859,-33.50240965260303],[-70.57458494061825,-33.50239522786934],[-70.5745693358519,-33.50238202093761],[-70.57455226105189,-33.50237015899729],[-70.57453388065761,-33.50235975628474],[-70.57451437168173,-33.50235091298327],[-70.57449392200554,-33.50234371425825],[-70.57447272856959,-33.502338229436965],[-70.57445099547712,-33.50233451134094],[-70.57442893202834,-33.50233259577728],[-70.574406750705,-33.50233250119385],[-70.57438466512393,-33.502334228501546],[-70.57436288798002,-33.50233776106563],[-70.57410732535556,-33.502390233999876],[-70.57404943816424,-33.50239541918648],[-70.57402633618415,-33.50239850856352],[-70.57400373910201,-33.50240358188005],[-70.57398188898695,-33.50241058478865],[-70.57390147548084,-33.50244043994204],[-70.57389858016178,-33.50244013065039],[-70.57387640762387,-33.5024395982845],[-70.57385427956663,-33.502440889194055],[-70.57383240909395,-33.50244399094704],[-70.57381100682916,-33.50244887367209],[-70.57379027888662,-33.50245549034623],[-70.57377042488669,-33.502463777247684],[-70.57375163603349,-33.502473654569506],[-70.57373409327336,-33.50248502718831],[-70.57372619482685,-33.502491275528435],[-70.5736504270937,-33.502508159766386],[-70.57343289245998,-33.5025506616994],[-70.5734323555966,-33.502550790158715],[-70.57343181739735,-33.50255087449915],[-70.57307658918774,-33.50262181322703],[-70.5730765891877,-33.502621813227044],[-70.57306972466492,-33.502623184054286],[-70.57304842586218,-33.50262837474404],[-70.57302783691576,-33.50263528940046],[-70.57300815610752,-33.50264386143208]]]}},{"type":"Feature","properties":{"numpos":"84902","TIPO":"DESCARGO","TENSION":"MT","INCIDENCIA":"DF202671762285","CLITOTAL":"1233","CANTAVISOS":"","FECHA_INICIO":"","FECHA_FIN":"","DESCARGO":"DF202671762285(TP20267213815951)","ESTADODESC":"789","ESTADOINC":" ","CLI_PLAN":"1","FECHA_INIDESC":"04-08-2026 10:00","FECHA_FINDESC":"04-08-2026 17:00","FECHA_REPOSICION":"04-08-2026 17:00","id_alim":"2435"},"geometry":{"type":"Polygon","coordinates":[[[-70.57405855258135,-33.50276863100336],[-70.57408073279268,-33.50276841394514],[-70.57410278080386,-33.50276637658915],[-70.57412448427912,-33.502762538556404],[-70.57414563420093,-33.502756936809526],[-70.5741660268828,-33.50274962529675],[-70.5741854659312,-33.50274067443244],[-70.57420376413673,-33.50273017041873],[-70.5742207452772,-33.50271821441564],[-70.57423624581479,-33.50270492156655],[-70.57425011647088,-33.50269041988945],[-70.57426222366385,-33.50267484904396],[-70.57427245079543,-33.50265835898635],[-70.57428069937357,-33.50264110852533],[-70.574286889961,-33.50262326379266],[-70.57429096294018,-33.50260499664311],[-70.57429287908741,-33.50258648299952],[-70.57429261995051,-33.5025679011584],[-70.57429018802651,-33.502549430073074],[-70.57428560673752,-33.502531247629946],[-70.57427892020509,-33.50251352893565],[-70.5742701928253,-33.50249644463053],[-70.57425950864851,-33.50248015924534],[-70.57424816010732,-33.5024662839999],[-70.57427957953077,-33.50246083361189],[-70.57432515481149,-33.50248257831892],[-70.57433231207878,-33.50248561367004],[-70.57433937876593,-33.50248881525751],[-70.57434220970403,-33.502489811188354],[-70.57434494522052,-33.502490971302855],[-70.57435242346328,-33.50249340441283],[-70.57435983038224,-33.502496010183535],[-70.57436276408399,-33.5024967688208],[-70.57436562229677,-33.50249769876419],[-70.57437334957046,-33.502499506162],[-70.57438102531135,-33.50250149106034],[-70.57438403349596,-33.50250200511533],[-70.57438698690767,-33.502502695913485],[-70.57439488886371,-33.502503860139086],[-70.57440275943337,-33.50250520510381],[-70.57440581310556,-33.50250546964883],[-70.57440883329916,-33.502505914625154],[-70.57441683389759,-33.50250642439883],[-70.57442482343549,-33.50250711654549],[-70.574427893166,-33.502507129060746],[-70.57443095107716,-33.502507323901064],[-70.57443897331582,-33.50250717423376],[-70.57444700482795,-33.502507206977064],[-70.57445006103791,-33.50250696737422],[-70.574453127234,-33.50250691016915],[-70.57446109388778,-33.50250610241265],[-70.57446908999042,-33.502505475527656],[-70.57447210323743,-33.50250498614972],[-70.57447514819982,-33.502504677413874],[-70.57448298256152,-33.50250321925067],[-70.57449086622935,-33.50250193887223],[-70.57449380749149,-33.50250120446988],[-70.57449680189934,-33.502500647138085],[-70.57450442851832,-33.50249855250997],[-70.5745121238264,-33.502496631070954],[-70.57451496478184,-33.502495658755755],[-70.57451787979433,-33.502494858155835],[-70.57452522520187,-33.5024921471328],[-70.57453265805815,-33.502489603241216],[-70.57453537135848,-33.50248840241589],[-70.57453817889206,-33.502487366218546],[-70.57454517230865,-33.50248406480864],[-70.57455227116775,-33.5024809230653],[-70.57455483070108,-33.50247950533196],[-70.57455750370022,-33.50247824347813],[-70.57456407771862,-33.502474383379884],[-70.57457077426949,-33.50247067413848],[-70.57457315541129,-33.502469053185905],[-70.57457566810969,-33.502467577792075],[-70.57458175934514,-33.502463196092116],[-70.57458798916792,-33.50245895516414],[-70.57459016901777,-33.502457146634704],[-70.57459249718679,-33.502455471877305],[-70.57459804688956,-33.50245061069593],[-70.57460375007388,-33.502445879002956],[-70.57460570767495,-33.50244390034119],[-70.57460782885818,-33.502442042320986],[-70.57461278348224,-33.5024367484084],[-70.57461790520128,-33.502431571586065],[-70.57461962174108,-33.502429441869914],[-70.57462151547159,-33.50242741845766],[-70.57462582719329,-33.502421742745476],[-70.57463031822881,-33.50241617070229],[-70.57463177721905,-33.5024139104589],[-70.57463342521784,-33.50241174112368],[-70.5746370523999,-33.50240573823554],[-70.5746408696128,-33.502399824671066],[-70.57464205704697,-33.502397455678604],[-70.57464344340019,-33.50239516130081],[-70.57464635099618,-33.50238888902715],[-70.57464945773845,-33.50238269091409],[-70.57465036222516,-33.50238023599201],[-70.57465147353894,-33.50237783866231],[-70.57465363343464,-33.50237135740347],[-70.5746559998984,-33.502364934439164],[-70.57465661276977,-33.50236241722855],[-70.57465743830046,-33.502359940034964],[-70.57465882958822,-33.50235331221895],[-70.57466043308929,-33.50234672625115],[-70.574660748483,-33.50234417098737],[-70.57466128024215,-33.5023416377926],[-70.57466188942551,-33.50233492727278],[-70.57466271461834,-33.502328241705044],[-70.57466272953288,-33.50232567298494],[-70.57466296236527,-33.502323108195995],[-70.57466278349204,-33.502316379634095],[-70.57466282251455,-33.5023096588172],[-70.57466253683704,-33.50230710136301],[-70.57466246847143,-33.502304529695365],[-70.57466150319367,-33.502297847936774],[-70.57466075574024,-33.50229115655094],[-70.57466017224657,-33.502288634973105],[-70.57465980331851,-33.5022860812117],[-70.57465806087842,-33.502279510658326],[-70.5746565342009,-33.502272913093066],[-70.57457558331134,-33.50199646774881],[-70.57457523274928,-33.501995287012754],[-70.57457523206021,-33.50199528413632],[-70.57456838260116,-33.501972527679605],[-70.57456838193345,-33.501972525845936],[-70.57449346534803,-33.50172358217021],[-70.57449345924805,-33.501723565415936],[-70.57449345513383,-33.501723548242076],[-70.5744899160904,-33.501711797317284],[-70.5744891796512,-33.50170941731791],[-70.57448917964327,-33.501709417286825],[-70.57448917957889,-33.50170941708424],[-70.57448917957883,-33.50170941708405],[-70.5744891792612,-33.50170941608428],[-70.57441586421861,-33.501478655688004],[-70.57441349357106,-33.501470634362676],[-70.57441349032065,-33.50147062529714],[-70.57441348814542,-33.5014706160085],[-70.57434397167827,-33.5012354999294],[-70.57427962837683,-33.50101445899205],[-70.57427914578203,-33.50101309561926],[-70.57427880004354,-33.501011703371944],[-70.57420206964986,-33.50076429702671],[-70.57420179769889,-33.50076356899977],[-70.57420160506412,-33.50076282342141],[-70.57412652580065,-33.50052850444922],[-70.57406639953767,-33.500334116481156],[-70.57402381649632,-33.50019466402308],[-70.57402337748503,-33.500193473095486],[-70.57402306092938,-33.50019225581873],[-70.57402010662203,-33.500184600062866],[-70.57401727124069,-33.50017690838133],[-70.57401669498462,-33.50017575918554],[-70.57401623755894,-33.50017457381782],[-70.57401240196698,-33.50016719785553],[-70.57400868019121,-33.500159775720306],[-70.57400797222935,-33.50015867933085],[-70.57400737834953,-33.50015753728122],[-70.57400269847506,-33.50015051209812],[-70.57399812608527,-33.50014343103642],[-70.573997293227,-33.500142398020394],[-70.57399656862117,-33.50014131027961],[-70.57399108958404,-33.50013470347788],[-70.57398571056548,-33.50012803173745],[-70.57398476082496,-33.50012707205209],[-70.57398391247808,-33.50012604908743],[-70.57397768708076,-33.50011992423721],[-70.5739715532005,-33.500113726126465],[-70.57397049571973,-33.50011284902318],[-70.57396953180627,-33.50011190067769],[-70.57396262002443,-33.50010631670673],[-70.57396167482031,-33.50010553272857],[-70.57397668714884,-33.500095962604],[-70.57399293759624,-33.500083314385364],[-70.57400763001684,-33.50006939261437],[-70.57402062291477,-33.500054331365895],[-70.57403179116186,-33.500038275688496],[-70.57404102720247,-33.500021380207635],[-70.57404824208945,-33.50000380763642],[-70.57405336634059,-33.49998572720862],[-70.57405635060785,-33.499967313048906],[-70.57405716615246,-33.499948742495775],[-70.57405580512163,-33.499930194393826],[-70.57405228062423,-33.49991184737131],[-70.57404662660439,-33.49989387811986],[-70.57403889751461,-33.49987645969289],[-70.57402916779125,-33.49985975983892],[-70.57401753113771,-33.49984393938627],[-70.5740040996219,-33.499829150693934],[-70.57398900259697,-33.4998155361846],[-70.57397238545558,-33.49980322697281],[-70.57395440822965,-33.499792341602486],[-70.57393524404927,-33.49978298490514],[-70.57391507747516,-33.49977524699039],[-70.5738941027216,-33.49976920237822],[-70.57387252178573,-33.49976490928117],[-70.57385054250257,-33.49976240904393],[-70.5738283765432,-33.49976172574502],[-70.5738062373766,-33.499762865965],[-70.57378433821363,-33.499765818723],[-70.57377692840102,-33.49976713318674],[-70.57377692839782,-33.49976713318744],[-70.57377692839465,-33.49976713318786],[-70.57343680174124,-33.49982746944859],[-70.57296980281619,-33.49990720806897],[-70.57263985749302,-33.499959255039705],[-70.57235067017116,-33.50000220469975],[-70.57232904594018,-33.50000634231618],[-70.5723080099108,-33.500012235747064],[-70.57228776467038,-33.50001982823569],[-70.57226850519078,-33.50002904666279],[-70.57225041695065,-33.500039802250335],[-70.5722336741492,-33.50005199141671],[-70.57221843802864,-33.500065496774134],[-70.57220485532125,-33.50008018825924],[-70.57219305683633,-33.50009592438553],[-70.57218315620038,-33.500112553605966],[-70.5721752487628,-33.50012991577257],[-70.57216941067762,-33.50014784367846],[-70.57216569817002,-33.50016616466842],[-70.57216414699481,-33.50018470230143],[-70.57216477209201,-33.500203278049995],[-70.57216756744299,-33.50022171301943],[-70.57217250612834,-33.50023982967072],[-70.57217954058703,-33.50025745353029],[-70.57218860307448,-33.5002744148704],[-70.57219960631485,-33.50029055034362],[-70.57221244434159,-33.50030570455598],[-70.57222699351792,-33.50031973156361],[-70.57224311372744,-33.50033249627815],[-70.57226064972359,-33.50034387576784],[-70.57227943262477,-33.50035376044148],[-70.57229928154071,-33.500362055103714],[-70.57232000531464,-33.500368679872],[-70.5723414043642,-33.500373570945854],[-70.57236327260361,-33.500376681221276],[-70.5723853994285,-33.50037798074445],[-70.57240757174401,-33.50037745700026],[-70.57242957601727,-33.50037511503271],[-70.57244288088133,-33.50037313902839],[-70.57244261760063,-33.500373499095964],[-70.57243865064916,-33.50037852615463],[-70.57243682742737,-33.500381417843805],[-70.57243478835316,-33.500384206518945],[-70.57243165018924,-33.50038962911107],[-70.57242829047856,-33.500394957720076],[-70.57242681434826,-33.50039798520383],[-70.57242511135284,-33.50040092789483],[-70.57242262271454,-33.50040658207453],[-70.57241990260074,-33.50041216091667],[-70.57241878777809,-33.50041529503867],[-70.57241743726237,-33.500418363405934],[-70.57241562211696,-33.500424194720566],[-70.57241356779659,-33.50042997006854],[-70.5723829922592,-33.50053440170276],[-70.57238299225844,-33.50053440170599],[-70.57238299225729,-33.50053440170918],[-70.57238041274618,-33.50054321209443],[-70.57237619201376,-33.50056145568906],[-70.57237412601576,-33.50057995803222],[-70.57237423465021,-33.50059854093627],[-70.57237651687232,-33.50061702543767],[-70.5723809507044,-33.50063523352041],[-70.57238749344747,-33.50065298983044],[-70.57239608209244,-33.50067012336439],[-70.57240663392692,-33.50068646911657],[-70.5724190473317,-33.500701869667935],[-70.57243320275938,-33.5007161767022],[-70.57244896388565,-33.500729252434226],[-70.57246617892223,-33.500740970937],[-70.57248468207851,-33.50075121935441],[-70.57249035172211,-33.5007537284167],[-70.57248849146092,-33.500755856137],[-70.57248603638814,-33.500759334478715],[-70.57248335475434,-33.50076269335095],[-70.57248039467746,-33.50076732764091],[-70.57247720135196,-33.50077185193607],[-70.57247516505015,-33.50077551513275],[-70.57247288930091,-33.50077907803971],[-70.57247048566722,-33.500783933087945],[-70.5724678370392,-33.50078869782486],[-70.57246623911928,-33.500792510597904],[-70.57246439117145,-33.50079624322703],[-70.57246256712955,-33.50080127227696],[-70.57246048870702,-33.50080623156864],[-70.57245934455804,-33.50081015719911],[-70.57245794220862,-33.50081402360317],[-70.57245671532534,-33.50081917822231],[-70.57245522712498,-33.500824284308194],[-70.57245454776597,-33.50082828499018],[-70.57245360452063,-33.50083224793364],[-70.57245298661188,-33.50083747848032],[-70.57245210296624,-33.50084268218604],[-70.57245189494013,-33.50084671939078],[-70.5724514198831,-33.50085074070843],[-70.57245141690008,-33.50085599680959],[-70.57245114631951,-33.50086124802067],[-70.57245141162998,-33.50086528286771],[-70.57245140933664,-33.500869323831985],[-70.57245202130848,-33.50087455486852],[-70.5724523663992,-33.50087980301292],[-70.5724531024915,-33.500883796644466],[-70.5724535729842,-33.50088781833869],[-70.57245479401767,-33.50089297393282],[-70.57245575145669,-33.500898168468],[-70.5724569512421,-33.50090208242314],[-70.57245788999008,-33.50090604611618],[-70.572545937338,-33.50120112542821],[-70.5725462756961,-33.50120206150309],[-70.5725465147132,-33.501203018839924],[-70.57254834104073,-33.50120888168091],[-70.57262526054292,-33.50148058358034],[-70.57262809078644,-33.501488768872946],[-70.57263084141063,-33.50149697319396],[-70.57263117611329,-33.50149769188519],[-70.57263143232774,-33.50149843287781],[-70.57263520659389,-33.501506346345344],[-70.57263890385056,-33.50151428528784],[-70.57263932102597,-33.50151497303368],[-70.5726396627003,-33.50151568941871],[-70.57264434464133,-33.50152325485009],[-70.57264895292428,-33.501530851957384],[-70.57264944855484,-33.50153150213442],[-70.57264987239857,-33.50153218701265],[-70.57265541692519,-33.50153933154832],[-70.5726608918545,-33.50154651365601],[-70.57266146116707,-33.50154712000266],[-70.57266196309835,-33.50154776677832],[-70.57266831681396,-33.50155442161224],[-70.57267460566334,-33.50156111955245],[-70.5726752431751,-33.50156167622924],[-70.57267581836014,-33.50156227867351],[-70.57268292007493,-33.50156837971561],[-70.57268996227958,-33.50157452898336],[-70.57269066185104,-33.50157503062921],[-70.57269130475039,-33.50157558294015],[-70.57269908607105,-33.501581071433904],[-70.57270214107209,-33.501583262101],[-70.57269730463537,-33.50159493620834],[-70.57269212048853,-33.501613004671064],[-70.57268907525113,-33.50163141183366],[-70.57268819825184,-33.50164998042522],[-70.57268949793801,-33.501668531620034],[-70.57269296179433,-33.50168688675988],[-70.57269855646331,-33.50170486907448],[-70.57270622806638,-33.50172230538401],[-70.57271590272285,-33.50173902776691],[-70.57272748726132,-33.501754875176935],[-70.57274087011692,-33.50176969499442],[-70.57275592240578,-33.50178334449582],[-70.57277249916618,-33.50179569222838],[-70.57279044075467,-33.501806619276145],[-70.57280957438347,-33.501816020405116],[-70.57282971578451,-33.50182380507684],[-70.57286849197499,-33.50183689940423],[-70.57283615019638,-33.501861943868796],[-70.57282061959555,-33.501875211957035],[-70.57280671609944,-33.501889691470645],[-70.57279457360667,-33.501905242964526],[-70.57278430905666,-33.50192171666978],[-70.57277602130351,-33.5019389539361],[-70.57276979016383,-33.50195678875955],[-70.57276567564809,-33.501975049381315],[-70.57276371738264,-33.50199355994177],[-70.57276393422804,-33.50201214217419],[-70.57276632409732,-33.50203061712146],[-70.57277086397609,-33.50204880685957],[-70.57277751014408,-33.50206653621111],[-70.57278619859619,-33.50208363443241],[-70.57279684565879,-33.502099936857796],[-70.57280934879556,-33.50211528648548],[-70.57282358759493,-33.50212953548962],[-70.57283942492965,-33.50214254664395],[-70.57285670827747,-33.50215419464335],[-70.57287527118997,-33.5021643673107],[-70.57289493489553,-33.502172966677094],[-70.57289544143931,-33.50217313761458],[-70.57289496752178,-33.50217388503427],[-70.57289199803914,-33.50217808322634],[-70.57288976766988,-33.50218208576752],[-70.57288729416896,-33.50218598674751],[-70.57288507893372,-33.50219050000516],[-70.57288261492624,-33.50219492182386],[-70.57288086358272,-33.50219908824074],[-70.57287885839588,-33.50220317355044],[-70.57287718186603,-33.502207846981754],[-70.5728752470637,-33.50221244984264],[-70.57287399161255,-33.50221674001047],[-70.5728724740511,-33.50222097030618],[-70.57287135237283,-33.50222575890354],[-70.5728699654092,-33.50223049847867],[-70.5728692179414,-33.502234871080766],[-70.57286820262055,-33.502239205622516],[-70.57286764659653,-33.50224406326927],[-70.57286682082913,-33.50224889391389],[-70.57286658854353,-33.50225330683975],[-70.5728660852417,-33.50225770388362],[-70.57286610022717,-33.50226258379792],[-70.57286584360895,-33.50226745899036],[-70.5728661287429,-33.50227186974114],[-70.57286614230748,-33.50227628694115],[-70.57286672815846,-33.50228114212674],[-70.57286704316115,-33.50228601491627],[-70.57286784296902,-33.502290381014],[-70.57286837326971,-33.50229477583006],[-70.57286952434448,-33.502299559528836],[-70.57287040793481,-33.502304382987745],[-70.5728717147143,-33.50230866238451],[-70.57287275664433,-33.502312992492115],[-70.57295801311531,-33.50259505684545],[-70.57296003390691,-33.502600586498396],[-70.57296181027792,-33.50260618008736],[-70.57296328030289,-33.50260946986851],[-70.57296450673002,-33.50261282583759],[-70.57296716484379,-33.50261816311377],[-70.57296958701086,-33.502623583699915],[-70.57297143478728,-33.502626736811294],[-70.57297304801443,-33.50262997603909],[-70.57297631790894,-33.5026350695425],[-70.57297936248698,-33.502640264917055],[-70.5729815701841,-33.50264325099198],[-70.5729835547123,-33.50264634228372],[-70.57298740495786,-33.50265114295732],[-70.5729910425639,-33.50265606308905],[-70.57299358888311,-33.502658853374975],[-70.57299592563906,-33.50266176695508],[-70.57300031921844,-33.50266622855281],[-70.57300451475665,-33.50267082607034],[-70.5730073751379,-33.502673393705834],[-70.57301004165643,-33.50267610150461],[-70.57301493631907,-33.502680181036624],[-70.573019649321,-33.50268441168478],[-70.57302279618065,-33.50268673195817],[-70.57302576681967,-33.50268920788219],[-70.57303111548646,-33.50269286602923],[-70.57303630050282,-33.50269668909491],[-70.5730397035005,-33.50269873968207],[-70.5730429496868,-33.50270095986569],[-70.57304870090145,-33.50270416135827],[-70.57305430794194,-33.502707540061984],[-70.573057934274,-33.502709301240785],[-70.57306142477707,-33.50271124427648],[-70.57306752319974,-33.502713958235624],[-70.5730734982164,-33.50271686008474],[-70.57307731293281,-33.50271831492438],[-70.57308101416469,-33.502719962069605],[-70.57308740110378,-33.50272216230548],[-70.5730936865126,-33.502724559405735],[-70.5730976528543,-33.50272569392886],[-70.57310152919236,-33.50272702928746],[-70.57310814316777,-33.50272869455291],[-70.57311467840529,-33.50273056387597],[-70.57311875815931,-33.502731367192546],[-70.57312277228807,-33.502732377868504],[-70.57312954962292,-33.502733492065424],[-70.57313627172992,-33.50273481566874],[-70.5731404255972,-33.50273528007968],[-70.57314453886805,-33.50273595630269],[-70.57315141430146,-33.502736508638826],[-70.57315825852972,-33.50273727383675],[-70.57316244650434,-33.502737394907136],[-70.57316661930693,-33.50273773012758],[-70.57317352662193,-33.50273771522221],[-70.57318042705842,-33.50273791470638],[-70.57318460881255,-33.502737691307026],[-70.57318880095663,-33.50273768226018],[-70.57319567361849,-33.50273710019779],[-70.57320256381959,-33.502736732105745],[-70.57320669909171,-33.502736166422906],[-70.57321087019433,-33.502735813161536],[-70.57321764199234,-33.50273466949266],[-70.57322445562275,-33.50273373742399],[-70.57322850460437,-33.50273283493752],[-70.5732326144799,-33.502732140832244],[-70.57323922016604,-33.50273044652158],[-70.57324589163655,-33.50272895950178],[-70.57324981535544,-33.502727728931326],[-70.57325382440268,-33.5027267006391],[-70.57326020032112,-33.50272447196122],[-70.57326666541928,-33.502722444353466],[-70.57327042611352,-33.502720897573724],[-70.57327429569841,-33.502719544974504],[-70.57328038040046,-33.50271680335831],[-70.57328657690702,-33.50271425472386],[-70.57329013838756,-33.50271240664979],[-70.57329383121638,-33.50271074275182],[-70.57329956605462,-33.50270751457474],[-70.57330543434051,-33.50270446948407],[-70.57330876233833,-33.502702337926856],[-70.57331224281815,-33.502700378741814],[-70.57331757251309,-33.50269669507618],[-70.57332305611173,-33.50269318287184],[-70.57332611860674,-33.50269078836716],[-70.57332935318941,-33.50268855275608],[-70.57333422636376,-33.502684449070294],[-70.57333927251307,-33.502680503583974],[-70.57334204004134,-33.50267786919421],[-70.57334499754778,-33.50267537868589],[-70.57334936722377,-33.50267089450216],[-70.5733539273717,-33.502666553729505],[-70.5733563733075,-33.502663704822126],[-70.57335902522954,-33.50266098340534],[-70.57336284928321,-33.50265616191862],[-70.57336687955353,-33.502651467653756],[-70.57337112314372,-33.502645975123755],[-70.57349272210524,-33.5026252429567],[-70.57349234742898,-33.502626014858336],[-70.57348604600551,-33.50264383234712],[-70.57348185953299,-33.50266208148491],[-70.57347982833075,-33.5026805865228],[-70.57347997196175,-33.502699169247215],[-70.57348228904414,-33.50271765069628],[-70.57348675726446,-33.5027358528834],[-70.57349333359264,-33.50275360051126],[-70.5735019546961,-33.502770722660195],[-70.57351253754985,-33.5027870544341],[-70.57352498023594,-33.50280243854854],[-70.57353916292499,-33.50281672684554],[-70.57355494903014,-33.50282978172043],[-70.57357218652251,-33.50284147744706],[-70.57359070939529,-33.50285170138859],[-70.57361033926247,-33.50286035508243],[-70.57363088707692,-33.50286735518827],[-70.57365215495089,-33.5028726342909],[-70.57367393806196,-33.50287614154942],[-70.57369602662551,-33.50287784318685],[-70.57371820791526,-33.5028777228154],[-70.57374026831187,-33.50287578159435],[-70.5737619953603,-33.50287203821891],[-70.57378317981593,-33.502866528740064],[-70.5738036176598,-33.50285930621749],[-70.57382311206332,-33.50285044020846],[-70.57384147528403,-33.50284001609798],[-70.5738585304736,-33.50282813427651],[-70.573874113381,-33.502814909173026],[-70.57388807393443,-33.50280046815308],[-70.57390027768643,-33.50278495029217],[-70.57391060710881,-33.502768505036265],[-70.57393144789025,-33.50273096209742],[-70.57393448846761,-33.50273280557955],[-70.57395307456224,-33.502742948640275],[-70.5739727578824,-33.50275151664932],[-70.57399334886617,-33.5027584270916],[-70.57401464921001,-33.50276361341543],[-70.57403645377883,-33.50276702567335],[-70.57405855258135,-33.50276863100336]],[[-70.57287922060989,-33.50063209931465],[-70.57287896177722,-33.500632154459794],[-70.57287869783468,-33.50063218860671],[-70.57281606563475,-33.500642950934726],[-70.57281761678554,-33.50063859010372],[-70.57285889144357,-33.50063205845539],[-70.57286076256334,-33.5006316818473],[-70.5728626639678,-33.50063143356706],[-70.57300608598916,-33.50060661282472],[-70.57300709623699,-33.50061038924999],[-70.57287922060989,-33.50063209931465]]]}},{"type":"Feature","properties":{"numpos":"93611","TIPO":"DESCARGO","TENSION":"MT","INCIDENCIA":"DF202671762285","CLITOTAL":"1233","CANTAVISOS":"","FECHA_INICIO":"","FECHA_FIN":"","DESCARGO":"DF202671762285(TP20267213815951)","ESTADODESC":"789","ESTADOINC":" ","CLI_PLAN":"1","FECHA_INIDESC":"04-08-2026 10:00","FECHA_FINDESC":"04-08-2026 17:00","FECHA_REPOSICION":"04-08-2026 17:00","id_alim":"2435"},"geometry":{"type":"Polygon","coordinates":[[[-70.57253162845767,-33.5031281278128],[-70.57263294669342,-33.50310663245402],[-70.57263319022715,-33.50310661391381],[-70.57265497788514,-33.50310312624728],[-70.57267625257502,-33.503097866273876],[-70.57268337000748,-33.50309544901329],[-70.5727682463192,-33.50307591860176],[-70.57276848959074,-33.503075862501454],[-70.5728529555827,-33.5030563414628],[-70.57285896899474,-33.50305470057019],[-70.57286404745408,-33.503053519678225],[-70.57286796933526,-33.50305224462736],[-70.57287259497609,-33.503050982418195],[-70.57287943701043,-33.50304851634693],[-70.57288499221981,-33.50304671028044],[-70.57288802354375,-33.50304542150598],[-70.57289156843467,-33.50304414382205],[-70.57289569536802,-33.50304226533836],[-70.57290267702892,-33.50303953183754],[-70.57292175526459,-33.503030051648444],[-70.57293963246097,-33.50301905049259],[-70.5729561364505,-33.50300663431765],[-70.57297110829066,-33.50299292269877],[-70.57298440379459,-33.502978047686916],[-70.57299589491979,-33.502962152537116],[-70.57309399393309,-33.502810083923066],[-70.57310040426312,-33.50280300195982],[-70.57310710364212,-33.50279560119168],[-70.57310710568473,-33.502795598404724],[-70.57310710804342,-33.50279559579889],[-70.57311290896118,-33.50278768037485],[-70.57311871025091,-33.502779765054036],[-70.5731187119576,-33.50277976211279],[-70.57311871400009,-33.50277975932581],[-70.57312356090537,-33.50277140564961],[-70.573128408168,-33.50276305208876],[-70.57312840952234,-33.50276304902152],[-70.57312841122892,-33.50276304608022],[-70.57313225742286,-33.502754334636464],[-70.573136103998,-33.502745623251215],[-70.57313610498697,-33.50274562008753],[-70.57313610634121,-33.502745617020274],[-70.57313891480487,-33.502736631647394],[-70.57314172362696,-33.502727646391],[-70.57314172424101,-33.50272764316139],[-70.57314172522986,-33.50272763999767],[-70.57314346889781,-33.50271846727254],[-70.57314521293601,-33.50270929463538],[-70.57314521316927,-33.50270929137086],[-70.57314521378319,-33.50270928814121],[-70.57314587586221,-33.5027000164193],[-70.57314653832255,-33.50269074472192],[-70.57314653817272,-33.50269074145396],[-70.57314653840585,-33.50269073818945],[-70.57314611252363,-33.5026814567492],[-70.57314568702375,-33.50267217529645],[-70.5731456864923,-33.502672172056535],[-70.57314568634236,-33.5026721687886],[-70.5731441765978,-33.502662966991224],[-70.57314266723947,-33.50265376519259],[-70.57314266633153,-33.502653762011924],[-70.57314266579996,-33.50265375877201],[-70.57314008673033,-33.5026447252432],[-70.57313750805322,-33.502635691709514],[-70.57313750677751,-33.502635688618724],[-70.57313750586944,-33.502635685438065],[-70.57313388232261,-33.50262690720683],[-70.57313025915198,-33.502618128904466],[-70.5731302575208,-33.502618125933324],[-70.57313025624498,-33.50261812284255],[-70.57312562313048,-33.50260968446177],[-70.5731234118969,-33.502605656732726],[-70.57305238251051,-33.50236271046641],[-70.57305190694787,-33.50236111391688],[-70.57295494262223,-33.50204150364238],[-70.57295477889369,-33.502040967249826],[-70.57288502702443,-33.50181383573302],[-70.5728871162495,-33.50180204930415],[-70.57288820823177,-33.50178348871599],[-70.57288712342675,-33.50176492783241],[-70.57288387228313,-33.501746545404735],[-70.5728784861125,-33.50172851846561],[-70.57287484520627,-33.50171998918146],[-70.57287422932674,-33.50171817686545],[-70.57287253129401,-33.501714568547776],[-70.5728710167878,-33.501711020623986],[-70.57287008287982,-33.50170936566976],[-70.57286609376132,-33.501700888795014],[-70.57285597472767,-33.501684352034715],[-70.5728439696784,-33.50166872584211],[-70.57283873071759,-33.50166318655489],[-70.57277265831709,-33.501439778798016],[-70.57277215322972,-33.50143810373421],[-70.57270860906513,-33.50123134294944],[-70.57270860194183,-33.50123128745559],[-70.57270742771395,-33.50122656327565],[-70.57270652095109,-33.50122179792825],[-70.57270516809315,-33.50121747231686],[-70.57270407997906,-33.50121309459023],[-70.57270235869575,-33.50120848958245],[-70.57270089877312,-33.50120382164202],[-70.57269904635095,-33.501199627952126],[-70.57269757273123,-33.50119568552584],[-70.57259251751219,-33.50085896136046],[-70.57258586195348,-33.500841234501415],[-70.57257716448343,-33.50082413953809],[-70.57256650886437,-33.50080784110388],[-70.57255399771645,-33.50079249616111],[-70.5725397515293,-33.50077825248944],[-70.57252390750173,-33.50076524726262],[-70.57250661822025,-33.50075360572753],[-70.57248805018979,-33.50074343999796],[-70.57246838223003,-33.500734847974925],[-70.5724478037533,-33.50072791240388],[-70.57242651294061,-33.50072270007778],[-70.57240471483289,-33.500719261193886],[-70.57238261935649,-33.5007176288704],[-70.57236043930159,-33.500717818827376],[-70.57233838827287,-33.50071982923551],[-70.57231667863238,-33.50072364073365],[-70.57229551945463,-33.50072921661522],[-70.57227511451295,-33.5007365031818],[-70.57225566031714,-33.500745430260196],[-70.57223734422102,-33.500755911878336],[-70.57222034261817,-33.500767847093],[-70.57220481924313,-33.50078112096213],[-70.57219092359453,-33.500795605651675],[-70.57217878949545,-33.500811161666725],[-70.57216853380444,-33.50082763919486],[-70.57216025529034,-33.50084487954893],[-70.5721540336807,-33.50086271669523],[-70.5721499288943,-33.50088097885262],[-70.57214798046374,-33.50089949014668],[-70.57214820715488,-33.500918072303584],[-70.57215060678591,-33.50093654636699],[-70.57215515624844,-33.500954734421356],[-70.57220313208869,-33.50110850993571],[-70.57185197532881,-33.501178854343955],[-70.57185197532881,-33.50117885434395],[-70.57184340233903,-33.50118057168822],[-70.57184296381764,-33.50118067884011],[-70.57184251250791,-33.501180751424194],[-70.57149236528338,-33.50125214959434],[-70.57148557085557,-33.501253534880476],[-70.5714844387456,-33.50125370486006],[-70.57148259245321,-33.50125414213378],[-70.57148175700756,-33.501254312469094],[-70.57147929218637,-33.50125492376501],[-70.57146309391251,-33.50125876014323],[-70.57146084614945,-33.501259498532015],[-70.57146048801906,-33.501259587351235],[-70.571458075602,-33.50126040865508],[-70.57144244330574,-33.501265543852874],[-70.5714402981254,-33.501266460968964],[-70.57143993858377,-33.50126658337432],[-70.5714375437711,-33.501267638521504],[-70.5714226858009,-33.50127399065855],[-70.57142067156903,-33.50127507236042],[-70.57142030660303,-33.50127523316325],[-70.5714179054745,-33.50127655783461],[-70.57140401167281,-33.501284019213436],[-70.57140215368034,-33.5012852478923],[-70.57140178114284,-33.50128545341631],[-70.57139936395883,-33.5012870927177],[-70.57138660076298,-33.501295532937576],[-70.57138492057884,-33.50129688801984],[-70.57138454061294,-33.50129714570744],[-70.57138211443741,-33.501299151195724],[-70.57137062074771,-33.5013084209481],[-70.57136913569306,-33.501309879485426],[-70.57136875104887,-33.50131019743404],[-70.57136634156791,-33.50131262371821],[-70.5713562255233,-33.50132255912699],[-70.57135494828397,-33.501324096454034],[-70.57135456451276,-33.50132448290143],[-70.57135221696339,-33.501327383960614],[-70.57134355372389,-33.501337811316425],[-70.57134249211317,-33.50133940175274],[-70.57134211762903,-33.50133986453333],[-70.57133989678235,-33.50134328990874],[-70.57133272738636,-33.50135403062998],[-70.57133188426536,-33.501355648201454],[-70.57133153026851,-33.50135619419667],[-70.5713295194499,-33.50136018522256],[-70.571323850775,-33.5013710608673],[-70.57132322413105,-33.50137268002215],[-70.57132290439408,-33.501373314628395],[-70.57132120356572,-33.50137790086219],[-70.57131700937747,-33.50138873801827],[-70.57131659255585,-33.50139033431262],[-70.57131632307863,-33.50139106094974],[-70.57131504604433,-33.5013962569596],[-70.57131226908128,-33.50140689184254],[-70.57131205116004,-33.501408442572284],[-70.57131184970501,-33.50140926225422],[-70.57131112053538,-33.50141506490596],[-70.57130967553937,-33.50142534750912],[-70.57130964183152,-33.50142683226648],[-70.57130952735552,-33.501427743253544],[-70.57130947616255,-33.50143412962326],[-70.5713092537303,-33.50144392727991],[-70.57130938639337,-33.50144532841659],[-70.57130937839705,-33.5014463259656],[-70.57131013661582,-33.50145325197872],[-70.57131100771777,-33.50146245222152],[-70.57131128644676,-33.5014637552037],[-70.57131140426553,-33.501464831428734],[-70.57131309962121,-33.50147223129927],[-70.57131492061121,-33.501480743928546],[-70.57131532338849,-33.50148193757298],[-70.57131558545211,-33.501483081425064],[-70.57131833680585,-33.5014908679389],[-70.57132095472869,-33.501498626241606],[-70.57132145860189,-33.5014997028272],[-70.57132188169093,-33.50150090019691],[-70.57132579396485,-33.50150896584957],[-70.57132905195945,-33.5015159269439],[-70.57132963381864,-33.50151688219722],[-70.57133023234692,-33.50151811613937],[-70.57133539172818,-33.50152633510558],[-70.57133913432376,-33.50153247941977],[-70.5713397716486,-33.50153331237833],[-70.57134055699966,-33.50153456345312],[-70.57134702661526,-33.50154279433362],[-70.57135110472372,-33.50154812425939],[-70.57135177627349,-33.50154883702052],[-70.57135275621786,-33.50155008374102],[-70.57136057245604,-33.50155817300129],[-70.57136484787833,-33.501562710793834],[-70.5713655343,-33.501563308161934],[-70.57136671251686,-33.5015645275337],[-70.57137588214904,-33.50157231352152],[-70.57138023143379,-33.501576098546245],[-70.57138091576648,-33.501576587594364],[-70.57138229149014,-33.50157775572891],[-70.57139278971752,-33.50158507313437],[-70.57139710723807,-33.501588158584624],[-70.57139777529727,-33.50158854814967],[-70.57139934310361,-33.501589640931385],[-70.5714111126198,-33.50159632553455],[-70.5714153127677,-33.50159877476369],[-70.5714159533968,-33.50159907489702],[-70.57141770314065,-33.50160006867953],[-70.57143065426645,-33.50160596222035],[-70.5714346726929,-33.50160784484331],[-70.57143605208759,-33.50160841855281],[-70.57143719478346,-33.50160893854796],[-70.5714379129508,-33.501609192511744],[-70.57146116765797,-33.5016188644649],[-70.5714755660863,-33.50166335891029],[-70.57147589317252,-33.50166420322192],[-70.57147612958605,-33.50166506851009],[-70.57154734263689,-33.50187724322671],[-70.57161691300749,-33.50210979199584],[-70.57172632904118,-33.50249181363901],[-70.5717265672434,-33.50249249583326],[-70.57172673073138,-33.50249319329518],[-70.57183577565453,-33.502861712440364],[-70.57183736616432,-33.502866143903745],[-70.57183868917157,-33.50287062085627],[-70.57184055261105,-33.50287502194995],[-70.57184216288762,-33.5028795084858],[-70.57184426406099,-33.5028837876954],[-70.57184435938541,-33.5028840128337],[-70.57177063822876,-33.502900150292554],[-70.57174947795687,-33.50290572468038],[-70.57172907176812,-33.50291300980615],[-70.5717096161843,-33.502921935510585],[-70.5716912985726,-33.50293241583477],[-70.57167429534123,-33.502944349848015],[-70.57165877024035,-33.502957622619796],[-70.57164487278527,-33.50297210632665],[-70.57163273681643,-33.50298766148312],[-70.57162247921043,-33.503004138285036],[-70.57161419875447,-33.50302137805226],[-70.57160797519491,-33.50303921475679],[-70.57160386846921,-33.503057476621635],[-70.5716019181287,-33.503075987775276],[-70.57160214295763,-33.50309456994523],[-70.57160454079212,-33.50311304417496],[-70.57160908854108,-33.5031312325474],[-70.57161574240847,-33.50314895989834],[-70.57162443831501,-33.50316605550329],[-70.57163509251528,-33.50318235472179],[-70.57164760240421,-33.503197700582994],[-70.57166184750524,-33.50321194529727],[-70.57167769063042,-33.50322495167967],[-70.57169497920171,-33.503236594471076],[-70.5717135467204,-33.50324676154448],[-70.57173321437051,-33.50325535498489],[-70.57175379274099,-33.50326229203232],[-70.57177508364984,-33.50326750587883],[-70.57179688205278,-33.50327094631199],[-70.57181897801799,-33.50327258019836],[-70.57184115874782,-33.50327239180268],[-70.57186321062834,-33.503270382939306],[-70.57188492128654,-33.5032665729549],[-70.57212323109633,-33.503214418443704],[-70.57223900498461,-33.50319019996091],[-70.57223900498462,-33.50319019996091],[-70.57224623739015,-33.503189803310796],[-70.57226812324434,-33.50318677764922],[-70.57228954971137,-33.503181969394326],[-70.57231031044144,-33.503175424852664],[-70.57231174544276,-33.50317483211484],[-70.57253162845767,-33.5031281278128]],[[-70.57233075016333,-33.50153232903127],[-70.57241486591376,-33.5018155503043],[-70.57241880152165,-33.50182649543729],[-70.57242344511775,-33.501843489291154],[-70.5724258226778,-33.50185056707008],[-70.57251415749721,-33.502135266856435],[-70.57251421274728,-33.5021354950537],[-70.57261100336436,-33.50245411203304],[-70.57267191099058,-33.50266291023906],[-70.57265537617029,-33.50268855769929],[-70.57254942390453,-33.502349708984305],[-70.57246090045314,-33.50204562774265],[-70.57245774339846,-33.502036709453385],[-70.57238850051078,-33.50180733137768],[-70.57233468467454,-33.50161800569815],[-70.57233389502048,-33.50161572969531],[-70.57233330604898,-33.50161341142589],[-70.5722912309664,-33.50148026228009],[-70.5723134178969,-33.50147581771348],[-70.57233075016333,-33.50153232903127]]]}},{"type":"Feature","properties":{"numpos":"93612","TIPO":"DESCARGO","TENSION":"MT","INCIDENCIA":"DF202671762285","CLITOTAL":"1233","CANTAVISOS":"","FECHA_INICIO":"","FECHA_FIN":"","DESCARGO":"DF202671762285(TP20267213815951)","ESTADODESC":"789","ESTADOINC":" ","CLI_PLAN":"1","FECHA_INIDESC":"04-08-2026 10:00","FECHA_FINDESC":"04-08-2026 17:00","FECHA_REPOSICION":"04-08-2026 17:00","id_alim":"2435"},"geometry":{"type":"Polygon","coordinates":[[[-70.57116189856133,-33.503420833308724],[-70.57151883156452,-33.50334418657724],[-70.57151930937131,-33.50334406274948],[-70.57151979891698,-33.50334397693928],[-70.57152568114299,-33.50334269055601],[-70.57183742999203,-33.50327669424179],[-70.57184863188039,-33.503275916189395],[-70.57187045181482,-33.50327257291971],[-70.57189177551923,-33.503267454001005],[-70.57191239763355,-33.50326060873156],[-70.57193211955455,-33.503252103035464],[-70.5719507513486,-33.503242018827756],[-70.57195410261546,-33.50323978642974],[-70.57195635726835,-33.50323839789295],[-70.57196178729961,-33.503235327627195],[-70.57196528822892,-33.503232897725155],[-70.57196895130117,-33.50323064180708],[-70.57197382386667,-33.50322697336474],[-70.57197886853206,-33.50322347199529],[-70.57198206830698,-33.50322076631445],[-70.57198544979987,-33.50321822046546],[-70.57198986969796,-33.50321416957624],[-70.57199448041469,-33.50321027082322],[-70.57199734821958,-33.50320731542089],[-70.57200041556754,-33.503204504159044],[-70.57200434023231,-33.50320010983525],[-70.57200847259661,-33.50319585124604],[-70.57201098081296,-33.50319267458457],[-70.57201370447584,-33.503189624983875],[-70.57201709611074,-33.503184929545434],[-70.57202071032579,-33.50318035213273],[-70.57202283479828,-33.503176984805116],[-70.57202518854575,-33.503173726235076],[-70.57202801448763,-33.50316877490182],[-70.57203107574678,-33.50316392274873],[-70.57203279601572,-33.50316039718432],[-70.57203475718009,-33.50315696102682],[-70.57203699021386,-33.50315180148294],[-70.57203946903577,-33.503146721318444],[-70.57204076853421,-33.5031430714704],[-70.57204231822858,-33.503139490817624],[-70.57204393684924,-33.50313417275242],[-70.5720458093618,-33.50312891350143],[-70.5720466755751,-33.50312517451987],[-70.57204779887532,-33.50312148385549],[-70.57204878749502,-33.503116058484885],[-70.57205003566526,-33.50311067079696],[-70.57205046025157,-33.50310687869041],[-70.5720511463399,-33.50310311355757],[-70.57205149543806,-33.50309763313093],[-70.57205210724584,-33.50309216889247],[-70.57205208611644,-33.50308836018094],[-70.57205232838572,-33.50308455683998],[-70.57205203460079,-33.50307907413683],[-70.57205200415444,-33.50307358597144],[-70.57205153751312,-33.50306979733491],[-70.5720513336305,-33.50306599241407],[-70.57205039979216,-33.50306056023584],[-70.5720497273853,-33.50305510099753],[-70.57204881972638,-33.503051368922634],[-70.57204817165558,-33.50304759906536],[-70.57204660675761,-33.503042269726805],[-70.57204529886631,-33.50303689199099],[-70.57204395893126,-33.50303325241959],[-70.57204287291388,-33.50302955393162],[-70.57204069202747,-33.50302437875709],[-70.5720387612478,-33.50301913431422],[-70.57203700194117,-33.503015622297355],[-70.57203548843636,-33.503012030797066],[-70.57203271256495,-33.50300705962622],[-70.5720301774917,-33.503001998983024],[-70.57202801575674,-33.502998648343166],[-70.57202608934062,-33.502995198418645],[-70.57202274521768,-33.5029904791265],[-70.5720196302652,-33.50298565101957],[-70.57201708692082,-33.50298249402517],[-70.57201476614597,-33.50297921890091],[-70.57201088597736,-33.502974796936606],[-70.57200722114462,-33.502970247863146],[-70.5720043206847,-33.50296731491769],[-70.57200162790159,-33.502964246134844],[-70.57199724905558,-33.50296016408414],[-70.57199306963703,-33.50295593785408],[-70.57198983999469,-33.502953257203316],[-70.57198680113628,-33.50295042431577],[-70.57191988243922,-33.50289388610277],[-70.57185069227174,-33.502675567558526],[-70.57184929398692,-33.50267007391678],[-70.57184586226221,-33.502661044824],[-70.57177654608084,-33.50241949830723],[-70.57177624233894,-33.50241862982318],[-70.5717760311537,-33.50241774062553],[-70.57169632329494,-33.50215121547295],[-70.5716962751036,-33.50215105491996],[-70.571696275042,-33.502151054661866],[-70.57169597815471,-33.502150065611396],[-70.57169597503132,-33.502150055207345],[-70.5716959718757,-33.50215004652321],[-70.57169487082363,-33.50214638540476],[-70.57169487082129,-33.5021463853983],[-70.57169487081971,-33.50214638539167],[-70.57159151295457,-33.50180270776884],[-70.57158504475593,-33.50178493227591],[-70.57157652803089,-33.501767773521536],[-70.5715660448011,-33.50175139675349],[-70.57155369602651,-33.501735959688524],[-70.57153960063307,-33.50172161099343],[-70.57152389436735,-33.50170848885341],[-70.57150672848921,-33.5016967196413],[-70.57148826831514,-33.501686416700494],[-70.57146869162608,-33.50167767925338],[-70.57144818695548,-33.501670591445944],[-70.57142695177349,-33.501665221537245],[-70.57140519058534,-33.50166162124217],[-70.57138311296184,-33.50165982523336],[-70.57136093152124,-33.50165985080726],[-70.57133885988151,-33.50166169771763],[-70.5713171106033,-33.50166534817787],[-70.57129589314272,-33.5016707670323],[-70.57127541183446,-33.50167790209479],[-70.57125586392371,-33.50168668465116],[-70.57123743766682,-33.50169703012114],[-70.57122031051826,-33.50170883887271],[-70.5712046474216,-33.50172199718174],[-70.57119059922107,-33.50173637832706],[-70.57117830120883,-33.501751843810965],[-70.57116787182206,-33.5017682446929],[-70.57115941150226,-33.50178542302386],[-70.57115300172798,-33.501803213367474],[-70.57114870422998,-33.50182144439332],[-70.57114656039688,-33.50183994052685],[-70.57114659087631,-33.50185852364024],[-70.57114879537613,-33.501877014767885],[-70.57115315266714,-33.50189523583],[-70.5712238568013,-33.50213034000743],[-70.57117104761568,-33.50208545075997],[-70.57116900575426,-33.5020838775741],[-70.57116711181679,-33.50208218646688],[-70.57116085498659,-33.50207759767944],[-70.57115472074443,-33.502072871449464],[-70.5711525046506,-33.50207147350409],[-70.57115042196853,-33.50206994605513],[-70.57114365835983,-33.50206589312985],[-70.57113700075207,-33.50206169340908],[-70.57113463179218,-33.50206048418115],[-70.57113238039717,-33.50205913508783],[-70.57112517506629,-33.50205565702514],[-70.57111805829142,-33.50205202428893],[-70.571115559308,-33.50205101543147],[-70.57111316085243,-33.502049857680035],[-70.57110558309888,-33.50204698796382],[-70.57109807578799,-33.50204395720744],[-70.57109547087887,-33.50204315843716],[-70.5710929484283,-33.502042203177716],[-70.5710850711321,-33.502039969454295],[-70.57107724568334,-33.502037569854565],[-70.57107455996734,-33.50203698885767],[-70.57107193778052,-33.502036245297546],[-70.57106383670559,-33.502034669109975],[-70.57105576858167,-33.502032923743705],[-70.57105302795537,-33.50203256610198],[-70.57105033125195,-33.50203204141685],[-70.57104208432136,-33.502031137997136],[-70.57103385131796,-33.50203006361916],[-70.57103108220461,-33.50202993275643],[-70.57102833692403,-33.50202963202107],[-70.57102002347433,-33.50202941014247],[-70.57101170496612,-33.5020290170254],[-70.57100893405939,-33.50202911417496],[-70.57100616661276,-33.5020290403139],[-70.57099786663498,-33.50202950220457],[-70.57098954280623,-33.502029794041626],[-70.57098679681191,-33.50203011823523],[-70.57098403382905,-33.50203027199381],[-70.57097582720218,-33.50203141331268],[-70.57096757827061,-33.50203238718489],[-70.570964883648,-33.5020329352629],[-70.57096215172226,-33.50203331519917],[-70.5707308685532,-33.50207534183828],[-70.57062711685252,-33.50207645419177],[-70.57062554022043,-33.502076376292266],[-70.57062126841909,-33.50207651689203],[-70.57062095123891,-33.50207652029247],[-70.57062095134637,-33.50207652732797],[-70.5706165560915,-33.502076671990864],[-70.57060763004368,-33.502076824472674],[-70.57060551734206,-33.50207703531323],[-70.57060337574508,-33.50207710580026],[-70.57059446714622,-33.50207813808515],[-70.57058560419101,-33.502079022577185],[-70.57058352686263,-33.50207940579082],[-70.57058140334688,-33.50207965185316],[-70.57057265645045,-33.50208141110163],[-70.57056394156898,-33.502083018771835],[-70.57056191952235,-33.50208357060085],[-70.57055983463074,-33.50208398993127],[-70.57055133409125,-33.502086459429805],[-70.57054285079921,-33.50208877457136],[-70.57054090340328,-33.50208948965634],[-70.57053887731398,-33.50209007825684],[-70.57053070543104,-33.50209323435732],[-70.57052253499627,-33.502096234544624],[-70.57052068089985,-33.502097105976574],[-70.57051873322592,-33.50209785819634],[-70.57051096912862,-33.50210167054308],[-70.57050318981153,-33.502105326848465],[-70.57050144676874,-33.50210634623523],[-70.57049959636431,-33.50210725482514],[-70.57049231522763,-33.502111686649656],[-70.57048500154905,-33.50211596391954],[-70.57048338625351,-33.502117121465574],[-70.57048165102692,-33.50211817764914],[-70.57047492332693,-33.502123186130255],[-70.57046814537125,-33.502128043317605],[-70.5704666733001,-33.50212932791647],[-70.57046507003682,-33.502130521476104],[-70.57045896085235,-33.50213605816204],[-70.5704527836122,-33.502141448712],[-70.57045146888149,-33.502142848050575],[-70.57045001307783,-33.502144167428796],[-70.57044458144702,-33.50215017871636],[-70.57043906421413,-33.50215605100203],[-70.57043791944632,-33.50215755167593],[-70.5704366251569,-33.50215898408984],[-70.57043192349518,-33.502165411755655],[-70.57042711930272,-33.50217170956024],[-70.57042615550809,-33.50217329719886],[-70.57042503520742,-33.50217482876717],[-70.57042110879324,-33.502181610545165],[-70.57041706391465,-33.50218827358658],[-70.57041629038685,-33.50218993298765],[-70.57041535484764,-33.50219154886842],[-70.57041224138071,-33.50219861906763],[-70.5704089948896,-33.502205583560965],[-70.57040841911716,-33.50220729883215],[-70.5704076773056,-33.5022089833703],[-70.57040540654272,-33.50221627352614],[-70.57040298993779,-33.502223472779164],[-70.57040261753161,-33.50222522748699],[-70.57040207652133,-33.50222696436936],[-70.5704006699928,-33.50223440392171],[-70.57039910689143,-33.50224176895851],[-70.57039894152952,-33.50224354628206],[-70.57039860643467,-33.50224531869898],[-70.5703980772444,-33.502252835689205],[-70.57039738314765,-33.502260295896974],[-70.57039742653751,-33.50226207878598],[-70.57039730046579,-33.50226386959711],[-70.57039765317654,-33.502271391377185],[-70.57039783530844,-33.50227887517004],[-70.57041250312285,-33.502455467797645],[-70.57041260265264,-33.50245661569525],[-70.57042541240058,-33.502598389018225],[-70.57042586687311,-33.50260487364123],[-70.57042601060878,-33.50260598703255],[-70.57042603918221,-33.50260710666083],[-70.57044998175637,-33.50289129337241],[-70.57044900373992,-33.502901544979125],[-70.57044941231428,-33.50292012495867],[-70.57045199274883,-33.502938581920176],[-70.57045584845774,-33.50295339012968],[-70.57047698825097,-33.5031574804903],[-70.57039886393993,-33.50321848795526],[-70.57039151165971,-33.503224822009166],[-70.57038417814458,-33.50323107460274],[-70.57038381088606,-33.50323145629177],[-70.57038339968938,-33.5032318105412],[-70.57037682388737,-33.50323871782626],[-70.5703702572146,-33.503245542517774],[-70.57036993638093,-33.503245952527124],[-70.57036956862478,-33.50324633882155],[-70.57036383284563,-33.50325375253767],[-70.57035809604172,-33.50326108388245],[-70.57035782471253,-33.50326151828017],[-70.57035750394722,-33.50326193288159],[-70.5703526635453,-33.503269781301825],[-70.5703478117452,-33.503277549025476],[-70.57034759252942,-33.50327800364697],[-70.57034732184671,-33.5032784425425],[-70.57034342344292,-33.50328664972185],[-70.5703395033693,-33.50329477937893],[-70.57033933838028,-33.503295249866106],[-70.57033912038334,-33.503295708807684],[-70.57033620141105,-33.50330419533293],[-70.57033325092924,-33.50331260900546],[-70.57033314176469,-33.50331309084765],[-70.57033297854268,-33.50331356539388],[-70.57033106688614,-33.503322249168235],[-70.57032911464064,-33.503330866196315],[-70.57032906236708,-33.50333135477256],[-70.57032895547523,-33.50333184033273],[-70.57032806920505,-33.50334063738443],[-70.57032713433955,-33.50334937512494],[-70.57032713948168,-33.50334986574752],[-70.57032708992666,-33.50335035762672],[-70.57032723713353,-33.50335918293607],[-70.57032732909872,-33.50336795754028],[-70.5703273916339,-33.503368445498914],[-70.5703273998646,-33.50336893894426],[-70.57032857859348,-33.503377707278986],[-70.57032969704386,-33.50338643448348],[-70.57032981640151,-33.5033869150898],[-70.57032988230556,-33.50338740533706],[-70.57033208059008,-33.50339603208683],[-70.57033421537177,-33.50340462801131],[-70.57033439043784,-33.50340509664327],[-70.57033451334361,-33.50340557896345],[-70.57033770933985,-33.50341398096601],[-70.57034084056973,-33.5034223629099],[-70.5703410696964,-33.503422815055835],[-70.57034124838059,-33.50342328480123],[-70.57034541059832,-33.50343138115136],[-70.57034950883454,-33.5034394683821],[-70.57034978985486,-33.503439899683755],[-70.5703500225555,-33.50344035233313],[-70.57035511018364,-33.50344806516618],[-70.57036013668701,-33.503455779692416],[-70.5703604669345,-33.50345618598687],[-70.57036075136917,-33.50345661718907],[-70.5703667146919,-33.503463872431595],[-70.57037262177586,-33.50347113975353],[-70.57037299810881,-33.50347151711318],[-70.57037333149795,-33.503471922729055],[-70.57038011239547,-33.5034786508085],[-70.5703868438633,-33.50348540063909],[-70.57038726269403,-33.50348574541004],[-70.57038764178878,-33.50348612155182],[-70.57039517431873,-33.50349225806033],[-70.57040266598304,-33.50349842500841],[-70.57040312331102,-33.5034987338458],[-70.57040354442594,-33.50349907691438],[-70.57041175547924,-33.50350456321998],[-70.57041993575935,-33.50351008742913],[-70.57042042720886,-33.50351035733017],[-70.57042088625822,-33.50351066404893],[-70.570429696278,-33.50351544784537],[-70.57043848687452,-33.50352027558517],[-70.570439007736,-33.503520503918956],[-70.57043950027396,-33.5035207713645],[-70.57044882403588,-33.503524807160225],[-70.57045814067057,-33.50352889135856],[-70.5704586859451,-33.50352907589212],[-70.5704592072094,-33.503529301521574],[-70.57046895465221,-33.50353255106049],[-70.57047870786985,-33.50353585177421],[-70.5704792723172,-33.50353599069523],[-70.57047981727511,-33.50353617236966],[-70.57048989437152,-33.503538604980314],[-70.57049999039796,-33.503541089799164],[-70.57050056858675,-33.50354118173436],[-70.57050113198389,-33.503541317738346],[-70.57051144164923,-33.50354291061107],[-70.57052178329133,-33.50354455498807],[-70.57052236965123,-33.503544599017594],[-70.57052294606223,-33.50354468807466],[-70.570533389086,-33.50354542646199],[-70.57054387667117,-33.503546213969116],[-70.57054446554707,-33.50354620963634],[-70.57054504942728,-33.50354625092025],[-70.57055552541901,-33.50354612826059],[-70.57056605776478,-33.50354605076532],[-70.57056664347185,-33.503545998082295],[-70.57056722921021,-33.503545991224],[-70.57057763755422,-33.50354500918873],[-70.5705881129547,-33.50354406694853],[-70.57058868983381,-33.50354396639663],[-70.5705892718062,-33.503543911487014],[-70.5705995126149,-33.503542079950456],[-70.57060982983607,-33.50354028162408],[-70.57084632552517,-33.503488799829526],[-70.57085013482121,-33.50348802238283],[-70.57085387271032,-33.503487094566964],[-70.57085767351448,-33.50348636795767],[-70.57086791453504,-33.50348396169544],[-70.57116189856133,-33.503420833308724]]]}},{"type":"Feature","properties":{"numpos":"10587","TIPO":"DESCARGO","TENSION":"MT","INCIDENCIA":"DF202671765072","CLITOTAL":"1018","CANTAVISOS":"","FECHA_INICIO":"","FECHA_FIN":"","DESCARGO":"DF202671765072(TP20267213815924)","ESTADODESC":"789","ESTADOINC":" ","CLI_PLAN":"1","FECHA_INIDESC":"03-08-2026 09:30","FECHA_FINDESC":"03-08-2026 15:30","FECHA_REPOSICION":"03-08-2026 15:30","id_alim":"2613"},"geometry":{"type":"Polygon","coordinates":[[[-70.60238870739796,-33.54765433768562],[-70.60239934897103,-33.5476537617531],[-70.60239977695707,-33.54765370291969],[-70.60240020965891,-33.547653678107075],[-70.60241072587539,-33.54765219781785],[-70.60242124878602,-33.54765075127654],[-70.60242166782409,-33.54765065760049],[-70.60242209553782,-33.54765059739435],[-70.60243238783286,-33.547648261139265],[-70.6024426907404,-33.54764595792018],[-70.60244309679501,-33.54764583030359],[-70.60244351540138,-33.5476457352838],[-70.60245348465351,-33.54764256556259],[-70.60246346833527,-33.54763942784694],[-70.60246385749582,-33.5476392675189],[-70.60246426296345,-33.547639138600495],[-70.60247381316323,-33.547635165939475],[-70.60248338146998,-33.547631223945444],[-70.60248374998864,-33.54763103244997],[-70.60248413841263,-33.547630870874556],[-70.60249317758627,-33.5476261335327],[-70.60250223836937,-33.54762142522421],[-70.60250258269706,-33.54762120440558],[-70.6025029503367,-33.547621011729184],[-70.6025113914318,-33.547615555329884],[-70.60251985743064,-33.54761012605083],[-70.60252017425131,-33.54760987803559],[-70.60252051756598,-33.54760965611383],[-70.60252827928957,-33.5476035332058],[-70.60253606897224,-33.54759743524306],[-70.60253635523475,-33.54759716241975],[-70.60253667091813,-33.54759691338988],[-70.60254367852066,-33.54759018294033],[-70.60255071686812,-33.5475834750209],[-70.6025509698156,-33.54758318001701],[-70.60255125482752,-33.547582906277306],[-70.60255744082248,-33.54757563310396],[-70.60256366005129,-33.54756837982952],[-70.60256387724769,-33.5475680654861],[-70.60256412884334,-33.547567769672824],[-70.60256511304786,-33.54756648327113],[-70.60263816521339,-33.547471592745914],[-70.60263888481309,-33.547470548871615],[-70.60263970819277,-33.54746956023482],[-70.60264443057818,-33.54746250400692],[-70.60264925975946,-33.547455498640275],[-70.60264985369881,-33.54745440073301],[-70.6026505573844,-33.547453349279756],[-70.60265443103242,-33.54744593945034],[-70.60265841691586,-33.54743857147245],[-70.60265887947489,-33.54743743010569],[-70.6026594566896,-33.547436325962046],[-70.60266244429528,-33.54742863389203],[-70.6026655484951,-33.54742097426065],[-70.6026658752192,-33.54741980042642],[-70.60266632040418,-33.54741865422592],[-70.60266839319567,-33.54741075399449],[-70.60267058581731,-33.54740287647604],[-70.60267077356004,-33.547401681478966],[-70.60267108242799,-33.54740050426022],[-70.60267222044378,-33.54739247195078],[-70.60267348037158,-33.547384452410334],[-70.60267352732498,-33.54738324775897],[-70.60267369690142,-33.54738205085918],[-70.60267388918237,-33.547373963827425],[-70.60267420428318,-33.5473658794975],[-70.60267410999512,-33.547364676793244],[-70.60267413864703,-33.54736347173927],[-70.60266676455602,-33.54715193785187],[-70.60266562116233,-33.54713766280306],[-70.60266319386353,-33.54712350078508],[-70.60266153044009,-33.5471158607724],[-70.60265437567189,-33.547037378172014],[-70.60266087704215,-33.54702840012864],[-70.60266242382897,-33.54702683354183],[-70.6026748201703,-33.547011419955446],[-70.60268535252341,-33.54699506318266],[-70.60269391945683,-33.54697792074858],[-70.60270043846731,-33.546960157744614],[-70.6027048467744,-33.546941945238466],[-70.60270520288748,-33.54693902599959],[-70.6027443572015,-33.54693824146756],[-70.6027473107161,-33.54693893071868],[-70.6027536645542,-33.54693986387322],[-70.60275996719695,-33.546941014992896],[-70.60276458769586,-33.54694146809631],[-70.60276916982642,-33.54694214104889],[-70.60277560230301,-33.54694254822919],[-70.60278200934535,-33.54694317652687],[-70.60278666063498,-33.54694324822861],[-70.60279129947622,-33.546943541869894],[-70.60279774864253,-33.54694341915462],[-70.60280419838085,-33.54694351857941],[-70.6028088356665,-33.54694320818899],[-70.60281348654355,-33.546943119691086],[-70.60289548436964,-33.546938180843874],[-70.60289771203506,-33.54693807565406],[-70.60291368968018,-33.54693757983344],[-70.60291639953849,-33.54693748211106],[-70.60292393473296,-33.54693717245952],[-70.60292890011162,-33.546936763171075],[-70.60293390598603,-33.546936578309285],[-70.60293998106353,-33.546935849784674],[-70.60294602076863,-33.54693535194034],[-70.60295088069127,-33.546934542698175],[-70.60295587462251,-33.546933943824186],[-70.60296187578518,-33.54693271186715],[-70.60296778734511,-33.54693172751247],[-70.60297249664644,-33.5469305315481],[-70.60297742908311,-33.54692951898525],[-70.60298329597998,-33.54692778897096],[-70.60298902483704,-33.54692633408144],[-70.60299354071348,-33.54692476803151],[-70.60299836178538,-33.54692334640644],[-70.6030040342937,-33.546921128987215],[-70.60300952871467,-33.54691922358927],[-70.60301381104505,-33.546917307192686],[-70.60301847113486,-33.546915485533425],[-70.6030238900714,-33.546912796701015],[-70.60302910151347,-33.546910464514305],[-70.60303311312171,-33.5469082202972],[-70.6030375634667,-33.546906012071204],[-70.60304267132604,-33.5469028731426],[-70.603047554736,-33.546900141211765],[-70.60305126159946,-33.54689759416792],[-70.60305470911176,-33.54689547557027],[-70.60314210581225,-33.546895295490955],[-70.6034217999407,-33.54689479041162],[-70.60344396358497,-33.54689383854405],[-70.60346590907979,-33.54689107221451],[-70.60348742507674,-33.54688651806445],[-70.60350830436383,-33.54688021995311],[-70.60352834586105,-33.546872238535165],[-70.60354735655696,-33.54686265067651],[-70.60356515336761,-33.546851548713995],[-70.60358156489959,-33.54683903956615],[-70.60359643310082,-33.546825243703466],[-70.60360961478258,-33.54681029398821],[-70.60362098299852,-33.546794334394875],[-70.60363042826724,-33.54677751862355],[-70.6036378596265,-33.546760008619685],[-70.60364320550941,-33.54674197301459],[-70.60364641443346,-33.54672358550118],[-70.60364745549629,-33.54670502316138],[-70.60364631867327,-33.54668646476073],[-70.603643014914,-33.54666808902663],[-70.60363757603685,-33.546650072927264],[-70.60363005442235,-33.54663258996719],[-70.60362052250882,-33.546615808516464],[-70.60360907209461,-33.5465998901892],[-70.6035958134541,-33.546584988287016],[-70.60358087427561,-33.54657124632284],[-70.60356439843166,-33.546558796638706],[-70.60354654459343,-33.54654775913131],[-70.60352748470268,-33.546538240097355],[-70.6035074023159,-33.54653033120989],[-70.60348649083652,-33.54652410863533],[-70.6034649516524,-33.54651963230019],[-70.60344299219639,-33.5465169453138],[-70.60342082394872,-33.54651607355313],[-70.60314109646355,-33.54651657865658],[-70.60308482521853,-33.546516694600164],[-70.60308156813406,-33.54644139369379],[-70.6030815661661,-33.5464413744203],[-70.60308156644996,-33.54644135568462],[-70.6030814445578,-33.546438553100764],[-70.6030814075866,-33.54643531941554],[-70.60308077715838,-33.54642633079656],[-70.6030801793458,-33.54641734061521],[-70.60308012666228,-33.54641705604791],[-70.60308010650013,-33.546416768576904],[-70.60307842692052,-33.54640787498185],[-70.60307677961687,-33.54639897715547],[-70.60307669387626,-33.546398698282374],[-70.60307664016052,-33.54639841385041],[-70.60307392760545,-33.546389700929694],[-70.60307124667575,-33.54638098114878],[-70.60307112870379,-33.546380710655576],[-70.60307104195181,-33.546380432001875],[-70.60306732254517,-33.5463719836653],[-70.60306363380894,-33.54636352590623],[-70.60306348474178,-33.54636326639795],[-70.603063365789,-33.54636299620603],[-70.60305867535136,-33.54635489381577],[-70.60305401433348,-33.54634677953091],[-70.60305383560672,-33.54634653350663],[-70.60305368559877,-33.54634627437874],[-70.60304806930256,-33.54633859596568],[-70.60304248089102,-33.546330903299086],[-70.60304227422593,-33.54633067312827],[-70.60304209460747,-33.54633042755982],[-70.60303560654012,-33.54632324706976],[-70.6030291445555,-33.54631605010706],[-70.60302891194243,-33.54631583800632],[-70.60302870444328,-33.546315608362264],[-70.6030214070892,-33.546308994947736],[-70.60301413376352,-33.54630236299858],[-70.60291280342065,-33.546218616483394],[-70.60291108188599,-33.54621732702565],[-70.60290948629704,-33.546215930431],[-70.60290281664254,-33.54621113622157],[-70.60289626276472,-33.54620622725764],[-70.60289439917364,-33.546205085665655],[-70.60289264722549,-33.54620382634865],[-70.60288544618543,-33.54619960127523],[-70.60287835150972,-33.54619525524244],[-70.60287636389748,-33.54619427241413],[-70.60287447237,-33.54619316259591],[-70.60286680898511,-33.54618954773013],[-70.60285924215034,-33.54618580610375],[-70.60285714972906,-33.546184991398505],[-70.60285513676376,-33.54618404186999],[-70.60284708459879,-33.5461810724381],[-70.60283911871943,-33.54617797084148],[-70.60283694169074,-33.54617733199275],[-70.60283482661853,-33.54617655200803],[-70.60282646306027,-33.546174257039674],[-70.60281817501573,-33.546171824913024],[-70.60281593437516,-33.546171367957484],[-70.6028137375311,-33.546170765141035],[-70.60280514304569,-33.54616916717644],[-70.6027966127374,-33.54616742750675],[-70.60279433007187,-33.546167156729446],[-70.60279207259974,-33.546166736999446],[-70.60278332995769,-33.54616585185906],[-70.60277463953975,-33.546164820971846],[-70.60277233681998,-33.54616473886849],[-70.60277004046834,-33.54616450637627],[-70.60276123394468,-33.546164342995425],[-70.60275246703526,-33.546164030410544],[-70.6027501664056,-33.54616413766679],[-70.602747853317,-33.546164094753486],[-70.60273883891129,-33.546164298109595],[-70.60273745153115,-33.54616433297551],[-70.60273214896972,-33.54616447987231],[-70.60273110517306,-33.54616455184316],[-70.60273005786732,-33.54616454591343],[-70.60244735215299,-33.54617457099053],[-70.6022306020288,-33.54617763151458],[-70.60222622093947,-33.54617766012483],[-70.60222480561065,-33.54617772761427],[-70.60222339281695,-33.546177693557844],[-70.60221675187708,-33.54617780649489],[-70.60221356662997,-33.54617799187693],[-70.60221037369857,-33.54617799038323],[-70.60220250250066,-33.54617863581086],[-70.60219461268616,-33.546179094998635],[-70.60219146447699,-33.5461795409131],[-70.60218828674547,-33.546179801482396],[-70.60218052900098,-33.54618108982071],[-70.60217273092891,-33.54618219434386],[-70.60216965007662,-33.54618289649641],[-70.60216651814794,-33.54618341661928],[-70.60215894856769,-33.546185335461],[-70.60215131733737,-33.54618707468244],[-70.60214833351193,-33.54618802631101],[-70.6021452775482,-33.54618880097843],[-70.60213796903119,-33.54619133184412],[-70.60213057813488,-33.54619368901436],[-70.60212772007199,-33.5461948809543],[-70.60212476950372,-33.54619590270585],[-70.60211779243457,-33.54619902122204],[-70.60211071305034,-33.5462019736404],[-70.60210800827466,-33.54620339441274],[-70.60210519151721,-33.54620465340845],[-70.60209861308854,-33.54620832954235],[-70.60209191339453,-33.546211848775556],[-70.60208938795448,-33.54621348469756],[-70.60208673213465,-33.54621496881271],[-70.60208061570006,-33.54621916716136],[-70.60207436021788,-33.54622321931746],[-70.60207203843474,-33.546225054634355],[-70.6020695691295,-33.54622674957617],[-70.60206397359372,-33.54623142970728],[-70.60205822256678,-33.546235975762066],[-70.60205612680052,-33.546237992798915],[-70.60205386779064,-33.54623988224422],[-70.60204884704159,-33.546244999085886],[-70.60204365585558,-33.54624999525848],[-70.60204180628969,-33.546252174590094],[-70.60203977933061,-33.546254240342684],[-70.60203538172102,-33.54625974461703],[-70.60203080036996,-33.546265142791825],[-70.60202921481672,-33.54626746343025],[-70.6020274394293,-33.54626968559574],[-70.60196011941802,-33.54636361345577],[-70.6019566894288,-33.54636897947503],[-70.60195304427039,-33.546374245097795],[-70.60195145601904,-33.54637716683975],[-70.60194964689246,-33.54637999711251],[-70.60194686155218,-33.54638561880472],[-70.60194385032669,-33.546391158243544],[-70.60194261173504,-33.54639419627012],[-70.60194114262454,-33.546397161395994],[-70.60193902875787,-33.54640298462132],[-70.60193668046534,-33.54640874452851],[-70.6019358034619,-33.54641186958192],[-70.60193468851601,-33.546414941005175],[-70.60193326648104,-33.546420909682844],[-70.6019316037372,-33.546426834587464],[-70.6019310967682,-33.54643001657179],[-70.60193034672466,-33.54643316471298],[-70.60192963021679,-33.54643922136145],[-70.60192866903517,-33.546445254203505],[-70.60192853698325,-33.54644846247448],[-70.60192815906561,-33.546451657015325],[-70.60192815498563,-33.546457743305794],[-70.60192790462342,-33.54646382598572],[-70.60192798877966,-33.54646864021938],[-70.60192808792416,-33.54647399598589],[-70.60192808766983,-33.546474002315314],[-70.6019298721377,-33.54657068692376],[-70.60187685792648,-33.546571982282046],[-70.60187443552373,-33.546570979183834],[-70.60185367397794,-33.54656441397768],[-70.60183224389752,-33.546559584354455],[-70.6018103516646,-33.546556536825804],[-70.60178820811203,-33.54655530074095],[-70.60176602649294,-33.54655588800403],[-70.60174402042706,-33.546558292959425],[-70.60172240184349,-33.54656249244634],[-70.60170137893981,-33.5465684460217],[-70.60168250198247,-33.546575586521634],[-70.60138823786933,-33.546579823528724],[-70.60136624737059,-33.54658103944554],[-70.60134450263853,-33.546584041901994],[-70.6013232101832,-33.54658880238372],[-70.60130257221951,-33.54659527568039],[-70.60128278474681,-33.546603400315014],[-70.6012640356874,-33.546613099127796],[-70.60125796623643,-33.546616592030816],[-70.60124933983356,-33.546622097160416],[-70.60124091788184,-33.546627433157894],[-70.60124063268604,-33.54662765381769],[-70.6012403154734,-33.54662785625388],[-70.60123237395007,-33.54663404371115],[-70.60122461821526,-33.546640044424635],[-70.6012243602574,-33.546640287396166],[-70.60122406826666,-33.54664051489404],[-70.60121688921674,-33.54664732439813],[-70.60120987328153,-33.54665393273313],[-70.60120964500831,-33.546654195705216],[-70.6012093810856,-33.54665444604226],[-70.60120303447145,-33.54666181108173],[-70.60119682508265,-33.54666896433191],[-70.60119662866643,-33.54666924480875],[-70.60119639537605,-33.54666951553454],[-70.60119094280363,-33.546677364060265],[-70.60118559928037,-33.546684994459],[-70.6011854366,-33.54668528978198],[-70.60118523619799,-33.546685578244],[-70.60118073028576,-33.54669383342302],[-70.60117630398605,-33.546701868736044],[-70.60117617660985,-33.546702176107075],[-70.6011760110211,-33.5467024794784],[-70.60117249487159,-33.54671106049679],[-70.60116902871935,-33.54671942465487],[-70.60116893789055,-33.5467197411611],[-70.60116880868985,-33.54672005647001],[-70.6011663154667,-33.54672887937827],[-70.60116384354625,-33.546737493142764],[-70.60116379017093,-33.54673781578193],[-70.60116369856775,-33.546738139943145],[-70.60116225118477,-33.546747118530966],[-70.60116079840401,-33.54675590019049],[-70.6011607830419,-33.54675622589763],[-70.60116072986933,-33.5467565557443],[-70.60116034079353,-33.54676560243487],[-70.6011599226204,-33.54677446852827],[-70.60115994547826,-33.546774794202804],[-70.60115993118615,-33.54677512651937],[-70.60116060235575,-33.54678415327149],[-70.6011612246311,-33.54679301933287],[-70.6011612855591,-33.546793341866554],[-70.60116131021135,-33.54679367342157],[-70.6011630330682,-33.54680259262832],[-70.60116469189838,-33.54681137394974],[-70.6011647903895,-33.546811690254856],[-70.60116485366554,-33.54681201783403],[-70.6011676092995,-33.54682074320883],[-70.60117029103188,-33.5468293556137],[-70.60117042622426,-33.5468296626514],[-70.60117052742463,-33.54682998308979],[-70.60117428682632,-33.546838430528624],[-70.6011753904681,-33.54684093702735],[-70.6011681557331,-33.546851787692184],[-70.60115928878852,-33.546868822835286],[-70.60115245864372,-33.5468865036881],[-70.60114773107784,-33.54690465997462],[-70.60114515162127,-33.54692311684014],[-70.60114474511687,-33.54694169653501],[-70.60114651548096,-33.5469602201266],[-70.60115044566531,-33.54697850922246],[-70.60115649782139,-33.546996387688374],[-70.6011646136648,-33.547013683344574],[-70.60117471503649,-33.54703022962406],[-70.60118670465555,-33.547045867176585],[-70.60120046705586,-33.54706044540346],[-70.60121586969832,-33.547073823907795],[-70.60123276424703,-33.54708587384671],[-70.601250987998,-33.547096479172176],[-70.60127036544601,-33.547105537748536],[-70.60129070997486,-33.547112962336314],[-70.60131182565463,-33.547118681432245],[-70.60133350912864,-33.547122639958076],[-70.60135555157188,-33.54712479979076],[-70.6013777407022,-33.54712514012986],[-70.60154988850238,-33.54712070301517],[-70.60154287211226,-33.54718022697513],[-70.60154166585555,-33.54718982168656],[-70.60154144381791,-33.547191582895195],[-70.60154140530058,-33.547191890826824],[-70.60150847683798,-33.54745723460815],[-70.6015084515159,-33.54745762361267],[-70.60150838266992,-33.54745800890599],[-70.60146610365534,-33.547812881780644],[-70.60146018964225,-33.547811881443714],[-70.60145116267101,-33.54781022532423],[-70.60144932398157,-33.54781004355021],[-70.60144750673118,-33.54780973616771],[-70.60143830045097,-33.54780895375625],[-70.60142912272894,-33.547808046439464],[-70.60142727154354,-33.54780801644478],[-70.6014254271424,-33.547807859694956],[-70.60141617400919,-33.54780783663134],[-70.60140693385596,-33.5478076869123],[-70.60116690132446,-33.547813665506254],[-70.60082904959097,-33.54781765825386],[-70.60082874846526,-33.547817661980105],[-70.60082659493924,-33.54781768982944],[-70.60082506905853,-33.54781777239212],[-70.60082354030511,-33.54781774661635],[-70.60081399880595,-33.54781837138322],[-70.60080444809682,-33.547818888153806],[-70.60080293922827,-33.54781909555126],[-70.60080141481892,-33.5478191953677],[-70.60079199239911,-33.54782060021757],[-70.6007825481715,-33.54782189834708],[-70.60078107084634,-33.54782222858193],[-70.60077956546174,-33.547822453029326],[-70.60077035286363,-33.54782462443285],[-70.60076110607022,-33.54782669141967],[-70.60075967451573,-33.54782714131166],[-70.60075820265355,-33.547827488228414],[-70.60074928859919,-33.54783040527388],[-70.60074032829095,-33.54783322121201],[-70.60073895629375,-33.54783378642842],[-70.60073753212873,-33.5478342524736],[-70.6007290024649,-33.54783788706841],[-70.60072041493405,-33.547841424839],[-70.60071911570714,-33.54784209993655],[-70.60071775295472,-33.54784268062189],[-70.60070968982623,-33.54784699776319],[-70.60070155777522,-33.547851223295766],[-70.6007003438309,-33.54785200177288],[-70.600699055615,-33.54785269150613],[-70.60069153667392,-33.547857649617754],[-70.60068393841863,-33.54786252221828],[-70.60068282144773,-33.547863396577895],[-70.60068162017463,-33.547864188716574],[-70.60067471783232,-33.54786974004944],[-70.60066772654801,-33.547875212792356],[-70.60066671730763,-33.5478761746139],[-70.60066561454617,-33.547877061529334],[-70.60065939527607,-33.54788315262127],[-70.6006530782925,-33.547889172801376],[-70.6006521865021,-33.547890212822104],[-70.60065119287255,-33.547891185972794],[-70.60064571656967,-33.54789775816351],[-70.600640134723,-33.54790426780345],[-70.60063936897114,-33.54790537600729],[-70.60063849404264,-33.54790642602138],[-70.60063737192387,-33.54790792435101],[-70.60053757072211,-33.548041069141895],[-70.60053656576113,-33.548042402927685],[-70.60053171089774,-33.54804960698422],[-70.60052676355768,-33.54805676679507],[-70.6005262589237,-33.54805769708238],[-70.60052565924299,-33.548058586938986],[-70.60052167106213,-33.548066154754665],[-70.60051758567067,-33.54807368612737],[-70.6005171923659,-33.54807465335142],[-70.60051669973925,-33.54807558814015],[-70.6005136166497,-33.548083446832926],[-70.60051043255183,-33.54809127723644],[-70.60051015436406,-33.54809227208237],[-70.60050977353578,-33.54809324280074],[-70.60050762522997,-33.548101316687095],[-70.60050537309074,-33.54810937071062],[-70.60050521269913,-33.548110383597574],[-70.60050494733686,-33.54811138089699],[-70.60050375450467,-33.5481195922212],[-70.60050245601403,-33.548127792300086],[-70.60050241496332,-33.548128813473355],[-70.60050226762273,-33.54812982774932],[-70.60050204175236,-33.54813809743197],[-70.6005017094161,-33.54814636459494],[-70.6005017426695,-33.54814816779921],[-70.60050528566798,-33.54834029019105],[-70.60050531892165,-33.54834209339519],[-70.60050561131817,-33.548345882316745],[-70.60050564052199,-33.5483496790614],[-70.60050632644045,-33.54835514898593],[-70.60050674999971,-33.54836063753341],[-70.60050748452112,-33.548364384212704],[-70.60050795803296,-33.54836816027819],[-70.60050928096055,-33.5483735475689],[-70.6005103449723,-33.54837897492521],[-70.60051151454506,-33.54838264327966],[-70.600512427805,-33.5483863623003],[-70.60051437500158,-33.54839161507456],[-70.60051606921922,-33.548396928971215],[-70.60051766257992,-33.5484004836725],[-70.60051900679302,-33.54840410983208],[-70.60052155950639,-33.54840917750273],[-70.60052386761399,-33.54841432676383],[-70.60052586941791,-33.54841773357814],[-70.60052763163891,-33.5484212319547],[-70.60053076528531,-33.54842606571717],[-70.60053366505481,-33.548431000752444],[-70.6005360560237,-33.54843422687025],[-70.60053821928159,-33.54843756377234],[-70.6005390792458,-33.54843874776802],[-70.60062543088647,-33.54855881219799],[-70.60062564497841,-33.54855910925752],[-70.60062676128531,-33.54856065496671],[-70.60063059152934,-33.54856541435342],[-70.6006342056292,-33.54857029081477],[-70.60063678901233,-33.54857311522387],[-70.60063916331279,-33.548576065482436],[-70.6006435322517,-33.54858048759667],[-70.60064769979199,-33.548585043960934],[-70.60065060136354,-33.5485876427469],[-70.60065330959141,-33.54859038393623],[-70.60065817514996,-33.54859442619033],[-70.6006628559951,-33.54859861857716],[-70.6006660478115,-33.54860096671225],[-70.60066906388495,-33.54860347243299],[-70.60067437920513,-33.54860709589766],[-70.60067952827603,-33.54861088393187],[-70.60068297959818,-33.54861295880207],[-70.60068627447089,-33.548615204922726],[-70.60069198836328,-33.548618374701896],[-70.60069755607141,-33.54862172190242],[-70.60070123366121,-33.54862350352559],[-70.60070477560157,-33.54862546841461],[-70.60071083303791,-33.54862815398131],[-70.60071676576321,-33.548631028112744],[-70.6007206342033,-33.54863249933073],[-70.6007243891004,-33.548634164065085],[-70.60073073174416,-33.5486363395558],[-70.60073697235084,-33.54863871293844],[-70.60074099438584,-33.54863985958254],[-70.60074492607784,-33.548641208129844],[-70.60075149284545,-33.548642852593204],[-70.6007579812329,-33.54864470237002],[-70.60076211812832,-33.5486455133974],[-70.60076618875051,-33.5486465327703],[-70.60077291640009,-33.54864763036919],[-70.60077959008122,-33.548648938725705],[-70.60078380199609,-33.548649406325616],[-70.6007879723461,-33.548650086707],[-70.6007947960865,-33.548650626870895],[-70.60080159078947,-33.54865138120679],[-70.60080583716048,-33.54865150087602],[-70.60081006707536,-33.5486518357134],[-70.60081692118966,-33.54865181324017],[-70.60082377147751,-33.54865200629079],[-70.60111891558205,-33.54864818911776],[-70.60133769259792,-33.54864945821402],[-70.60150112778139,-33.548741622094944],[-70.60150149785899,-33.54874183034377],[-70.60150327180108,-33.54874282644632],[-70.60150860903276,-33.54874551527412],[-70.60151380296469,-33.54874839413459],[-70.60151811166934,-33.548750302577645],[-70.60152228836316,-33.548752406740746],[-70.60152791465246,-33.548754644585905],[-70.60153342057728,-33.548757083309454],[-70.60153793193923,-33.548758628940476],[-70.60154233483723,-33.54876038018345],[-70.60154819599953,-33.54876214549412],[-70.60155396089209,-33.54876412059443],[-70.60155863146431,-33.54876528852812],[-70.6015632181639,-33.54876666998542],[-70.6015692577528,-33.548767945760645],[-70.60157522609362,-33.548769438216304],[-70.60158001089549,-33.548770217204684],[-70.6015847372242,-33.54877121557211],[-70.60159089707487,-33.548771989525406],[-70.60159701138514,-33.54877298496314],[-70.60160186433622,-33.54877336750413],[-70.60160668477658,-33.54877397316679],[-70.60161290556586,-33.548774237844505],[-70.60161910696111,-33.5487747266777],[-70.60162398132456,-33.54877470908719],[-70.60162884945274,-33.54877491621217],[-70.60163507127048,-33.54877466906529],[-70.60164130002768,-33.54877464658622],[-70.60164614886047,-33.54877422903363],[-70.60165101779332,-33.54877403562619],[-70.60165718071976,-33.548773279034904],[-70.60166337685206,-33.54877274546006],[-70.60166815345694,-33.54877193196669],[-70.60167297630375,-33.548771339889505],[-70.6016790209861,-33.548770081140255],[-70.60168512482105,-33.548769041608296],[-70.60168978319638,-33.54876784000857],[-70.60169451351024,-33.54876685496371],[-70.60170038173462,-33.548765106179005],[-70.6017063344885,-33.54876357070126],[-70.60171082977142,-33.54876199256732],[-70.6017154219965,-33.54876062404139],[-70.60172105724824,-33.54875840206316],[-70.60172680159265,-33.54875638542718],[-70.6017310904909,-33.548754445957385],[-70.60173550040132,-33.54875270713015],[-70.60174084840982,-33.54875003335731],[-70.60174632902311,-33.54874755498461],[-70.60175037023194,-33.54874527285729],[-70.60175455535784,-33.54874318047461],[-70.60175956461862,-33.54874008065725],[-70.60176472871937,-33.54873716441602],[-70.60176848331976,-33.54873456160937],[-70.60177240335582,-33.548732135822235],[-70.60177702562683,-33.54872863981342],[-70.60178182348182,-33.54872531378882],[-70.60178525531474,-33.54872241536946],[-70.6017888725089,-33.548719679539595],[-70.60179306327508,-33.548715821007995],[-70.6017974486783,-33.5487121172316],[-70.60180052469343,-33.548708951112985],[-70.60180380421004,-33.548705931588124],[-70.60180752311206,-33.548701747693634],[-70.60181145382971,-33.54869770183501],[-70.60181414440335,-33.54869429850877],[-70.60181705465895,-33.54869102436863],[-70.60182026588191,-33.5486865554046],[-70.60182370405911,-33.548682206427735],[-70.6018259832797,-33.548678598669845],[-70.60182849624708,-33.54867510144636],[-70.60183116886529,-33.54867039045149],[-70.60183408139072,-33.54866578023955],[-70.60183592730826,-33.548662002794835],[-70.60183801878631,-33.54865831616822],[-70.60184012706127,-33.548653408512095],[-70.60184248588595,-33.548648581464064],[-70.6018438807235,-33.54864467071141],[-70.60184553057034,-33.54864083018604],[-70.60184705419847,-33.54863577313223],[-70.60184883660595,-33.54863077573528],[-70.60184976693071,-33.54862676933742],[-70.60185095925767,-33.54862281189973],[-70.60185188356597,-33.54861765415049],[-70.60185307239101,-33.54861253453237],[-70.60185352924373,-33.5486084710732],[-70.60185425256833,-33.54860443483548],[-70.60185456865557,-33.54859922606276],[-70.60185515244952,-33.548594033528246],[-70.6018552485466,-33.54859223766928],[-70.6018552678649,-33.54859186859856],[-70.60187258589512,-33.54825346596056],[-70.60187420790504,-33.548242776331996],[-70.601874219672,-33.54824264910527],[-70.60187424607345,-33.54824252342704],[-70.6018745146192,-33.54824073435459],[-70.60187481344282,-33.54823744591249],[-70.60187536032718,-33.54823417991065],[-70.60187555349917,-33.54823239181356],[-70.60187559472081,-33.54823200584399],[-70.60191360074562,-33.54787199200955],[-70.60195719675319,-33.54750604895584],[-70.60201324883391,-33.54757521354552],[-70.60201381742094,-33.54757591178539],[-70.60201502948209,-33.54757739311558],[-70.60201959116414,-33.54758242010408],[-70.60202396157594,-33.54758756485262],[-70.60202630094993,-33.54758981430847],[-70.60202845610488,-33.547592189295436],[-70.60203358427879,-33.54759681768806],[-70.6020385358883,-33.54760157897171],[-70.60204112731822,-33.5476036255971],[-70.6020435501107,-33.54760581226846],[-70.60204919538927,-33.54760999749103],[-70.60205468050994,-33.54761432945588],[-70.6020574990388,-33.54761615354056],[-70.60206016613601,-33.547618130837414],[-70.6020662741522,-33.54762183258382],[-70.60207223995914,-33.54762569351042],[-70.60207525844298,-33.54762727748738],[-70.60207814415926,-33.54762902636715],[-70.60208465608925,-33.54763220898732],[-70.60209104512846,-33.547635561692715],[-70.60209423449751,-33.547636890307345],[-70.60209731104176,-33.54763839392727],[-70.60210416417195,-33.547641026770684],[-70.60211091491313,-33.54764383896628],[-70.60211424445183,-33.54764489942318],[-70.60211748219518,-33.54764614330256],[-70.60212461052586,-33.547648201013345],[-70.60213165795544,-33.54765044561601],[-70.60213509559846,-33.547651227702396],[-70.60213846335937,-33.54765219986185],[-70.60214579824043,-33.54765366262303],[-70.60215307448742,-33.54765531801591],[-70.60215658712804,-33.54765581419976],[-70.60216005247314,-33.547656505276876],[-70.60216752326536,-33.54765735900118],[-70.60217495825498,-33.54765840924187],[-70.6021785120645,-33.54765861474467],[-70.60218204162021,-33.547659018083934],[-70.60218957637511,-33.547659254549465],[-70.60219709850412,-33.54765968952349],[-70.6022006592571,-33.547659602366124],[-70.60220421903178,-33.54765971408317],[-70.60221174518509,-33.54765933101263],[-70.60221928201076,-33.547659146531],[-70.60222281541512,-33.54765876755282],[-70.60222637112581,-33.5476585865717],[-70.60223381619612,-33.54765758765436],[-70.60224129513422,-33.547656785493714],[-70.60224177884442,-33.54765671326077],[-70.60237504867207,-33.5476549882334],[-70.60237504867786,-33.547654988233084],[-70.60237504868365,-33.547654988233234],[-70.60237720220397,-33.547654960357086],[-70.6023776350162,-33.547654936932915],[-70.60237806853895,-33.547654947752775],[-70.60238870739796,-33.54765433768562]],[[-70.60246361218856,-33.54655305173603],[-70.60263355318617,-33.5465470254883],[-70.60263418450363,-33.54656162271296],[-70.60243465143549,-33.546565620426875],[-70.60242045846599,-33.54656300950061],[-70.60238815632688,-33.54655417861586],[-70.60245785710282,-33.54655319438496],[-70.60246073154738,-33.546553035420345],[-70.60246361218856,-33.54655305173603]],[[-70.60111698983965,-33.54826955494253],[-70.60111445946158,-33.54826948363836],[-70.60095636830948,-33.548271528341566],[-70.6009549862391,-33.54819660543751],[-70.60095625653682,-33.548194910723886],[-70.60117505145564,-33.54819232485889],[-70.60117681582726,-33.54819223136248],[-70.60117858339758,-33.54819226000558],[-70.60131734568071,-33.548188803834506],[-70.60140480692299,-33.54827112047661],[-70.60111951940065,-33.54826946559578],[-70.60111698983965,-33.54826955494253]]]}},{"type":"Feature","properties":{"numpos":"13195","TIPO":"DESCARGO","TENSION":"MT","INCIDENCIA":"DF202671765072","CLITOTAL":"1018","CANTAVISOS":"","FECHA_INICIO":"","FECHA_FIN":"","DESCARGO":"DF202671765072(TP20267213815924)","ESTADODESC":"789","ESTADOINC":" ","CLI_PLAN":"1","FECHA_INIDESC":"03-08-2026 09:30","FECHA_FINDESC":"03-08-2026 15:30","FECHA_REPOSICION":"03-08-2026 15:30","id_alim":"2613"},"geometry":{"type":"Polygon","coordinates":[[[-70.60012976487468,-33.54848382028436],[-70.60013929522582,-33.54850060245849],[-70.60015074422104,-33.54851652164877],[-70.60016400160085,-33.5485314245441],[-70.60017893968978,-33.548545167620944],[-70.600195414626,-33.54855761852537],[-70.6002132677466,-33.54856865734777],[-70.60023232711586,-33.548578177777735],[-70.60025240918092,-33.54858608812783],[-70.6002733205396,-33.54859231221662],[-70.60029485980296,-33.54859679010241],[-70.60031681953487,-33.548599478660506],[-70.60033898824975,-33.54860035199848],[-70.60036115244938,-33.54859940170557],[-70.600383098679,-33.548596636933745],[-70.60040461558313,-33.54859208430948],[-70.600425495941,-33.548585787677354],[-70.60044553866231,-33.54857780767773],[-70.60046455072386,-33.54856822116287],[-70.6004823490285,-33.548557120456685],[-70.60049876216846,-33.54854461246558],[-70.60051363207616,-33.54853081764896],[-70.60052681554644,-33.54851586885899],[-70.60053818561576,-33.548499910061246],[-70.6005476327848,-33.54848309494816],[-70.60055506607311,-33.54846558545884],[-70.60056041389518,-33.54844755021964],[-70.6005636247498,-33.548429162919945],[-70.60056466771603,-33.54841060063967],[-70.6005638835361,-33.54809418120589],[-70.6005637820578,-33.548092521863076],[-70.60056384053675,-33.54809086132687],[-70.60055996709482,-33.54792547354656],[-70.60056573763747,-33.5479178900817],[-70.60057577106379,-33.547901314796974],[-70.60058381587382,-33.54788399586041],[-70.60058979459268,-33.547866100063196],[-70.6005936496433,-33.5478477997519],[-70.60059534390072,-33.5478292711687],[-70.6005948610497,-33.54781069275401],[-70.60059220574178,-33.54779224342805],[-70.60058740355035,-33.54777410086774],[-70.60058050072438,-33.54775643979561],[-70.60057156374295,-33.54773943029702],[-70.60056067867498,-33.5477232361823],[-70.60055549369797,-33.5477170350741],[-70.60055310333803,-33.54759485894999],[-70.6005532228634,-33.54759368983482],[-70.60055388986365,-33.547589779439654],[-70.60055414174856,-33.54758495506185],[-70.60055466508567,-33.5475801459995],[-70.6005546605601,-33.54757962727188],[-70.60055471340075,-33.547579110420735],[-70.60055465312227,-33.54757516066589],[-70.60055485916233,-33.54757121435793],[-70.60055485014759,-33.54756981590589],[-70.6005545217606,-33.54732403623651],[-70.60055359940702,-33.54730716187761],[-70.60055266650478,-33.5472985400555],[-70.60055634940268,-33.54702932757522],[-70.600555514419,-33.54701075791653],[-70.60055250971942,-33.546992346205386],[-70.60054736424222,-33.546974269756454],[-70.60054012754236,-33.5469567026555],[-70.60053086931427,-33.54693981408291],[-70.60051967872064,-33.54692376668445],[-70.60050666353362,-33.5469087150048],[-70.60049194909699,-33.54689480399931],[-70.60047567711891,-33.546882167637975],[-70.6004580043073,-33.54687092761528],[-70.60043910086056,-33.54686119217828],[-70.60041914882854,-33.54685305508406],[-70.60039834035932,-33.54684659469682],[-70.60037687584874,-33.546841873233305],[-70.60035496201057,-33.54683893616354],[-70.60033280988566,-33.54683781177297],[-70.60031063280971,-33.54683851089005],[-70.60028864435873,-33.546841026781976],[-70.60026705629217,-33.54684533521958],[-70.60024607651368,-33.546851394710515],[-70.60022590706893,-33.54685914689894],[-70.60020674219984,-33.54686851712755],[-70.60018876647396,-33.54687941515638],[-70.60017215300692,-33.546891736032094],[-70.6001570617954,-33.54690536109844],[-70.60014363817616,-33.546920159139155],[-70.60013201142641,-33.54693598764158],[-70.60012229351877,-33.546952694169065],[-70.60011457804292,-33.54697011782908],[-70.60010893930419,-33.54698809082256],[-70.60010543160796,-33.54700644006],[-70.60010408873659,-33.54702498882836],[-70.6001028793691,-33.54711335739429],[-70.60009089323216,-33.54711315473005],[-70.60008735919945,-33.547113118105685],[-70.60008520502524,-33.54711310987742],[-70.60008464830483,-33.547113130647276],[-70.6000840916936,-33.54711310791961],[-70.60008194845325,-33.54711310856814],[-70.60008131304824,-33.54711310950784],[-70.5998165789353,-33.54711381216381],[-70.5998318882157,-33.54705405984886],[-70.59983231277998,-33.54705241211394],[-70.59983335351767,-33.547047126706545],[-70.5998346558761,-33.54704188211525],[-70.59983465729606,-33.547041871028405],[-70.59983466167182,-33.547041853393495],[-70.59983516159409,-33.547037944352596],[-70.59983592313691,-33.54703407684089],[-70.59983634016046,-33.54702873146762],[-70.59983702232284,-33.54702340524187],[-70.5998370224408,-33.54702339383625],[-70.59983702469464,-33.54702337621287],[-70.599837064618,-33.54701944542987],[-70.5998373698068,-33.547015533544034],[-70.59983715910045,-33.547010179683774],[-70.5998372144976,-33.547004823118066],[-70.59983721336833,-33.54700479974125],[-70.59983721342599,-33.547004794064314],[-70.59983712600095,-33.54700299125095],[-70.59983673165429,-33.546999318656155],[-70.59983663885886,-33.54699696080549],[-70.5998361348629,-33.54699376066968],[-70.59983513877636,-33.54698448400002],[-70.59983099479649,-33.54696622894726],[-70.59982473396745,-33.54694840188122],[-70.59981641657961,-33.54693117446898],[-70.59980612272706,-33.54691471260315],[-70.5997939515362,-33.54689917480434],[-70.59978002021117,-33.54688471069475],[-70.59976446290526,-33.5468714595573],[-70.599747429429,-33.54685954899458],[-70.59972908380763,-33.546849093699926],[-70.59970960270148,-33.54684019435303],[-70.59968917370495,-33.54683293665059],[-70.59966799354004,-33.546827390480956],[-70.59964626616198,-33.54682360925122],[-70.59962420079536,-33.546821629372886],[-70.59960200991941,-33.546821469911315],[-70.59957990722187,-33.54682313240206],[-70.59955810554143,-33.5468266008362],[-70.59953681481822,-33.54683184181434],[-70.59951624007213,-33.546838804868294],[-70.5994965794287,-33.54684742294712],[-70.59947802221123,-33.54685761306273],[-70.59946074711773,-33.5468692770889],[-70.59944492050012,-33.546882302706365],[-70.59943069476236,-33.546896564484314],[-70.59941820689284,-33.54691192508808],[-70.59940757714527,-33.54692823660181],[-70.59939890788063,-33.54694534195267],[-70.59939228258145,-33.5469630764234],[-70.59938776504781,-33.54698126923852],[-70.59938757390407,-33.54698276170318],[-70.59933653436272,-33.54718196534949],[-70.59933635263636,-33.54718248246946],[-70.59920733295914,-33.54744620983634],[-70.5992066558907,-33.54744758084994],[-70.59920425838779,-33.54745320206109],[-70.59920162657154,-33.54745874929359],[-70.59920052842847,-33.54746194736245],[-70.59919919183764,-33.54746508114672],[-70.59919746389285,-33.54747087205963],[-70.59919549410317,-33.54747660858078],[-70.5991947756109,-33.547479881377576],[-70.59919381229396,-33.54748310976939],[-70.59919277054873,-33.54748901461443],[-70.59919148175615,-33.547494885178516],[-70.5991911498344,-33.547498201184474],[-70.59919056906885,-33.54750149309263],[-70.59919022355619,-33.54750745500303],[-70.59918962817294,-33.54751340307334],[-70.59918955372227,-33.54751520766996],[-70.59918954130706,-33.547515515873314],[-70.5991839902771,-33.547656731025675],[-70.59918396806825,-33.5476573242837],[-70.59918390421895,-33.54765911972514],[-70.5991840357083,-33.54766481799014],[-70.59918390869599,-33.547670516326335],[-70.59918402038586,-33.54767169001309],[-70.59918401161579,-33.547672867396976],[-70.59918427708472,-33.547675278351775],[-70.59918433294385,-33.54767769908014],[-70.5991851308361,-33.54768335911475],[-70.59918567147979,-33.54768904043612],[-70.59918592002307,-33.54769019930457],[-70.59918604911924,-33.54769137173879],[-70.59918627916458,-33.54769272855047],[-70.59918654709112,-33.54795698873254],[-70.5991865739208,-33.5479597491485],[-70.59918660714658,-33.547961552353954],[-70.59918664187057,-33.547962002405335],[-70.59918662630592,-33.547962453206566],[-70.59918729843763,-33.547970564499195],[-70.5991878516314,-33.547978682087944],[-70.59918807834286,-33.54798046475747],[-70.59918970858661,-33.5479932836285],[-70.59919123196434,-33.54835312904764],[-70.59919239950133,-33.54837168613572],[-70.599195733718,-33.54839005804428],[-70.59920120250533,-33.54840806784166],[-70.59920875319705,-33.54842554208333],[-70.59921831307697,-33.54844231248236],[-70.59922979007904,-33.5484582175302],[-70.59924307367406,-33.54847310405202],[-70.5992580359341,-33.54848682868189],[-70.59927453276448,-33.54849925924358],[-70.59929240529152,-33.54851027602338],[-70.59931148139258,-33.54851977292315],[-70.59933157735362,-33.54852765848207],[-70.59935249963867,-33.548533856757494],[-70.59937404675354,-33.54853830805632],[-70.59939601118647,-33.548540969509844],[-70.59941818140665,-33.5485418154867],[-70.59944034390132,-33.54854083783965],[-70.59946228523218,-33.5485380459841],[-70.5994837940909,-33.54853346680734],[-70.5995046633342,-33.548527144409626],[-70.59952469197883,-33.54851913967957],[-70.59954368713714,-33.54850952970751],[-70.59956146587479,-33.54849840704328],[-70.59957785697246,-33.54848587880479],[-70.59959270257484,-33.54847206564641],[-70.59960585971085,-33.548457100596906],[-70.59961720167055,-33.54844112777852],[-70.59962661922538,-33.548424301018656],[-70.59963402168006,-33.54840678236863],[-70.59963933774601,-33.54838874054296],[-70.5996425162279,-33.548370349294494],[-70.59964352651653,-33.54835178574118],[-70.59964295980541,-33.54821808649281],[-70.60008544597844,-33.548218328688726],[-70.60011191394996,-33.54822652697375],[-70.60011237112704,-33.54841138572611],[-70.60011350599623,-33.548429944229],[-70.60011680786947,-33.54844832022677],[-70.60012224494925,-33.548466336748305],[-70.60012976487468,-33.54848382028436]]]}},{"type":"Feature","properties":{"numpos":"13196","TIPO":"DESCARGO","TENSION":"MT","INCIDENCIA":"DF202671765072","CLITOTAL":"1018","CANTAVISOS":"","FECHA_INICIO":"","FECHA_FIN":"","DESCARGO":"DF202671765072(TP20267213815924)","ESTADODESC":"789","ESTADOINC":" ","CLI_PLAN":"1","FECHA_INIDESC":"03-08-2026 09:30","FECHA_FINDESC":"03-08-2026 15:30","FECHA_REPOSICION":"03-08-2026 15:30","id_alim":"2613"},"geometry":{"type":"Polygon","coordinates":[[[-70.60036829936747,-33.550496010193555],[-70.60037630053255,-33.550495776138],[-70.60037936934125,-33.550495432108136],[-70.60038245952968,-33.550495270735134],[-70.60039036272646,-33.550494199690206],[-70.60039829796395,-33.550493310106575],[-70.60040131172198,-33.55049271587634],[-70.60040436813921,-33.550492301668825],[-70.60041210789907,-33.55049058716642],[-70.60041990078781,-33.55048905062191],[-70.60042283047082,-33.55048821191416],[-70.60042582368173,-33.55048754886119],[-70.60043332546616,-33.550485207413004],[-70.60044090095592,-33.550483038705515],[-70.60044371834933,-33.55048196359748],[-70.60044661952746,-33.550481058084685],[-70.60045381108968,-33.55047811224029],[-70.60046109622405,-33.55047533225577],[-70.60046377419471,-33.55047403110141],[-70.6004665554,-33.55047289184941],[-70.60047336748102,-33.550469369979126],[-70.60048029209992,-33.55046600549051],[-70.60048280485742,-33.550464490820666],[-70.6004854393052,-33.5504631288012],[-70.60049180630085,-33.5504590648227],[-70.60049830371607,-33.55045514823207],[-70.60050062706101,-33.55045343463398],[-70.60050308938015,-33.55045186296405],[-70.60050894997272,-33.55044729601582],[-70.60051495761039,-33.55044286504235],[-70.60051706916771,-33.550440969018986],[-70.60051933564465,-33.550439202834724],[-70.60052463339326,-33.550434176899245],[-70.60053009339663,-33.55042927421575],[-70.60053197283098,-33.55042721402689],[-70.60053402163824,-33.55042527033773],[-70.60053870552278,-33.550419833817706],[-70.60054356530907,-33.55041450663993],[-70.60054519452042,-33.550412302126475],[-70.600547005927,-33.55041019965122],[-70.60055103083931,-33.55040440490344],[-70.60055524360627,-33.55039870453528],[-70.60055660690452,-33.55039637692794],[-70.60055816346562,-33.55039413591467],[-70.60056149064378,-33.550388038745965],[-70.60056501582044,-33.5503820200852],[-70.60056610007645,-33.550379591800144],[-70.60056738680161,-33.55037723383113],[-70.60056998420337,-33.550370892960814],[-70.60057278784076,-33.55036461397051],[-70.60057358261267,-33.55036210839345],[-70.6005745871102,-33.55035965617729],[-70.6005764297216,-33.55035313267143],[-70.6005784848195,-33.55034665382189],[-70.60057898245337,-33.550344095083034],[-70.60057969504956,-33.55034157223592],[-70.60058076512573,-33.550334928919554],[-70.60058205189284,-33.5503283126057],[-70.60058224759642,-33.5503257253471],[-70.60058266142877,-33.55032315616547],[-70.60058294866471,-33.550316457017395],[-70.60058345470931,-33.550309766958016],[-70.60058334659801,-33.550307176096375],[-70.60058345768127,-33.55030458532288],[-70.60058295931131,-33.550297894859575],[-70.60058267976035,-33.550291195483574],[-70.60058226887557,-33.55028862597031],[-70.60058207614013,-33.550286038555484],[-70.6005630528494,-33.550143618131685],[-70.60056001900597,-33.549916920662895],[-70.60056028655902,-33.54990979493998],[-70.60056020172462,-33.549905772913476],[-70.60056038444498,-33.549901753170175],[-70.60055622975138,-33.54958681284014],[-70.60055622544348,-33.54957891898834],[-70.6005660069709,-33.549329540302786],[-70.60057115814587,-33.54931927260641],[-70.6005777063939,-33.549301517090875],[-70.6005821446175,-33.54928330965217],[-70.60058443007541,-33.54926482563809],[-70.60058454075882,-33.549246243059876],[-70.60058247560316,-33.54922774087785],[-70.60057825449839,-33.54920949727804],[-70.60057191809732,-33.54919168795599],[-70.60056802630167,-33.54918370854627],[-70.60056298318754,-33.54886589972938],[-70.60056299995733,-33.54885727415026],[-70.60056295775449,-33.54885653013488],[-70.60056299586653,-33.54885578596472],[-70.60056133374678,-33.54863243990606],[-70.60056466846635,-33.54842220146223],[-70.60056460678388,-33.54842075967596],[-70.60056461413537,-33.54842062913406],[-70.60056468807934,-33.54841931643924],[-70.60056468807855,-33.548419316105964],[-70.60056468820255,-33.548419313903985],[-70.6005646677648,-33.548410620829756],[-70.60056353517172,-33.54839206230583],[-70.60056023557286,-33.548373686098955],[-70.60055480074622,-33.54835566918048],[-70.60054728303295,-33.54833818506146],[-70.60053775483323,-33.5483214021218],[-70.60052630790891,-33.54830548198864],[-70.60051305249988,-33.54829057797981],[-70.60049811626232,-33.548276833627384],[-70.6004816430393,-33.548264381295326],[-70.6004637914755,-33.548253340904935],[-70.60044473348945,-33.54824381877978],[-70.60042465261782,-33.54823590662195],[-70.6004037422479,-33.548229680628815],[-70.6003822037553,-33.5482252007593],[-70.60036024456456,-33.5482225101564],[-70.60033807615167,-33.54822163473178],[-70.60031925093546,-33.548222440076756],[-70.60016636709045,-33.54819471636031],[-70.60016409751839,-33.548194401506855],[-70.60016186406132,-33.548193939823],[-70.60015315451993,-33.54819288340472],[-70.60014447242622,-33.54819167895303],[-70.60014217692598,-33.54819155188354],[-70.60013990017904,-33.54819127572665],[-70.60013110891208,-33.548190939202975],[-70.60012232763204,-33.54819045310606],[-70.6001200283106,-33.548190515044254],[-70.60011773019976,-33.54819042707385],[-70.59960158914168,-33.54819189657074],[-70.59946484661066,-33.54816731668303],[-70.59946242050583,-33.54816698515701],[-70.59945999390446,-33.54816649082154],[-70.59945107162855,-33.54816543433789],[-70.59944267229311,-33.54816428657167],[-70.59944035482759,-33.54816416536426],[-70.59943801964693,-33.54816388885598],[-70.59942886006552,-33.54816356416789],[-70.59942024832735,-33.54816311375807],[-70.59941806410912,-33.54816318147283],[-70.59941584661647,-33.54816310286704],[-70.59940653415006,-33.548163538922054],[-70.59939779604294,-33.548163809818206],[-70.59939576567659,-33.54816404315358],[-70.59939368834547,-33.54816414042404],[-70.59938431144519,-33.54816535950505],[-70.59937553704886,-33.54816636788187],[-70.59937367694009,-33.548166742085066],[-70.59937175822411,-33.54816699153507],[-70.59936240850995,-33.54816900898554],[-70.59935369104636,-33.548170762700416],[-70.59935201327444,-33.54817125203422],[-70.59935026744559,-33.54817162874316],[-70.59934103878969,-33.548174452818095],[-70.59933247366048,-33.54817695089605],[-70.59933098591951,-33.54817752911113],[-70.59932942297213,-33.54817800739076],[-70.59932041053735,-33.54818163926493],[-70.59931209431177,-33.54818487138992],[-70.59931079992091,-33.54818551219617],[-70.599309425542,-33.54818606604975],[-70.59930072478468,-33.54819050003224],[-70.59929275414932,-33.548194446004985],[-70.59929165213103,-33.54819512353529],[-70.59929046773634,-33.548195727113],[-70.59928217338467,-33.548200951149134],[-70.59927464406537,-33.548205580237585],[-70.59927372928992,-33.54820626949683],[-70.59927273212463,-33.54820689754177],[-70.59926493714488,-33.548212894145834],[-70.5992579428113,-33.54821816419026],[-70.59925720620429,-33.5482188414839],[-70.59925638950646,-33.5482194697616],[-70.59924918407036,-33.5482262176553],[-70.59924281523311,-33.5482320736564],[-70.59924224404323,-33.54823271699202],[-70.59924159726664,-33.54823332269836],[-70.59923506773693,-33.5482407997209],[-70.5992294106445,-33.548247171346205],[-70.59922898876626,-33.548247760802845],[-70.59922849785967,-33.54824832294417],[-70.59922272581433,-33.548256511522276],[-70.59921786135308,-33.548263308241694],[-70.59921756969995,-33.548263826301415],[-70.59921721743767,-33.548264326042165],[-70.59921227877199,-33.54827322450803],[-70.59920828135435,-33.548280325067644],[-70.59920809827632,-33.548280756905015],[-70.59920786463566,-33.54828117787758],[-70.59920382883382,-33.54829082750012],[-70.5992007652066,-33.54829805386353],[-70.59920066694569,-33.54829838758901],[-70.5992005295252,-33.548298716161995],[-70.59919745941346,-33.54830928139476],[-70.59919538709751,-33.54831631964144],[-70.5991953482746,-33.548316546494874],[-70.599195282747,-33.54831677199613],[-70.59919323645639,-33.54832888645538],[-70.59919220011186,-33.54833494211317],[-70.59919219423718,-33.54833505660537],[-70.59919217483056,-33.54833517149645],[-70.5991912357075,-33.54835373746972],[-70.5991913199878,-33.54836417983429],[-70.59919132044314,-33.548364186654354],[-70.59919317468105,-33.54861030249384],[-70.59919321771679,-33.54861095232297],[-70.59919318980913,-33.5486116027308],[-70.59919659111058,-33.54882775058649],[-70.59919675608111,-33.548838317748505],[-70.59919843953631,-33.54923467261686],[-70.59919844105198,-33.54923469670152],[-70.59919843974828,-33.54923472079486],[-70.59919844807439,-33.54923485246373],[-70.59919844116585,-33.54923498419004],[-70.59919851780307,-33.549247319907145],[-70.5992003817996,-33.549553038747575],[-70.59920038328727,-33.549553061710604],[-70.59920038208635,-33.549553084685385],[-70.59920046778585,-33.54956650261707],[-70.59920047701392,-33.54956664442075],[-70.5992004698516,-33.54956678630812],[-70.59920300412027,-33.54987673516136],[-70.59920300561596,-33.54987675752811],[-70.59920300449245,-33.54987677991013],[-70.59920309754106,-33.54988778015807],[-70.59920241089247,-33.550142326285304],[-70.59920271142045,-33.55014769582929],[-70.59920285570381,-33.550155121234766],[-70.59920331376325,-33.55015845790741],[-70.59920344981396,-33.55016088872905],[-70.59920437838707,-33.55016621301556],[-70.59920539007136,-33.550173582491475],[-70.59920623556987,-33.55017686179609],[-70.59920665670671,-33.55017927652501],[-70.599208208441,-33.55018451366594],[-70.59921007336489,-33.55019174685616],[-70.59921129567444,-33.550194933151744],[-70.59921200068791,-33.550197312588494],[-70.5992141679523,-33.55020242055534],[-70.59921686048297,-33.55020943939581],[-70.59921844393382,-33.55021249849871],[-70.59921943029335,-33.550214823222],[-70.59922220249229,-33.55021975973792],[-70.59922568606302,-33.55022648972124],[-70.59922761025257,-33.55022938945432],[-70.59922887397288,-33.55023163978821],[-70.59923223724387,-33.55023636227976],[-70.59923646511083,-33.55024273362804],[-70.59923870530639,-33.550245444320716],[-70.59924024077957,-33.55024760033387],[-70.59924417762343,-33.55025206596032],[-70.59924909381898,-33.550258014678],[-70.59938993616005,-33.55041173043616],[-70.59940429232257,-33.55042590087901],[-70.59942023813537,-33.550438824931966],[-70.59943762004428,-33.55045037813915],[-70.59945627066566,-33.55046044924559],[-70.59947601039816,-33.55046894126864],[-70.59949664915241,-33.550475772431845],[-70.59951798818145,-33.55048087695249],[-70.59953982199471,-33.5504842056751],[-70.59956194033686,-33.55048572654475],[-70.59958413021258,-33.55048542491581],[-70.59958759091715,-33.55048509195992],[-70.59989105112012,-33.55049092432579],[-70.59989204451512,-33.55049090257946],[-70.59989303626209,-33.550490955177345],[-70.60035412034222,-33.550496424966816],[-70.60035721464712,-33.55049633445051],[-70.60036030884635,-33.55049642746617],[-70.60036829936747,-33.550496010193555]],[[-70.6001090456328,-33.54862925692845],[-70.60010912466561,-33.54863110448578],[-70.60010903006118,-33.548632951530024],[-70.60010937974664,-33.54867997354957],[-70.59964663424886,-33.54868189109874],[-70.5996454595086,-33.548607262457956],[-70.59964518229208,-33.548570492855724],[-70.60009467213234,-33.54856921303092],[-70.60010995436699,-33.54857198429184],[-70.6001090456328,-33.54862925692845]],[[-70.60011200255319,-33.549366711267346],[-70.60011110225437,-33.54938966122433],[-70.59965172965117,-33.54939544341681],[-70.59965151885339,-33.54936089939071],[-70.60008068684085,-33.549355006973414],[-70.60011200255319,-33.549366711267346]]]}},{"type":"Feature","properties":{"numpos":"14555","TIPO":"DESCARGO","TENSION":"MT","INCIDENCIA":"DF202671765072","CLITOTAL":"1018","CANTAVISOS":"","FECHA_INICIO":"","FECHA_FIN":"","DESCARGO":"DF202671765072(TP20267213815924)","ESTADODESC":"789","ESTADOINC":" ","CLI_PLAN":"1","FECHA_INIDESC":"03-08-2026 09:30","FECHA_FINDESC":"03-08-2026 15:30","FECHA_REPOSICION":"03-08-2026 15:30","id_alim":"2613"},"geometry":{"type":"Polygon","coordinates":[[[-70.60151258408537,-33.54692638429544],[-70.60152979437227,-33.54691496515263],[-70.60154560089585,-33.54690220221414],[-70.60155985462814,-33.54688821581273],[-70.60157242118156,-33.546873137816355],[-70.60158318207594,-33.546857110384714],[-70.60159203585553,-33.546840284629],[-70.60159889904564,-33.54682281918715],[-70.60160370693941,-33.546804878728054],[-70.60160641420806,-33.54678663239922],[-70.60160699532807,-33.54676825223178],[-70.60160544482187,-33.546749911518646],[-70.60160177730931,-33.54673178318067],[-70.60159602736994,-33.54671403813619],[-70.60158824921679,-33.54669684368975],[-70.60157851618524,-33.54668036195459],[-70.6015669200416,-33.546664748324226],[-70.60155357011784,-33.546650150007494],[-70.60153859228075,-33.54663670464049],[-70.60152212774528,-33.546624538989015],[-70.60150433174306,-33.54661376775341],[-70.6014970729566,-33.54661021668338],[-70.60178115207987,-33.54659907174005],[-70.60180324280547,-33.54659729223753],[-70.60182501885146,-33.54659370823675],[-70.60184627050133,-33.54658835425389],[-70.60186679308894,-33.546581281851026],[-70.60188638896962,-33.54657255913976],[-70.60190486942355,-33.54656227012504],[-70.60192205647338,-33.54655051389622],[-70.6019377845982,-33.546537403672815],[-70.60195190232763,-33.546523065714034],[-70.6019642737005,-33.546507638102774],[-70.6019747795743,-33.5464912694159],[-70.60198331877255,-33.5464741172933],[-70.60198980905912,-33.54645634691962],[-70.60199418793017,-33.546438129433575],[-70.60199641321609,-33.54641964027973],[-70.60199646348752,-33.54640105751879],[-70.60199433826175,-33.546382560112875],[-70.60199005800719,-33.546364326201946],[-70.6019836639463,-33.54634653138833],[-70.60197521765853,-33.54632934704537],[-70.6019648004872,-33.54631293866732],[-70.60195251275611,-33.546297464275305],[-70.60193847280333,-33.54628307289565],[-70.60192281584146,-33.54626990312461],[-70.60190569265562,-33.54625808179373],[-70.6018872681511,-33.546247722748284],[-70.601885969445,-33.54624713831585],[-70.60190462813614,-33.54623936879477],[-70.60192343503978,-33.546229503330395],[-70.60194099655187,-33.54621814181344],[-70.60195714354512,-33.54620539366212],[-70.60197172051518,-33.546191381648626],[-70.60198458707805,-33.54617624071693],[-70.60199561932224,-33.54616011668296],[-70.60200471100191,-33.5461431648305],[-70.60201177456021,-33.546125548415525],[-70.60201674197234,-33.54610743709407],[-70.60201956540067,-33.546089005288266],[-70.60202021765542,-33.5460704305066],[-70.60201869245643,-33.54605189163436],[-70.60201500449352,-33.5460335672109],[-70.60200918928514,-33.5460156337102],[-70.60200130283607,-33.54599826384135],[-70.60199142109818,-33.54598162488527],[-70.60197963923873,-33.54596587708374],[-70.6019660707241,-33.54595117209613],[-70.60195084622679,-33.545937651538964],[-70.60193411236705,-33.545925445622],[-70.60191603030088,-33.54591467189434],[-70.60189677416793,-33.54590543411236],[-70.60188118648891,-33.54589957249513],[-70.60188722064107,-33.545896961268696],[-70.6019058423537,-33.54588685258902],[-70.60192319110101,-33.545875264221216],[-70.60193909980488,-33.545862307768154],[-70.60195341525579,-33.54584810800815],[-70.60196599958839,-33.5458328016932],[-70.60197673160921,-33.54581653623203],[-70.60198550796385,-33.54579946827037],[-70.60199224413215,-33.54578176218239],[-70.60199687524234,-33.54576358848775],[-70.60199935669559,-33.54574512220923],[-70.6019996645955,-33.54572654118728],[-70.60199779597818,-33.54570802436726],[-70.60199376884088,-33.54568975007613],[-70.60198762196838,-33.545671894305094],[-70.60197941455957,-33.545654629014614],[-70.60196922565724,-33.54563812047846],[-70.60195715338692,-33.54562252768235],[-70.60194331401165,-33.54560800079294],[-70.60192784081242,-33.54559467971149],[-70.60191088280466,-33.54558269272676],[-70.6018926033029,-33.545572155279395],[-70.60188386092082,-33.54556811085372],[-70.60190434392209,-33.545563082272274],[-70.6019249254041,-33.54555613140495],[-70.60194459413206,-33.54554752479004],[-70.60196316068462,-33.54553734531443],[-70.60198044625518,-33.545525691012614],[-70.60199628437404,-33.545512674122456],[-70.60201052251142,-33.54549842000427],[-70.60202302354665,-33.5454830659336],[-70.60203366708842,-33.54546675977904],[-70.60204235063442,-33.54544965857822],[-70.60204899055836,-33.5454319270255],[-70.6020535229153,-33.54541373588564],[-70.60205590405748,-33.54539526034951],[-70.60205611105457,-33.54537667834668],[-70.60205414191445,-33.545358168831974],[-70.60205001560237,-33.545339910062],[-70.60204377185829,-33.54532207787842],[-70.60203547081399,-33.5453048440146],[-70.60202519241405,-33.545288374441604],[-70.60201303564584,-33.54527282776996],[-70.60199911758617,-33.545258353722076],[-70.60198357227385,-33.54524509169033],[-70.60196654941868,-33.545233169394784],[-70.60194821295977,-33.54522270165312],[-70.6019287394867,-33.545213789274875],[-70.6019124734713,-33.545207998084116],[-70.6019224528493,-33.545202631691694],[-70.60193986081086,-33.54519110589814],[-70.60195583577936,-33.54517820684663],[-70.60197022390712,-33.54516405876266],[-70.60198288662886,-33.54514879790055],[-70.60199370199622,-33.5451325712313],[-70.60200256585203,-33.54511553502708],[-70.60200939283354,-33.54509785335621],[-70.6020141171943,-33.54507969650318],[-70.60201669343745,-33.5450612393286],[-70.6020170967537,-33.54504265958522],[-70.60201532326033,-33.545024136206145],[-70.60201139003837,-33.545005847581486],[-70.60200533496823,-33.544987969840484],[-70.60199721636467,-33.54497067515517],[-70.60198711241529,-33.54495413008244],[-70.60197512042741,-33.544938493959876],[-70.60196135589096,-33.54492391737137],[-70.60194595136626,-33.544910540696826],[-70.60192905520725,-33.544898492760396],[-70.60191083013294,-33.544887889589724],[-70.60189145166022,-33.544878833298604],[-70.60189058722773,-33.54487851794314],[-70.60189470237096,-33.544877554815336],[-70.60191538701552,-33.54487082243532],[-70.60193518399103,-33.54486242477501],[-70.601953902641,-33.54485244270894],[-70.60197136269404,-33.54484097237042],[-70.60198739600006,-33.54482812422563],[-70.6020018481495,-33.5448140220098],[-70.60201457996054,-33.54479880153555],[-70.6020254688194,-33.544782609384896],[-70.60203440986118,-33.54476560149759],[-70.60204131697974,-33.54474794166923],[-70.60204612365689,-33.54472979997396],[-70.602048783603,-33.54471135112642],[-70.60204927120267,-33.5446927727992],[-70.6020475817615,-33.544674243911736],[-70.60204373155106,-33.544655942907184],[-70.60203775765228,-33.54463804603404],[-70.60202971759824,-33.54462072564857],[-70.60201968882004,-33.5446041485552],[-70.60200776790111,-33.54458847439988],[-70.60199406964692,-33.54457385413277],[-70.60197872597945,-33.54456042855447],[-70.60196188466662,-33.54454832696003],[-70.60194370789922,-33.5445376658939],[-70.60192437072892,-33.544528548027415],[-70.6019065999435,-33.54452199763309],[-70.60190917430448,-33.54452154919985],[-70.60193035371141,-33.54451599948524],[-70.60195078150764,-33.544508738180326],[-70.60197026096138,-33.54449983521592],[-70.60198860447414,-33.54448937633293],[-70.60200563538741,-33.54447746225668],[-70.60202118968398,-33.54446420772677],[-70.60203511756752,-33.544449740392196],[-70.60204728490528,-33.54443419958183],[-70.60205757451973,-33.54441773496268],[-70.6020658873171,-33.54440050509845],[-70.60207214324161,-33.54438267592258],[-70.60207628204653,-33.54436441914003],[-70.60207826387418,-33.54434591057376],[-70.60207806963989,-33.54432732847144],[-70.60207570121563,-33.54430885178884],[-70.60207118141194,-33.54429065846634],[-70.6020645537583,-33.54427292371531],[-70.60205588208372,-33.54425581833075],[-70.60204524990212,-33.544239507046406],[-70.60203275960792,-33.54422414694836],[-70.60201853148995,-33.54420988596223],[-70.60200270257296,-33.5441968614285],[-70.60198542529803,-33.54418519877998],[-70.60196686605438,-33.5441750103338],[-70.60194720357707,-33.54416639420976],[-70.60192662722571,-33.54415943338542],[-70.60190533516074,-33.54415419489688],[-70.60188353243518,-33.544150729193454],[-70.6018614290199,-33.544149069651525],[-70.60183923778152,-33.54414923225339],[-70.6018381166027,-33.544149286613774],[-70.60145539885572,-33.54415423816192],[-70.60145539859148,-33.544154238165355],[-70.60116875560433,-33.5441579459367],[-70.60089352305194,-33.54415531515323],[-70.60088854850851,-33.54415547271875],[-70.60088848042331,-33.54415547124414],[-70.6008871660402,-33.54415541880126],[-70.60088611875453,-33.54415542009446],[-70.60088541763179,-33.54415540490933],[-70.60088457975667,-33.54415542199482],[-70.60060813148237,-33.54415576304512],[-70.60060655282332,-33.54415582993701],[-70.60060497303921,-33.544155785408975],[-70.6002776617018,-33.54416001692849],[-70.60027574665065,-33.544160120541925],[-70.60027570516036,-33.544160118624156],[-70.60026837722339,-33.54416038283258],[-70.60026604142048,-33.54416041762019],[-70.60026523745384,-33.54416049603673],[-70.60025353360065,-33.544160918017425],[-70.6002315623745,-33.544163533306886],[-70.60021000307553,-33.544167939306085],[-70.60018906333035,-33.54417409358312],[-70.60016894479908,-33.54418193686934],[-70.60014984123333,-33.54419139363007],[-70.60013193661024,-33.544202372792085],[-70.60011540336077,-33.54421476862058],[-70.60010040070902,-33.54422846173753],[-70.60008707313892,-33.544243320271335],[-70.60007554900268,-33.54425920112669],[-70.6000659392847,-33.54427595136281],[-70.60005833653274,-33.54429340966615],[-70.60005281396656,-33.54431140790408],[-70.60004942477276,-33.544329772743936],[-70.6000482015924,-33.54434832732244],[-70.60004915620682,-33.54436689294886],[-70.60005227942395,-33.54438529082597],[-70.60005754116679,-33.544403343771954],[-70.60006489076314,-33.544420877926804],[-70.60007425743338,-33.544437724426594],[-70.60008555097224,-33.54445372102986],[-70.60009866261738,-33.54446871368009],[-70.60011346609687,-33.544482557989234],[-70.60012981884523,-33.544495120628504],[-70.60014756337637,-33.54450628061223],[-70.60016652880032,-33.54451593046314],[-70.60018653246898,-33.544523977247366],[-70.60020738173522,-33.54453034346959],[-70.60022887580806,-33.544534967819246],[-70.60025080768662,-33.5445378057611],[-70.6002578621052,-33.54453842370084],[-70.60027973511068,-33.5445394463041],[-70.6003016236471,-33.544538691878586],[-70.60030376361505,-33.54453844291948],[-70.6006103765748,-33.54453447893004],[-70.60081962390063,-33.54453422081178],[-70.60082027472318,-33.544534600875416],[-70.60034788035779,-33.544545135679094],[-70.60032575173132,-33.544546541261624],[-70.60030389418941,-33.54454975628948],[-70.60028251823084,-33.544554749800405],[-70.60026182971662,-33.54456147370449],[-70.60024202788746,-33.54456986324729],[-70.60022330344498,-33.544579837633414],[-70.6002058367153,-33.54459130080457],[-70.60018979591226,-33.54460414236478],[-70.60017533551756,-33.54461823864336],[-70.60016259479293,-33.54463345388595],[-70.6001516964391,-33.54464964156204],[-70.60014274541389,-33.5446666457759],[-70.60013582792155,-33.544684302768054],[-70.60013101058247,-33.54470244249234],[-70.60012833979154,-33.54472089025348],[-70.6001278412713,-33.54473946838955],[-70.60012951982416,-33.544757997982956],[-70.60013335928612,-33.544776300583415],[-70.60013932268234,-33.5447941999267],[-70.60014735258324,-33.544811523631964],[-70.60015737165747,-33.54482810486204],[-70.60016928341665,-33.54484378393017],[-70.60018297314457,-33.54485840983779],[-70.60019830900197,-33.54487184172884],[-70.60021514329615,-33.544883950246316],[-70.60023331390342,-33.54489461877798],[-70.60025264583038,-33.54490374457956],[-70.60026435853013,-33.54490806764845],[-70.60025210466435,-33.54491201520955],[-70.60023227309911,-33.544920355490994],[-70.60021351330148,-33.54493028328689],[-70.60019600593799,-33.54494170298767],[-70.60017991961385,-33.54495450461593],[-70.60016540924913,-33.54496856488559],[-70.60015261458683,-33.54498374838912],[-70.60014165884704,-33.5449999089016],[-70.60013264754028,-33.54501689078896],[-70.60012566745135,-33.54503453050669],[-70.60012078580345,-33.545052658175045],[-70.60011804961081,-33.54507109921482],[-70.60011748522581,-33.545089676028844],[-70.60011909808519,-33.545108209712254],[-70.60012287265761,-33.5451265217754],[-70.60012877259314,-33.545144435862845],[-70.60013674107337,-33.54516177945185],[-70.60014670135848,-33.54517838551375],[-70.60015855752626,-33.54519409412258],[-70.6001721953959,-33.545208753995304],[-70.60018748362756,-33.54522222394881],[-70.60020427498722,-33.54523437425948],[-70.60022240776465,-33.54524508791262],[-70.6002417073308,-33.545254261729376],[-70.60026198781952,-33.545261807360376],[-70.60028188968143,-33.54526732912015],[-70.60027242626585,-33.545271449790576],[-70.60025383526713,-33.5452815978813],[-70.60023652168138,-33.54529322295573],[-70.6002206522476,-33.54530621305863],[-70.60020637979717,-33.545320443088755],[-70.60019384178185,-33.54533577600373],[-70.60018315895014,-33.54535206413969],[-70.60017443418435,-33.54536915063346],[-70.60016775150973,-33.54538687093317],[-70.60016317528523,-33.545405054382925],[-70.60016074958376,-33.54542352586636],[-70.60016049776746,-33.54544210749307],[-70.60016242226287,-33.54546062031181],[-70.60016650453741,-33.545478886033884],[-70.60017270527784,-33.54549672875015],[-70.60018096476877,-33.54551397662516],[-70.60019120346777,-33.54553046355199],[-70.6002033227713,-33.545546030752085],[-70.60021720596444,-33.5455605283042],[-70.60023271934463,-33.545573816588444],[-70.60024971350953,-33.54558576763079],[-70.60026802479578,-33.54559626633561],[-70.60027943635802,-33.54560151407747],[-70.60026537572227,-33.54560766533157],[-70.6002468080241,-33.54561784338067],[-70.60022952113816,-33.54562949635085],[-70.60021368154638,-33.54564251201822],[-70.60019944179271,-33.545656765035375],[-70.60018693901404,-33.5456721181385],[-70.60017629361951,-33.54568842346935],[-70.60016760813093,-33.54570552399916],[-70.60016096619526,-33.545723255040826],[-70.60015643177917,-33.54574144583504],[-70.60015404855284,-33.545759921194716],[-70.6001538394694,-33.545778503192096],[-70.60015580654387,-33.54579701287237],[-70.6001599308336,-33.545815271977055],[-70.6001661726207,-33.545833104660744],[-70.6001744717945,-33.545850339184604],[-70.60018474843037,-33.5458668095703],[-70.60019690355945,-33.54588235719855],[-70.60021082012173,-33.54589683233662],[-70.60022636409333,-33.54591009558046],[-70.60024338577732,-33.54592201919723],[-70.60026172124526,-33.54593248835538],[-70.60028119391602,-33.5459414022307],[-70.60030073773746,-33.54594836212163],[-70.60029910387568,-33.54594908217137],[-70.6002805729134,-33.545959307146966],[-70.60026332808428,-33.54597100379651],[-70.60024753546523,-33.545984059475515],[-70.60023334714782,-33.54599834845121],[-70.60022089977362,-33.546013733113476],[-70.6002103132182,-33.54603006530015],[-70.60020168943667,-33.54604718772382],[-70.60019511148178,-33.54606493548656],[-70.60019064270399,-33.546083137667985],[-70.6001883261414,-33.546101618971356],[-70.60018818410512,-33.54612020141167],[-70.60019021796447,-33.54613870602986],[-70.60019440813358,-33.546156954616166],[-70.60020071426014,-33.54617477142649],[-70.60020907561383,-33.546191984874866],[-70.60021941167123,-33.546208429185924],[-70.60023162289116,-33.54622394599148],[-70.60024559167344,-33.5462383858557],[-70.60026118349131,-33.54625160971414],[-70.60027824818698,-33.54626349021332],[-70.60029662141781,-33.54627391293697],[-70.60031559179858,-33.546282534615024],[-70.60031147006568,-33.54628386718842],[-70.60029165022756,-33.546292227511294],[-70.6002729044622,-33.54630217426353],[-70.60025541330106,-33.546313611653034],[-70.60023934519324,-33.546326429532044],[-70.60022485488341,-33.54634050445796],[-70.60021208192144,-33.54635570088211],[-70.60020114931844,-33.54637187245514],[-70.60019216236209,-33.54638886343646],[-70.60018520760269,-33.546406510194],[-70.60018035201954,-33.54642464278019],[-70.60017764237578,-33.54644308656847],[-70.60017710476819,-33.5464616639352],[-70.6001787443756,-33.5464801959702],[-70.60018254540904,-33.54649850419966],[-70.6001884712638,-33.54651641230511],[-70.60019646487181,-33.546533747821385],[-70.60020644925129,-33.54655034379759],[-70.60021832824795,-33.54656604040487],[-70.60023198746111,-33.5465806864758],[-70.60024729534544,-33.546594140960124],[-70.60026410447759,-33.54660627428325],[-70.60028203504254,-33.546616841161004],[-70.6002792500064,-33.54661725421568],[-70.60025788202579,-33.54662227313009],[-70.6002372044389,-33.546629021618166],[-70.6002174163812,-33.546637434688776],[-70.60019870842171,-33.546647431319876],[-70.60018126072778,-33.54665891523899],[-70.60016524132996,-33.54667177585029],[-70.60015080450377,-33.54668588929963],[-70.60013808928403,-33.54670111966732],[-70.60012721812578,-33.546717320277146],[-70.60011829572497,-33.54673433510881],[-70.60011140801018,-33.546752000300636],[-70.60010662131504,-33.54677014572743],[-70.60010398173928,-33.546788596639026],[-70.60010351470487,-33.546807175343176],[-70.60010522471099,-33.54682570291676],[-70.60010909529072,-33.546844000929006],[-70.60011508916953,-33.546861893159786],[-70.60012314862425,-33.54687920729685],[-70.60013319603895,-33.546895776595136],[-70.6001451346523,-33.546911441482784],[-70.60015884948946,-33.5469260510978],[-70.60017420846934,-33.546939464741044],[-70.60019106367659,-33.54695155323122],[-70.6002092527861,-33.54696220014899],[-70.60022860062621,-33.5469713029582],[-70.60024892086595,-33.54697877399335],[-70.60027001780928,-33.5469845413039],[-70.60029168827998,-33.546988549347176],[-70.60031372357825,-33.546990759523354],[-70.6003359114908,-33.54699115054707],[-70.6007021732602,-33.54698254720101],[-70.60070252423837,-33.54698252448713],[-70.60070287956064,-33.54698252981801],[-70.60091965542317,-33.54697686967285],[-70.60092172151481,-33.54697681688889],[-70.60092219017592,-33.546976785590104],[-70.60092266027632,-33.54697679127166],[-70.60092277578595,-33.54697678315313],[-70.6009228813825,-33.54697678434271],[-70.60092292545467,-33.54697678302716],[-70.60092293558142,-33.5469767831392],[-70.60092503461749,-33.54697672006221],[-70.60092515366091,-33.54697671157338],[-70.60138965507701,-33.54696165395683],[-70.60141153001169,-33.54696005146864],[-70.60143311621455,-33.546956680096855],[-70.60145421016408,-33.54695157162791],[-70.60147461298,-33.54694477422606],[-70.60149413229837,-33.54693635197938],[-70.60151258408537,-33.54692638429544]]]}},{"type":"Feature","properties":{"numpos":"2501","TIPO":"DESCARGO","TENSION":"MT","INCIDENCIA":"DF202671765072","CLITOTAL":"1018","CANTAVISOS":"","FECHA_INICIO":"","FECHA_FIN":"","DESCARGO":"DF202671765072(TP20267213815924)","ESTADODESC":"789","ESTADOINC":" ","CLI_PLAN":"1","FECHA_INIDESC":"03-08-2026 09:30","FECHA_FINDESC":"03-08-2026 15:30","FECHA_REPOSICION":"03-08-2026 15:30","id_alim":"2613"},"geometry":{"type":"Polygon","coordinates":[[[-70.59653366740432,-33.548677809562385],[-70.59655510997857,-33.54867301721074],[-70.5965758883012,-33.54866648810763],[-70.5965958022646,-33.54865828513231],[-70.59661466008556,-33.548648487284396],[-70.59663228015245,-33.54863718892305],[-70.59664849277398,-33.548624498858224],[-70.59666314181378,-33.548610539302786],[-70.5966760861938,-33.548595444695415],[-70.59668720125303,-33.548579360406],[-70.59669637994818,-33.54856244133548],[-70.5967035338843,-33.5485448504242],[-70.59670859416623,-33.548526757082534],[-70.59671151206194,-33.54850833555951],[-70.59671225947189,-33.54848976326453],[-70.59671082919948,-33.54847121905898],[-70.59670723502039,-33.54845288153357],[-70.59670151154985,-33.54843492728847],[-70.59669371390919,-33.54841752923256],[-70.59668391719495,-33.548400854918185],[-70.59667221575567,-33.54838506492768],[-70.5966587222832,-33.548370311326735],[-70.59664356672734,-33.54835673620001],[-70.59662689504444,-33.548344470282835],[-70.59660886779169,-33.548333631702114],[-70.5965896585809,-33.548324324838774],[-70.5965694524065,-33.54831663932255],[-70.59654844386411,-33.548310649168705],[-70.59652683527626,-33.54830641206543],[-70.59650483474427,-33.54830396881811],[-70.5964826541439,-33.54830334295642],[-70.59625558278564,-33.548306271266085],[-70.59620336681974,-33.54830659130353],[-70.59620318284003,-33.54830071428338],[-70.59620698836517,-33.54830060730341],[-70.59647113993718,-33.54829515867468],[-70.5964932728502,-33.54829379002233],[-70.59651513897076,-33.548290611466875],[-70.59653652771492,-33.54828565361975],[-70.59655723309615,-33.548278964228075],[-70.59657705570936,-33.548270607714784],[-70.59659580465113,-33.54826066455813],[-70.59661329935837,-33.54824923051668],[-70.59662937134718,-33.54823641570712],[-70.59664386583552,-33.548222343543586],[-70.59665664323377,-33.5482071495493],[-70.59666758048914,-33.548190980051274],[-70.59667657227064,-33.54817399077107],[-70.59668353198344,-33.548156345325125],[-70.59668839260289,-33.548138213649054],[-70.59669110731983,-33.54811977036103],[-70.5966916499914,-33.548101193080086],[-70.59669001539281,-33.54808266071557],[-70.59668621926745,-33.54806435174421],[-70.59668029817544,-33.5480464424911],[-70.59667230914127,-33.548029105431844],[-70.59666232910469,-33.54801250753139],[-70.59665045417974,-33.54799680863611],[-70.59663679872897,-33.547982159934385],[-70.5966214942621,-33.547968702500654],[-70.59660468816959,-33.54795656593683],[-70.59658654230297,-33.54794586712404],[-70.5965672314164,-33.54793670909718],[-70.59654694148351,-33.54792918005261],[-70.59652586790644,-33.54792335249873],[-70.59650421363413,-33.54791928255774],[-70.59648218720778,-33.54791700942521],[-70.59646617689832,-33.54791668149549],[-70.59647786171779,-33.54791613740136],[-70.5964997930873,-33.547913291930925],[-70.59652128575885,-33.54790866020187],[-70.59654213274507,-33.54790228682057],[-70.59656213327703,-33.547894233166595],[-70.59658109473786,-33.54788457680152],[-70.59659883451774,-33.54787341072191],[-70.59661518177253,-33.547860842463805],[-70.59662997906919,-33.547846993066976],[-70.59664308390182,-33.54783199590926],[-70.59665437006423,-33.547815995422],[-70.59666372886521,-33.54779914569912],[-70.59667107017532,-33.5477816090131],[-70.59667632329484,-33.54776355425213],[-70.59667943763463,-33.54774515529364],[-70.59668038320325,-33.54772658932979],[-70.59667915089574,-33.54770803516097],[-70.59667575258129,-33.547689671473876],[-70.59667022098883,-33.54767167512061],[-70.5966626093918,-33.54765421941559],[-70.59665299109508,-33.547637472466434],[-70.596641458729,-33.54762159555489],[-70.59662812335709,-33.54760674158379],[-70.59661311340662,-33.54759305360441],[-70.59659657343171,-33.54758066343893],[-70.59657866272116,-33.547569690410825],[-70.59655955376441,-33.547560240195835],[-70.59653943059045,-33.547552403804204],[-70.59651848699554,-33.54754625670424],[-70.59649692467679,-33.54754185809557],[-70.59647495128988,-33.547539250338964],[-70.59645277844918,-33.54753845854843],[-70.59619121686802,-33.54753987436086],[-70.59618955240869,-33.5474794428359],[-70.59629667291453,-33.54715931955926],[-70.59635909873661,-33.54707387061834],[-70.59663776656633,-33.54707069865212],[-70.59663813262651,-33.54707067941404],[-70.59663849921614,-33.54707068931776],[-70.59714973075077,-33.54706348121826],[-70.59715324496621,-33.54706328694236],[-70.5971567697927,-33.54706329019987],[-70.59746851943771,-33.547050754589115],[-70.59746852748296,-33.54705075426559],[-70.59746852755362,-33.54705075426277],[-70.59749061593023,-33.54704895318092],[-70.59751238711141,-33.54704534790728],[-70.59753363142757,-33.54703997316284],[-70.59755414428324,-33.547032880709644],[-70.5975737281275,-33.54702413885238],[-70.59759219435648,-33.54701383178035],[-70.59760936512991,-33.5470020587568],[-70.59762507508361,-33.546988933163],[-70.59763917292226,-33.546974581406076],[-70.59765152287628,-33.54695914170185],[-70.59766200600946,-33.54694276274361],[-70.59767052136434,-33.546925602270115],[-70.59767698693442,-33.54690782554639],[-70.59768134045395,-33.54688960377231],[-70.59768353999742,-33.54687111243364],[-70.59768356438346,-33.54685252961213],[-70.59768141337858,-33.54683403427046],[-70.59767710769948,-33.54681580452865],[-70.59767068881348,-33.546798015948816],[-70.59766221853911,-33.54678083984429],[-70.59765177845063,-33.54676444162991],[-70.59763946909253,-33.546748979228894],[-70.59762540901112,-33.546734601552075],[-70.59760973361288,-33.54672144706369],[-70.59759259386038,-33.546709642448064],[-70.59757415481849,-33.54669930138955],[-70.59755459406459,-33.54669052347764],[-70.59753409997865,-33.546683393247946],[-70.59751286992879,-33.546677979368084],[-70.59749110837085,-33.546674333976384],[-70.59746902487915,-33.54667249217977],[-70.59744683212831,-33.54667247171569],[-70.59713859356259,-33.54668486602855],[-70.59663125186908,-33.546692019212024],[-70.59623755601102,-33.54669650026256],[-70.5962242423675,-33.546366899752634],[-70.59622427752923,-33.546365370850985],[-70.59622423525482,-33.546364184644986],[-70.59622431432467,-33.54636299975923],[-70.59622435056755,-33.546358491873974],[-70.59622596257302,-33.546157988377644],[-70.59626461367048,-33.54615677264689],[-70.59626564603725,-33.54615674017468],[-70.59627030069034,-33.546156746620305],[-70.59627243988487,-33.54615666159153],[-70.59627458040431,-33.546156718635125],[-70.59666449135018,-33.54615107835728],[-70.59666553764723,-33.54615102013045],[-70.59666658598607,-33.54615103992597],[-70.59719504414133,-33.54613929188806],[-70.59719915096017,-33.54613938169642],[-70.59722133773396,-33.54613895474919],[-70.59724336769396,-33.54613670889791],[-70.5972650286783,-33.546132665771566],[-70.5972861120786,-33.546126864307915],[-70.5973064148491,-33.54611936037863],[-70.59732574146214,-33.54611022625109],[-70.59734390579118,-33.54609954989243],[-70.59736073290335,-33.54608743412241],[-70.59737606074422,-33.54607399562308],[-70.59738974169842,-33.546059363815104],[-70.59740164401128,-33.54604367961134],[-70.59741165305763,-33.54602709405975],[-70.59741967244575,-33.5460097668887],[-70.59742562494563,-33.5459918649687],[-70.59742945323264,-33.54597356070522],[-70.59743112043961,-33.545955030378565],[-70.59743061051184,-33.545936452445915],[-70.59742792836155,-33.545918005822834],[-70.5974230998207,-33.545899868160234],[-70.597416171392,-33.54588221413345],[-70.59740720980112,-33.54586521376],[-70.59739630135394,-33.54584903076235],[-70.59738355110548,-33.545833820991085],[-70.59736908184803,-33.54581973092405],[-70.59735303292857,-33.54580689625577],[-70.59733555890689,-33.54579544059046],[-70.59731682806701,-33.54578547425197],[-70.59729702079649,-33.54577709322105],[-70.5972763278493,-33.54577037821117],[-70.59725494850878,-33.545765393891195],[-70.59723308866845,-33.54576218826258],[-70.5972109588492,-33.54576079219713],[-70.59720591561917,-33.54576068191056],[-70.59720089887058,-33.54576057220286],[-70.5971949457522,-33.54576068675973],[-70.59718899257462,-33.54576057437151],[-70.59718361081612,-33.54576069402324],[-70.59665563081894,-33.54577243136752],[-70.59631086609635,-33.54577741859615],[-70.59621779621816,-33.54574050303174],[-70.59619974195795,-33.54553834368674],[-70.59619942785841,-33.5455343872482],[-70.59619893767542,-33.54553084831022],[-70.59619870418831,-33.545527291017656],[-70.59619766000624,-33.54552162401469],[-70.59619687106346,-33.54551592814056],[-70.59619596898531,-33.54551244647503],[-70.59619532021847,-33.54550892547512],[-70.59619361770535,-33.54550337146097],[-70.59619216582296,-33.54549776776607],[-70.59619086053745,-33.5454943769033],[-70.59618980273906,-33.545490926105124],[-70.59618745829144,-33.54548553856792],[-70.59618535745226,-33.5454800810188],[-70.59618366153019,-33.54547681361458],[-70.59618220488771,-33.54547346625115],[-70.59617924108417,-33.545468297075665],[-70.59617651152078,-33.545463038231425],[-70.596174441295,-33.54545992575256],[-70.59617259983683,-33.54545671406074],[-70.59616904522075,-33.54545181302888],[-70.59616571322057,-33.54544680353483],[-70.59616328862862,-33.54544387595608],[-70.59616108008922,-33.54544083086616],[-70.59615696889365,-33.54543624517734],[-70.59615306654588,-33.54543153327756],[-70.59615031093801,-33.54542881879302],[-70.59614775658687,-33.545425969630735],[-70.59614312840502,-33.545421743447484],[-70.59613869329152,-33.54541737451993],[-70.59613563320578,-33.54541489927144],[-70.5961327576428,-33.5454122734757],[-70.59612765704665,-33.54540844749835],[-70.59612273187997,-33.54540446361798],[-70.59611939678663,-33.545402251443434],[-70.59611622770507,-33.545399874301964],[-70.59611070381605,-33.545396485376536],[-70.59610533602829,-33.54539292491015],[-70.5961017580461,-33.54539099711395],[-70.59609832596583,-33.54538889151978],[-70.59609243198186,-33.545385972283306],[-70.59608667326762,-33.545382869519976],[-70.5960828868544,-33.545381244667716],[-70.59607922482815,-33.5453794308988],[-70.59607351483291,-33.54537691090435],[-70.59605339825153,-33.54536906355407],[-70.59603245995805,-33.54536290504928],[-70.59601090159859,-33.54535849469941],[-70.59598893079064,-33.54535587497831],[-70.59596675912375,-33.54535507111523],[-70.59594460012181,-33.54535609085177],[-70.59592266718673,-33.54535892436742],[-70.59590117154337,-33.545363544374105],[-70.59588032020531,-33.545369906378944],[-70.5958603139813,-33.54537794911275],[-70.59584134554139,-33.54538759512007],[-70.59582359756142,-33.545398751505104],[-70.59581923743775,-33.54540209940203],[-70.59580128059065,-33.54539231342685],[-70.59578158354547,-33.54538375231453],[-70.59576097921777,-33.545376849051195],[-70.59573966603749,-33.545371670118655],[-70.59571784926094,-33.54536826539261],[-70.59569573899431,-33.545366667662236],[-70.5956735481702,-33.54536689231449],[-70.59565149049695,-33.54536893718595],[-70.5956297784007,-33.545372782583506],[-70.59560862097952,-33.54537839147418],[-70.59558822198984,-33.545385709841625],[-70.59556877788417,-33.54539466720642],[-70.59555047591914,-33.545405177304744],[-70.59553349235225,-33.54541713891917],[-70.59551799074434,-33.54543043685337],[-70.59550412038445,-33.545444943041566],[-70.59549201485207,-33.54546051778178],[-70.5954817907307,-33.54547701108123],[-70.5954735464851,-33.5454942641009],[-70.59546736151285,-33.54551211068517],[-70.59546329537984,-33.54553037896191],[-70.59546138724647,-33.5455488929978],[-70.59546101723177,-33.54555726300618],[-70.59546107301577,-33.545561127212984],[-70.5954608640908,-33.545564987740306],[-70.59546190853436,-33.545794977786905],[-70.59545346502973,-33.545802248023655],[-70.59514309254324,-33.54580853323751],[-70.59513507436668,-33.54580869290901],[-70.59511294069038,-33.5458100457448],[-70.59509107195105,-33.54581320866752],[-70.59506967875527,-33.545818151216764],[-70.59504896713008,-33.54582482579339],[-70.59502913653873,-33.545833168118016],[-70.59501037795987,-33.54584309784995],[-70.59499287204832,-33.545854519361],[-70.59497678739527,-33.545867322656356],[-70.59496227890472,-33.54588138443382],[-70.5949494863016,-33.54589656927139],[-70.59493853278619,-33.54591273093129],[-70.5949295238476,-33.54592971376839],[-70.59492254624776,-33.545947354229064],[-70.59491766718597,-33.54596548242634],[-70.59491493365154,-33.54598392377599],[-70.59491437197121,-33.54600250067782],[-70.59491598755571,-33.54602103422614],[-70.59491976484745,-33.54603934593258],[-70.5949256674703,-33.54605725944519],[-70.59493363857999,-33.546074602246705],[-70.59494360141137,-33.54609120731605],[-70.59495546001769,-33.54610691473689],[-70.59496910019467,-33.54612157323757],[-70.59498439058024,-33.54613504164819],[-70.59500118391963,-33.54614719025999],[-70.5950193184836,-33.54615790207465],[-70.5950386196258,-33.54616707393101],[-70.59505890146498,-33.54617461749859],[-70.59507996867495,-33.54618046012836],[-70.59510161836582,-33.54618454555223],[-70.59512364203793,-33.546186834425185],[-70.59514582758995,-33.54618730470396],[-70.5951538910654,-33.54618714412935],[-70.59515393628733,-33.54618714136532],[-70.59515398161543,-33.546187142310956],[-70.59547495156333,-33.54618064243817],[-70.59548242851977,-33.546367764101426],[-70.59548237595979,-33.546368153559136],[-70.59548225105542,-33.54637544001729],[-70.59548194177236,-33.5463827226228],[-70.59548209186335,-33.546384726693894],[-70.59548205744565,-33.54638673449497],[-70.59549572729036,-33.54671613548179],[-70.59525757641694,-33.546721266166124],[-70.59525509358525,-33.546721421983484],[-70.59525404321116,-33.54672141541081],[-70.59491701098203,-33.54673316573779],[-70.59489490939946,-33.54673484886486],[-70.59487311126416,-33.54673833783482],[-70.59485182650282,-33.546743599047225],[-70.59483126009816,-33.54675058183404],[-70.59481161011497,-33.5467592189477],[-70.59479306579253,-33.546769427208524],[-70.59477580572234,-33.54678110830595],[-70.59475999612805,-33.546794149745175],[-70.5947457892647,-33.54680842593061],[-70.59473332195249,-33.54682379937533],[-70.59472271425898,-33.54684012202517],[-70.59471406834288,-33.54685723668457],[-70.59470746747007,-33.546874978530376],[-70.59470297521176,-33.54689317669922],[-70.59470063483215,-33.54691165593296],[-70.59470046887174,-33.54693023826657],[-70.59470247893017,-33.54694874474195],[-70.59470664565093,-33.54696699713154],[-70.59471292890743,-33.54698481965458],[-70.59472126818964,-33.547002040670044],[-70.59473158318667,-33.54701849432977],[-70.59474377456023,-33.54703402217546],[-70.59475772490121,-33.54704847466499],[-70.59477329986048,-33.547061712612376],[-70.59479034944259,-33.54707360852838],[-70.59480870945049,-33.547084047848244],[-70.5948282030667,-33.547092930035156],[-70.59484864255623,-33.547100169548266],[-70.5948698310746,-33.54710569666678],[-70.59489156456365,-33.5471094581612],[-70.5949136337167,-33.547111417806086],[-70.59493582599436,-33.547111556728936],[-70.59520243674625,-33.547102261625945],[-70.59521907599618,-33.54710517559679],[-70.59524113958527,-33.547107178659864],[-70.59526333140825,-33.54710736124837],[-70.59562462532315,-33.54709547703326],[-70.5956288674814,-33.547095368025055],[-70.59564855487969,-33.547094862793465],[-70.59564907330763,-33.547094828111106],[-70.59564959333751,-33.54709483414419],[-70.59576572933528,-33.54709140644317],[-70.59575041971323,-33.54728100713906],[-70.59550906661667,-33.54728624615264],[-70.59550672936463,-33.54728639321592],[-70.59550438552986,-33.54728638839353],[-70.5953197780372,-33.54729360147136],[-70.59529768667811,-33.54729537742695],[-70.59527590958471,-33.54729895792748],[-70.59525465648106,-33.547304308491064],[-70.59523413204501,-33.547311377589146],[-70.59521453393715,-33.54732009714292],[-70.59519605089723,-33.547330383178796],[-70.59517886092655,-33.54734213663718],[-70.59516312957366,-33.547355244326404],[-70.59514900834017,-33.54736958001284],[-70.59513663322157,-33.54738500563656],[-70.59512612339758,-33.54740137264087],[-70.59511758008438,-33.54741852340305],[-70.59511108555975,-33.547436292752245],[-70.59510670237069,-33.5474545095602],[-70.59510447273102,-33.54747299838929],[-70.59510441811477,-33.54749158118206],[-70.5951065390493,-33.547510078976],[-70.59511081511023,-33.54752831362712],[-70.59511720511799,-33.5475461095255],[-70.59512564753449,-33.54756329528653],[-70.59513606105557,-33.547579705401546],[-70.5951483453941,-33.54759518183164],[-70.59516238224565,-33.547609575529805],[-70.59517803642788,-33.54762274787625],[-70.59519515718247,-33.54763457201352],[-70.59521357962684,-33.547644934068174],[-70.59523312634224,-33.54765373424743],[-70.59525360908226,-33.54766088780029],[-70.59527483058594,-33.547666325833745],[-70.59528783734412,-33.54766852002871],[-70.59528552600837,-33.547669094153065],[-70.5952649705385,-33.547676099921155],[-70.59524533413642,-33.54768475898971],[-70.59522680591067,-33.54769498796765],[-70.5952095642977,-33.547706688344874],[-70.59519377534342,-33.54771974744095],[-70.59517959110413,-33.54773403949019],[-70.59516714818209,-33.54774942685293],[-70.59515656641001,-33.54776576134096],[-70.59514794769697,-33.54778288564468],[-70.59514137504685,-33.54780063484809],[-70.59513691175908,-33.547818838016944],[-70.59513460081885,-33.547837319844966],[-70.59513446448315,-33.547855902342114],[-70.59513650406635,-33.54787440654875],[-70.59514069992751,-33.54789265425911],[-70.59514701165949,-33.54791046973752],[-70.59515537847797,-33.54792768141085],[-70.59516571980689,-33.547944123520814],[-70.59517793605438,-33.54795963772043],[-70.59519190957177,-33.54797407459891],[-70.59520370607713,-33.54798407420239],[-70.59519794302928,-33.54798853386466],[-70.59518319929555,-33.548002423284885],[-70.59517015244666,-33.5480174558725],[-70.59515892813134,-33.54803348685602],[-70.59514963444661,-33.548050361848766],[-70.59514236089667,-33.54806791833578],[-70.59513717753093,-33.54808598723879],[-70.59513413426927,-33.54810439454462],[-70.59513326042133,-33.54812296298096],[-70.59513456440415,-33.54814151372365],[-70.595138033661,-33.54815986811875],[-70.5951436347824,-33.548177849403224],[-70.59515131382766,-33.548195284407115],[-70.59516099684438,-33.54821200522143],[-70.59517259058066,-33.5482278508151],[-70.5951859833831,-33.54824266858588],[-70.59520104627197,-33.54825631582993],[-70.59521763418351,-33.54826866111629],[-70.59523558736683,-33.548279585552514],[-70.59525473292253,-33.54828898392981],[-70.59527488646766,-33.548296765736154],[-70.59529585391165,-33.548302856028094],[-70.59531743332543,-33.54830719615247],[-70.59533941688619,-33.54830974431126],[-70.59536159287886,-33.548310475964236],[-70.59556708243008,-33.54830880592214],[-70.59556727047715,-33.54830879665397],[-70.59556745871576,-33.548308802601554],[-70.59575092833379,-33.548307055575926],[-70.59575096611485,-33.54830826264939],[-70.59559858470702,-33.54831115183242],[-70.59537586670531,-33.54831519898513],[-70.5953537290791,-33.548316513272],[-70.59533185190095,-33.54831963810243],[-70.59531044585877,-33.54832454338284],[-70.59528971710328,-33.548331181873],[-70.59526986526274,-33.54833948964109],[-70.59525108152039,-33.548349386679185],[-70.59523354677339,-33.54836077767396],[-70.59521742989064,-33.5483735529245],[-70.5952028860865,-33.548387589398686],[-70.59519005542603,-33.548402751918196],[-70.59517906147597,-33.54841889446021],[-70.59517001011483,-33.548435861563675],[-70.59516298851317,-33.54845348982651],[-70.59515806429394,-33.548471609479265],[-70.59515528488139,-33.54849004601994],[-70.59515467704412,-33.5485086218947],[-70.59515624663733,-33.5485271582077],[-70.59515997854635,-33.54854547644398],[-70.59516583683215,-33.548563400188705],[-70.59517376507743,-33.54858075682605],[-70.59518368692983,-33.54859737920175],[-70.59519550683731,-33.548613107232704],[-70.59520911096826,-33.54862778944888],[-70.59522436830771,-33.54864128445191],[-70.59524113191924,-33.54865346227696],[-70.59525924035982,-33.548664205644386],[-70.59527851923478,-33.548673411089126],[-70.59529878287724,-33.54868098995727],[-70.59531983613628,-33.548686869259726],[-70.59534147625641,-33.54869099237534],[-70.59536349483011,-33.548693319596026],[-70.59538567980513,-33.548693828509236],[-70.59560850498741,-33.548689779380396],[-70.59560861107988,-33.548689773081605],[-70.59560871740155,-33.54868977543667],[-70.5957691341541,-33.54868673387634],[-70.59577492264044,-33.54869972235966],[-70.59578468239238,-33.5487164118834],[-70.595796348843,-33.54873222004402],[-70.59580980963861,-33.548746994599846],[-70.59582493514473,-33.54876059326321],[-70.59584157969446,-33.54877288507098],[-70.59585958299152,-33.54878375164577],[-70.59587877165382,-33.548793088336005],[-70.59589896088332,-33.54880080522374],[-70.59591995624572,-33.54880682799075],[-70.59594155554312,-33.54881109863413],[-70.59596355076118,-33.54881357602509],[-70.59598573007258,-33.54881423630485],[-70.59600787987705,-33.548813073114594],[-70.59602978685847,-33.548810097656535],[-70.59605124003929,-33.54880533858619],[-70.59607203281253,-33.5487988417364],[-70.59609196493139,-33.548790669675704],[-70.59611084443782,-33.548780901106035],[-70.59612848951126,-33.54876963010459],[-70.59614473021973,-33.54875696521781],[-70.59615941015628,-33.548743028416105],[-70.59617238794527,-33.548727953919006],[-70.59618353860404,-33.548711886902744],[-70.59619275474634,-33.548694982101914],[-70.59619669130623,-33.54868536092746],[-70.59625980716213,-33.5486849740776],[-70.59626163413563,-33.54868495669912],[-70.59648961992896,-33.54868201656861],[-70.59651176708331,-33.54868081900927],[-70.59653366740432,-33.548677809562385]],[[-70.59619714549778,-33.54792197685017],[-70.59619714153911,-33.547918568818055],[-70.5964211576324,-33.54791735623623],[-70.59619714549778,-33.54792197685017]]]}},{"type":"Feature","properties":{"numpos":"30619","TIPO":"DESCARGO","TENSION":"MT","INCIDENCIA":"DF202671765072","CLITOTAL":"1018","CANTAVISOS":"","FECHA_INICIO":"","FECHA_FIN":"","DESCARGO":"DF202671765072(TP20267213815924)","ESTADODESC":"789","ESTADOINC":" ","CLI_PLAN":"1","FECHA_INIDESC":"03-08-2026 09:30","FECHA_FINDESC":"03-08-2026 15:30","FECHA_REPOSICION":"03-08-2026 15:30","id_alim":"2613"},"geometry":{"type":"Polygon","coordinates":[[[-70.59975467497908,-33.54666976517461],[-70.59976298360249,-33.5466869965335],[-70.59977326929169,-33.546703463000576],[-70.59978543299066,-33.546719005994255],[-70.59979935755682,-33.54673347582648],[-70.59981490888924,-33.54674673314428],[-70.59983193722006,-33.546758650271855],[-70.59985027855684,-33.54676911244021],[-70.59986975626198,-33.546778018892404],[-70.59989018275367,-33.54678528385398],[-70.59991136131265,-33.546790837359],[-70.59993308797668,-33.546794625923894],[-70.59995515350477,-33.54679661306249],[-70.59997734539245,-33.546796779637496],[-70.59999944991833,-33.54679512404474],[-70.60002125420239,-33.54679166222861],[-70.60004254825616,-33.54678642752855],[-70.60006312700513,-33.546779470357926],[-70.60008279226369,-33.54677085771853],[-70.60010135464397,-33.54676067255525],[-70.60011863537953,-33.54674901295735],[-70.60013446804719,-33.54673599121371],[-70.60014870016975,-33.54672173273139],[-70.60016119468442,-33.54670637482795],[-70.60017183126268,-33.54669006540891],[-70.6001805074693,-33.54667296154333],[-70.60018713974867,-33.54665522795121],[-70.60019166422948,-33.546637035417014],[-70.6001940373398,-33.54661855914498],[-70.60019423622666,-33.546599977071786],[-70.60018613986259,-33.54643111232584],[-70.60017317482757,-33.54611215547665],[-70.60017313413705,-33.546111746461904],[-70.60017313939831,-33.54611133605413],[-70.60015450710253,-33.545704746616494],[-70.60015417156971,-33.54569616908611],[-70.60015414474664,-33.545695895227325],[-70.60015414915858,-33.54569562047387],[-70.60014117756275,-33.54539100477712],[-70.60013044540477,-33.545120757850384],[-70.60013038757344,-33.54512017098334],[-70.60013039434804,-33.545119582149084],[-70.60011791781893,-33.544854921501006],[-70.60012850621308,-33.54464977479725],[-70.60012844837203,-33.544641559059535],[-70.60012850212141,-33.54463334330235],[-70.6001115349385,-33.54430775494251],[-70.60011135715745,-33.54430432309446],[-70.60011133808872,-33.54430317326458],[-70.60011127219052,-33.544302682910434],[-70.60009073206437,-33.54390617802299],[-70.60009073207078,-33.543906177101626],[-70.60007704376092,-33.54364133157236],[-70.60007499749223,-33.543622827910106],[-70.60007079515198,-33.54360458129807],[-70.60006447721229,-33.54358676746089],[-70.60005610451951,-33.54356955795517],[-70.6000457577082,-33.54355311851748],[-70.60003353642456,-33.543537607468046],[-70.60001955836675,-33.54352317418624],[-70.60000395815135,-33.543509957671844],[-70.59998688601691,-33.54349808520659],[-70.59996850637711,-33.543487671128226],[-70.59994899623739,-33.543478815729486],[-70.59992854349024,-33.54347160429226],[-70.59990734510579,-33.54346610626625],[-70.5998856052349,-33.54346237460016],[-70.5998635332431,-33.54346044523179],[-70.59984134169439,-33.54346033674191],[-70.59981924430409,-33.54346205017537],[-70.5997974538808,-33.54346556903106],[-70.59977618027692,-33.543470859420694],[-70.59975562836779,-33.54347787039529],[-70.59973599607851,-33.543486534435736],[-70.59971747247805,-33.5434967681031],[-70.59970023595828,-33.54350847284213],[-70.5996844525161,-33.54352153593034],[-70.59967027415469,-33.543535831563645],[-70.59965783741974,-33.54355122206781],[-70.59964726208437,-33.543567559224435],[-70.59963864999563,-33.54358468569817],[-70.59963208409366,-33.54360243655213],[-70.59962762761285,-33.543620640836195],[-70.59962532347288,-33.54363912323331],[-70.59962519386521,-33.54365770574798],[-70.59963888080281,-33.543922551367146],[-70.59963888178319,-33.54392256023258],[-70.59963888171568,-33.54392257007886],[-70.59965968478937,-33.54432419115701],[-70.59965968718944,-33.54432421276295],[-70.59965968732594,-33.544324239981876],[-70.59967622599623,-33.54464163719151],[-70.59966565685856,-33.544846390096446],[-70.59966571189206,-33.54485421284568],[-70.59966562185048,-33.54486203536726],[-70.59967843805885,-33.54513393155791],[-70.59968915449053,-33.545403817837006],[-70.59968917683942,-33.545404044642005],[-70.59968917318415,-33.54540427219716],[-70.5996982997947,-33.54561862152765],[-70.59969429035786,-33.54562466143124],[-70.59968546152245,-33.54564171041462],[-70.59967867089485,-33.54565940192371],[-70.59967398387361,-33.54567756557993],[-70.59967144559866,-33.5456960264575],[-70.5996710805163,-33.54571460676819],[-70.59967289214391,-33.54573312757343],[-70.59967686303584,-33.5457514105076],[-70.59968295495158,-33.54576927949581],[-70.59969110922371,-33.545786562449585],[-70.59970124732324,-33.54580309292424],[-70.59970672293484,-33.54581020539942],[-70.59972116752843,-33.546125447114235],[-70.59973413772163,-33.54644457170484],[-70.59973419505552,-33.546445148042295],[-70.59973418886267,-33.546445726352545],[-70.59974231202523,-33.54661516841204],[-70.59974428918122,-33.54663367734081],[-70.59974842343712,-33.54665193487174],[-70.59975467497908,-33.54666976517461]]]}},{"type":"Feature","properties":{"numpos":"9767","TIPO":"DESCARGO","TENSION":"MT","INCIDENCIA":"DF202671765072","CLITOTAL":"1018","CANTAVISOS":"","FECHA_INICIO":"","FECHA_FIN":"","DESCARGO":"DF202671765072(TP20267213815924)","ESTADODESC":"789","ESTADOINC":" ","CLI_PLAN":"1","FECHA_INIDESC":"03-08-2026 09:30","FECHA_FINDESC":"03-08-2026 15:30","FECHA_REPOSICION":"03-08-2026 15:30","id_alim":"2613"},"geometry":{"type":"Polygon","coordinates":[[[-70.59941953011973,-33.54711121315425],[-70.59943222191562,-33.54712645725512],[-70.59944663705652,-33.547140586295896],[-70.59946263671684,-33.54715346420566],[-70.59948006681105,-33.5471649669625],[-70.59949875947743,-33.547174983788025],[-70.59951853469475,-33.54718341821427],[-70.599539202016,-33.547190189012596],[-70.59956056240253,-33.5471952309762],[-70.59958241014094,-33.54719849554793],[-70.5996045348242,-33.547199951288015],[-70.59962672337817,-33.547199584176845],[-70.59964876211353,-33.54719739774994],[-70.59967043878389,-33.547193413064],[-70.59969154462978,-33.547187668493976],[-70.59971187638932,-33.5471802193636],[-70.59973123825561,-33.547171137412505],[-70.59974944376265,-33.5471605101054],[-70.59976631758097,-33.54714843978957],[-70.59978169720631,-33.547135042709336],[-70.5997954345246,-33.54712044788649],[-70.5998073972383,-33.54710479587771],[-70.5998174701406,-33.5470882374209],[-70.59982555622479,-33.54707093198346],[-70.59983157761847,-33.54705304622662],[-70.59983547633362,-33.54703475240024],[-70.59983721482476,-33.54701622668403],[-70.59983684442652,-33.547000532028036],[-70.60010674708575,-33.54699545891578],[-70.6001081077683,-33.546995435697895],[-70.60012121366012,-33.54699526629097],[-70.60012290231198,-33.54699523918162],[-70.60033475011522,-33.546991175325964],[-70.60035688545186,-33.54698983863013],[-70.60037875772765,-33.546986691650716],[-70.60040015629929,-33.546981764695104],[-70.60042087508569,-33.54697510521285],[-70.60044071455258,-33.54696677733886],[-70.60045948363425,-33.54695686127562],[-70.60047700157365,-33.546945452520724],[-70.60049309966315,-33.54693266094733],[-70.60050762286934,-33.54691860974582],[-70.60052043132602,-33.54690343423754],[-70.60053140168125,-33.54688728057145],[-70.60054042828533,-33.54687030431665],[-70.60054742420805,-33.546852668964156],[-70.600552322076,-33.54683454435241],[-70.60055507472133,-33.546816105031446],[-70.60055565563589,-33.5467975285822],[-70.60055405922657,-33.546778993905974],[-70.60055030086905,-33.546760679501716],[-70.60054441675965,-33.54674276174692],[-70.60053646356671,-33.54672541319905],[-70.60052651788487,-33.546708800933644],[-70.60051467549725,-33.54669308493546],[-70.60050105045308,-33.54667841655761],[-70.6004857739693,-33.546664937064],[-70.60046899316677,-33.54665277626894],[-70.6004508696536,-33.546642051286995],[-70.60043157796858,-33.54663286540508],[-70.60041130390044,-33.546625307087766],[-70.60039024269858,-33.54661944912538],[-70.60036859719271,-33.54661534793299],[-70.60034657583965,-33.546613043007156],[-70.60032439071568,-33.5466125565454],[-70.60023139151491,-33.54661434057275],[-70.60016605205224,-33.546521610052594],[-70.60015385053471,-33.546506087873674],[-70.60013989078209,-33.54649164185892],[-70.60012430723462,-33.54647841113077],[-70.60010724997042,-33.546466523107796],[-70.60008888325993,-33.546456092277595],[-70.60006938398404,-33.546447219094254],[-70.60004893993067,-33.54643998901089],[-70.6000277479862,-33.546434471656816],[-70.60000601223948,-33.546430720166846],[-70.59998394201632,-33.54642877066973],[-70.59996174986367,-33.546428641940054],[-70.59993964950269,-33.54643033521759],[-70.59991785377058,-33.54643383419537],[-70.5998965725709,-33.546439105176475],[-70.59987601085204,-33.54644609739891],[-70.5998563666337,-33.546454743524144],[-70.59983782909964,-33.546464960285746],[-70.59982057677595,-33.54647664929129],[-70.5998047758117,-33.54648969796981],[-70.59980068505108,-33.54649381329544],[-70.59979348277784,-33.54627171977857],[-70.59979348896994,-33.54627161368208],[-70.5997934881003,-33.54626877667755],[-70.59979331368781,-33.54626581939562],[-70.5997933758198,-33.54626286260596],[-70.59978157649705,-33.54594925064403],[-70.59978151991449,-33.545946180748146],[-70.59978144535859,-33.54594520821376],[-70.59978147272734,-33.54594425489344],[-70.5997726130093,-33.54565458311905],[-70.59977266087486,-33.54565377620405],[-70.599772586261,-33.545652490202386],[-70.5997726784216,-33.54564934452099],[-70.59976554185477,-33.545406079561914],[-70.59976533662301,-33.545403750353344],[-70.59976532811204,-33.5454035219037],[-70.5997606358664,-33.54519375734611],[-70.599759132024,-33.54517521723463],[-70.59975546519205,-33.54515688982633],[-70.5997496706854,-33.54513895162395],[-70.59974180430953,-33.545121575381856],[-70.59973194182291,-33.54510492844237],[-70.59972017820753,-33.54508917112412],[-70.59970662675399,-33.545074455178124],[-70.59969141797046,-33.54506092232645],[-70.59967469832593,-33.545048702897326],[-70.59965662883947,-33.54503791456988],[-70.59963738352958,-33.545028661241155],[-70.59961714773839,-33.545021032025225],[-70.59959611634666,-33.54501510039525],[-70.59957449189709,-33.545010923475736],[-70.59955248264363,-33.54500854149248],[-70.59953030054609,-33.5450079773852],[-70.59950815922879,-33.54500923658653],[-70.59948627192334,-33.54501230696982],[-70.59946484941518,-33.54501715896582],[-70.59944409801356,-33.545023745847466],[-70.59942421756485,-33.545032004179916],[-70.59940539952781,-33.54504185443139],[-70.59938782512987,-33.54505320173912],[-70.59937166362175,-33.54506593682291],[-70.59935707064763,-33.545079937037485],[-70.599344186746,-33.5450950675537],[-70.59933313599645,-33.54511118265698],[-70.5993240248244,-33.5451281271505],[-70.59931694097645,-33.54514573784995],[-70.59931195267502,-33.54516384515498],[-70.59930910796149,-33.545182274682546],[-70.5993088287097,-33.5451899734808],[-70.59911290150974,-33.54519119188701],[-70.59897716034854,-33.54519052797434],[-70.59897419606003,-33.54515315975421],[-70.59897164043085,-33.545134700550996],[-70.59896693634899,-33.54511653998666],[-70.59896012911854,-33.545098852957075],[-70.59895128429801,-33.54508180979763],[-70.59894048706875,-33.545065574642834],[-70.59892784141465,-33.54505030384559],[-70.59891346912076,-33.54503614447146],[-70.59889750860025,-33.54502323288239],[-70.5988801135616,-33.54501169342349],[-70.59886145152815,-33.54500163722545],[-70.59884170222487,-33.54499316113451],[-70.59882105584752,-33.54498634677956],[-70.59879971123092,-33.54498125978625],[-70.59877787393417,-33.544977949144794],[-70.59875575426109,-33.54497644673837],[-70.59873356523482,-33.544976767035855],[-70.59871152054644,-33.54497890695272],[-70.59868983249697,-33.54498284588055],[-70.59866870995297,-33.54498854588559],[-70.59864835633496,-33.54499595207406],[-70.59862896765853,-33.54500499312074],[-70.59861073064648,-33.545015581955944],[-70.59859382093083,-33.545027616603925],[-70.59857840136117,-33.54504098116507],[-70.59856462043646,-33.545055546931856],[-70.59855261087498,-33.54507117362858],[-70.59854248833591,-33.54508771076212],[-70.59853435030575,-33.54510499907124],[-70.5985282751592,-33.54512287206048],[-70.59852432140445,-33.545141157603446],[-70.59852252711966,-33.545159679600516],[-70.59852290958614,-33.545178259674785],[-70.59852701058618,-33.54522996080405],[-70.59851643052893,-33.545222379537734],[-70.59849823609592,-33.545211739415166],[-70.59847888378683,-33.545202643829555],[-70.59845855997419,-33.54519518037589],[-70.59843746038648,-33.545189420930924],[-70.59841578822306,-33.54518542096096],[-70.5983937521975,-33.54518321898767],[-70.59837156452733,-33.545182836217194],[-70.59834943889058,-33.54518427633581],[-70.59832758836788,-33.54518752547453],[-70.59830622339038,-33.545192552342606],[-70.59828554971335,-33.5451993085289],[-70.59826576643461,-33.545207728968045],[-70.59824706407716,-33.54521773256711],[-70.5982296227544,-33.54522922298649],[-70.5982136104355,-33.54524208956773],[-70.59819918132786,-33.54525620839925],[-70.5981864743919,-33.545271443509485],[-70.59817561200292,-33.54528764817656],[-70.59816669877245,-33.5453046663411],[-70.59815982054069,-33.54532233410933],[-70.59815504354995,-33.545340481331245],[-70.59815241380659,-33.54535893323939],[-70.59815195663779,-33.54537751213192],[-70.5981606357861,-33.54563256932313],[-70.59816067692091,-33.545633666458805],[-70.59816098998324,-33.54564130994233],[-70.59816099889511,-33.545641523993794],[-70.59816107437405,-33.54564330792249],[-70.59816114944654,-33.54564509222245],[-70.59816115015575,-33.54564509924992],[-70.59816761764488,-33.54580014547335],[-70.59813413187358,-33.54582047482782],[-70.59812245358324,-33.54579642105209],[-70.5981130970516,-33.545779570535274],[-70.59810181310924,-33.54576356908778],[-70.59808871042738,-33.5457485708118],[-70.59807391519234,-33.54573472014837],[-70.59805756989046,-33.545722150486334],[-70.59803983193572,-33.545710982877864],[-70.59802087215394,-33.54570132487261],[-70.59800087313747,-33.54569326948192],[-70.59798002748687,-33.5456868942832],[-70.59795853595602,-33.54568226067277],[-70.59793660551894,-33.545679413274556],[-70.59791444737633,-33.54567837951047],[-70.59789227492183,-33.54567916933617],[-70.59787030168694,-33.54568177514529],[-70.59784873928459,-33.54568617184269],[-70.59782779537124,-33.54569231708602],[-70.59780767164725,-33.54570015169369],[-70.59778856191416,-33.54570960021454],[-70.59777065020853,-33.545720571654755],[-70.59775410902954,-33.54573296035385],[-70.59773909767762,-33.54574664700249],[-70.5977257607205,-33.54576149979134],[-70.59771422660079,-33.545777375680466],[-70.59771302849934,-33.54577946124234],[-70.5976039751674,-33.54570953787307],[-70.59758571431246,-33.545698977701406],[-70.59756630525295,-33.545689967124744],[-70.59754593490797,-33.545682592919384],[-70.59752479945405,-33.54567692610258],[-70.59750310243604,-33.545673021248554],[-70.59748105280676,-33.545670915963036],[-70.59745886291485,-33.545670630520924],[-70.59743674645968,-33.54567216767121],[-70.59741491643348,-33.545675512610494],[-70.59739358307,-33.545680633125365],[-70.59737295182009,-33.54568747990283],[-70.59735322137293,-33.545695987005075],[-70.59733458174279,-33.545706072504586],[-70.59731721243892,-33.545717639273015],[-70.597301280737,-33.545730575916636],[-70.59728694006799,-33.54574475784905],[-70.59727432854066,-33.54576004849107],[-70.59726356761149,-33.54577630058599],[-70.59725476091485,-33.545793357617725],[-70.59724799326503,-33.54581105531809],[-70.59724332983937,-33.54582922324887],[-70.59724081555053,-33.54584768644319],[-70.5972404746138,-33.545866267090425],[-70.59724231031399,-33.54588478624884],[-70.59724523185349,-33.545898155036575],[-70.59723839054926,-33.54590376267954],[-70.59722412959624,-33.54591800088186],[-70.5972116039912,-33.545933340977854],[-70.59720093436312,-33.54594963523451],[-70.59719222346716,-33.54596672672972],[-70.59718555519501,-33.54598445086343],[-70.59718099376694,-33.5460026369428],[-70.59717858311329,-33.546021109826185],[-70.59717834645132,-33.54603969160969],[-70.59718028606164,-33.54605820334054],[-70.5971843832661,-33.54607646674053],[-70.59719059860767,-33.54609430592286],[-70.59719887223032,-33.54611154908611],[-70.59720912445555,-33.54612803016879],[-70.59722125654959,-33.54614359044856],[-70.59723122286717,-33.54615398317196],[-70.59722861281884,-33.54615659404826],[-70.59722457155135,-33.546160282981766],[-70.59722148822995,-33.54616372089618],[-70.59721819812972,-33.54616701203911],[-70.59721483438621,-33.546171139954666],[-70.59721124486857,-33.54617514227843],[-70.59720857917877,-33.54617881621292],[-70.59720568977865,-33.546182362023046],[-70.59720282504358,-33.546186746735174],[-70.59719972174392,-33.54619102379546],[-70.59719749926059,-33.54619489828184],[-70.59719503848413,-33.546198664700974],[-70.59719270047118,-33.54620326407741],[-70.59719011315207,-33.546207774585696],[-70.59718835516318,-33.54621181223543],[-70.59718634682477,-33.54621576306964],[-70.59718455819521,-33.54622053289602],[-70.59718251162992,-33.54622523333027],[-70.59718123493442,-33.54622939519753],[-70.59717969850699,-33.54623349246279],[-70.59717936296495,-33.546234569598404],[-70.59717809264832,-33.54623963865451],[-70.59717699038539,-33.5462432318923],[-70.59717642751595,-33.546246283177624],[-70.59717487661622,-33.54625247186749],[-70.59717384304851,-33.546260293436085],[-70.59717360259232,-33.546261596935985],[-70.59717353485318,-33.546262625717496],[-70.59717247409182,-33.54627065307376],[-70.5971721778125,-33.54628894355724],[-70.59717399054435,-33.546307172637995],[-70.59717789537297,-33.54632517020908],[-70.59718385586119,-33.54634276832373],[-70.59719181638911,-33.54635980276277],[-70.59720170267308,-33.54637611456682],[-70.59721342245874,-33.54639155151989],[-70.59722686638207,-33.546405969569676],[-70.59724190898974,-33.54641923417185],[-70.59725224256734,-33.54642674117554],[-70.59725066313683,-33.54642724362612],[-70.59723078964674,-33.5464355142647],[-70.59721197999122,-33.54644537616516],[-70.5971944153169,-33.54645673435258],[-70.59717826478096,-33.546469479441974],[-70.59716368392179,-33.546483488691706],[-70.59715081316136,-33.54649862718562],[-70.59713977645255,-33.54651474913231],[-70.59713068008568,-33.54653169926904],[-70.59712361166471,-33.546549314357165],[-70.59711863926351,-33.54656742475403],[-70.5971158107703,-33.546585856046896],[-70.59711515342642,-33.546604430732394],[-70.59711667356376,-33.54662296992614],[-70.59712035654402,-33.546641295085465],[-70.59712616689934,-33.54665922972883],[-70.59713404867402,-33.54667660113549],[-70.59714392596328,-33.546693242008885],[-70.5971557036442,-33.54670899208783],[-70.59716926829186,-33.54672369968992],[-70.59718448927158,-33.546737223172336],[-70.59720121999705,-33.546749432296],[-70.59721929934197,-33.54676020947976],[-70.5972385531919,-33.54676945093294],[-70.59725601873329,-33.54677602261912],[-70.5972533255738,-33.54678089622335],[-70.59724925308633,-33.54678798337879],[-70.59724866724787,-33.546789326037334],[-70.59724795035035,-33.54679062335146],[-70.59724486052916,-33.546798050494615],[-70.59724163726062,-33.546805437765784],[-70.59724121141218,-33.54680682204074],[-70.59724064982784,-33.54680817194609],[-70.59723844429251,-33.546815816917196],[-70.59723610128513,-33.546823433160895],[-70.59723583952798,-33.546824845720984],[-70.59723543866528,-33.54682623521722],[-70.5972341386568,-33.54683402439122],[-70.59723269847562,-33.54684179625889],[-70.59723260333072,-33.546843223500375],[-70.59723236705025,-33.546844639205915],[-70.59723198508901,-33.54685249756883],[-70.5972314616043,-33.54686035021322],[-70.59723153398808,-33.546861778391005],[-70.59723146456547,-33.54686320667184],[-70.59723200433052,-33.54687105854341],[-70.59723240258434,-33.5468789163392],[-70.59723264179979,-33.546880331699136],[-70.59723273990373,-33.54688175880014],[-70.59723419619745,-33.54688952856245],[-70.59723551235494,-33.5468973158348],[-70.5972359160984,-33.54689870474619],[-70.59723618078422,-33.54690011692358],[-70.59723853958225,-33.546907729749556],[-70.59724076096869,-33.5469153715026],[-70.59724132535196,-33.5469167205894],[-70.59724175407067,-33.54691810424317],[-70.59724499265705,-33.54692548681699],[-70.59724809787973,-33.54693290945635],[-70.5972488174676,-33.546934205726174],[-70.59724940609048,-33.546935547530865],[-70.59725349327621,-33.54694262875401],[-70.59725745243067,-33.546949760795606],[-70.5972583202932,-33.546950991764604],[-70.59725906315158,-33.54695227879791],[-70.59726395957522,-33.54695899047422],[-70.59726873453295,-33.546965763232244],[-70.59726974231218,-33.54696691704547],[-70.59727063225199,-33.546968136912525],[-70.59727629075854,-33.54697441440469],[-70.59728183553437,-33.54698076265357],[-70.59728297352488,-33.54698182819913],[-70.59728400197554,-33.5469829691519],[-70.59729036807077,-33.546988752004076],[-70.5972966292655,-33.54699461460639],[-70.59729788650779,-33.5469955816224],[-70.59729904356483,-33.546996632672894],[-70.59730605593984,-33.547001865192826],[-70.59731297325473,-33.547007185688244],[-70.59731433764091,-33.54700804486181],[-70.59731561216118,-33.547008995887744],[-70.59732320328273,-33.54701362768302],[-70.59733071010037,-33.54701835483215],[-70.59733216849061,-33.54701909788894],[-70.59733354819979,-33.54701993973136],[-70.59734164496102,-33.54702392619507],[-70.59734966898641,-33.547028014472644],[-70.59735120733559,-33.54702863425657],[-70.59735267894627,-33.54702935880802],[-70.59736120337088,-33.54703266154822],[-70.59736966732778,-33.5470360715816],[-70.59737127082057,-33.54703656212371],[-70.59737282016037,-33.5470371624064],[-70.59738169015301,-33.54703974961567],[-70.59739051252859,-33.54704244856421],[-70.5973921657226,-33.54704280514038],[-70.59739377787025,-33.54704327537312],[-70.59740290800721,-33.547045122134996],[-70.59741200383706,-33.54704708400632],[-70.59741369081094,-33.54704730318246],[-70.59741535024061,-33.5470476388367],[-70.59742465259335,-33.547048727365855],[-70.59743393427891,-33.54704993326586],[-70.59743563878611,-33.54705001293117],[-70.59743732951644,-33.54705021077435],[-70.59744671449778,-33.547050530587605],[-70.59745609265066,-33.54705096890274],[-70.59745779827564,-33.547050908290025],[-70.59745950402394,-33.5470509664168],[-70.59773056175194,-33.54704905665357],[-70.59773314245258,-33.54704893225812],[-70.59773572701505,-33.54704897084123],[-70.5979622400845,-33.547043039534586],[-70.59796260152756,-33.547043034868864],[-70.59796277354401,-33.54704302556531],[-70.5979640312206,-33.54704299263156],[-70.59796666145974,-33.54704281528669],[-70.59796883137692,-33.54704269792624],[-70.59797507276149,-33.54704258537539],[-70.5979769131027,-33.54704247636965],[-70.597987697108,-33.547041861815664],[-70.59821684250892,-33.54703675707258],[-70.59821886673656,-33.5470367139072],[-70.59821943240706,-33.547036678531164],[-70.59821999955479,-33.547036687372135],[-70.59822214201661,-33.54703663268845],[-70.59849957219303,-33.54702947902615],[-70.59849998823401,-33.547029468431354],[-70.59850044779897,-33.54702946249702],[-70.59850044780423,-33.54702946249673],[-70.5985004478095,-33.54702946249689],[-70.59851225996837,-33.54702930996622],[-70.59851340876102,-33.54702929268746],[-70.59885384487916,-33.54702344736885],[-70.59887204229197,-33.54702363573736],[-70.59887518379578,-33.54702353908711],[-70.59887832563838,-33.547023627681455],[-70.59889127912145,-33.547023460373325],[-70.59889337881194,-33.54702334679537],[-70.59889548264022,-33.54702337334418],[-70.59938438325878,-33.54700944104815],[-70.59938555736721,-33.54702369936078],[-70.59938816848916,-33.5470421531154],[-70.59939292721025,-33.54706030370706],[-70.5993997877027,-33.54707797633538],[-70.5994086838973,-33.5470950008029],[-70.59941953011973,-33.54711121315425]],[[-70.59817946647163,-33.546318813023966],[-70.59817949967453,-33.54632061623071],[-70.59818319467185,-33.546521286094695],[-70.59818321915927,-33.546522615964605],[-70.5981832330647,-33.546523733658],[-70.59818455001772,-33.54665862406399],[-70.59810113905492,-33.54666048226068],[-70.59809672871823,-33.54654311883731],[-70.59809658990466,-33.54654167882676],[-70.59809659402154,-33.546540234136906],[-70.59808685570451,-33.546365755633914],[-70.59808791308168,-33.546359723015186],[-70.59808883783272,-33.54633934490464],[-70.59808635110141,-33.546208339470425],[-70.59817737084668,-33.54620500182381],[-70.59817943326873,-33.54631700981235],[-70.59817946647155,-33.54631881301917],[-70.59817946647173,-33.546318813021564],[-70.59817946647163,-33.546318813023966]]]}},{"type":"Feature","properties":{"numpos":"106734","TIPO":"DESCARGO","TENSION":"MT","INCIDENCIA":"DF202671765120","CLITOTAL":"137","CANTAVISOS":"","FECHA_INICIO":"","FECHA_FIN":"","DESCARGO":"DF202671765120(TP20267213816024)","ESTADODESC":"789","ESTADOINC":" ","CLI_PLAN":"1","FECHA_INIDESC":"04-08-2026 10:30","FECHA_FINDESC":"04-08-2026 17:30","FECHA_REPOSICION":"04-08-2026 17:30","id_alim":"2633"},"geometry":{"type":"Polygon","coordinates":[[[-70.57024686570777,-33.535803919980665],[-70.57026894423551,-33.535802058072754],[-70.57029069852359,-33.53579839283606],[-70.57031191906508,-33.53579295956909],[-70.57032315849499,-33.53578903667713],[-70.57036170027835,-33.53578980260534],[-70.57038322091094,-33.53578937191043],[-70.57040459511208,-33.53578722935724],[-70.57042562915944,-33.535783394364564],[-70.57044613241368,-33.5357779016904],[-70.57046591904633,-33.535770801116925],[-70.57048480972405,-33.535762156999255],[-70.57050263323404,-33.53575204768225],[-70.57051922803582,-33.53574056479031],[-70.57053444372522,-33.535727812397006],[-70.57054814239775,-33.535713906081874],[-70.57056019989827,-33.535698971882695],[-70.57057050694637,-33.53568314515331],[-70.57065265974546,-33.53554132670982],[-70.57066135373834,-33.53552422934539],[-70.5706680047399,-33.53550650067039],[-70.57067254869847,-33.53548831142197],[-70.57067494185458,-33.535469836772734],[-70.57067516116217,-33.535451254643725],[-70.57067320451063,-33.535432743990974],[-70.57066909074489,-33.53541448308204],[-70.57066285948409,-33.535396647779216],[-70.57065457073979,-33.53537940984589],[-70.5706443043381,-33.53536293529235],[-70.57063215915088,-33.53534738277705],[-70.57061825214339,-33.53533290207866],[-70.57060271724798,-33.53531963265366],[-70.57058570407416,-33.535307702293295],[-70.5705673764678,-33.53529722589289],[-70.57054791093326,-33.535288304345414],[-70.57052749493342,-33.535281023569766],[-70.57050632508455,-33.53527545368338],[-70.5704846052627,-33.53527164832705],[-70.57046254464035,-33.53526964414823],[-70.57044035567195,-33.53526946044818],[-70.570418252048,-33.535271098996056],[-70.57039644663715,-33.53527454401186],[-70.57037514943615,-33.5352797623185],[-70.57035456554749,-33.535286703661164],[-70.57033489320435,-33.53529530119135],[-70.57031632186137,-33.535305472110615],[-70.57029903037024,-33.53531711846803],[-70.57028318525721,-33.53533012810332],[-70.57026893911937,-33.53534437572722],[-70.57025642915515,-33.53535972412786],[-70.57024577584288,-33.53537602549226],[-70.57022921319694,-33.53540461700301],[-70.57022101655448,-33.535404321470196],[-70.57019973923467,-33.535405235113764],[-70.5701786590429,-33.53540782174679],[-70.57015796312443,-33.53541205840568],[-70.57015396058691,-33.53541322152387],[-70.5701487606563,-33.53541437872094],[-70.57012829738993,-33.53541981573984],[-70.57006946841577,-33.53543806291564],[-70.57006946779232,-33.53543806307966],[-70.57006946716038,-33.53543806330502],[-70.57006920871224,-33.535438143468646],[-70.5700592929916,-33.535441691560386],[-70.57004905169919,-33.53544534375187],[-70.5700489283395,-33.535445400289824],[-70.57004880326625,-33.53544544504412],[-70.57003936541217,-33.53544978315067],[-70.57002958606104,-33.53545426520118],[-70.57002946973624,-33.535454331693636],[-70.57002935067055,-33.53545438642213],[-70.57002047845704,-33.535459471199864],[-70.57001125834188,-33.535464741509756],[-70.57001115021376,-33.535464817332716],[-70.57001103826356,-33.535464881492786],[-70.57000281394446,-33.535470662996666],[-70.56999424504724,-33.535476671785474],[-70.56999414619855,-33.53547675621778],[-70.56999404240328,-33.53547682918338],[-70.5699865420567,-33.53548325134936],[-70.56997871002422,-33.53548994113387],[-70.56997862144685,-33.53549003336393],[-70.569978526769,-33.53549011443174],[-70.56997181969768,-33.535497115598204],[-70.56996480288367,-33.53550442176444],[-70.56996472546716,-33.535504520898655],[-70.5699646407848,-33.535504609294186],[-70.56995878898175,-33.53551212274942],[-70.56995265755931,-33.53551997422133],[-70.56995259208082,-33.53552007929333],[-70.56995251818066,-33.53552017417783],[-70.56994757584872,-33.53552812873724],[-70.56994239101783,-33.53553644872642],[-70.56994233813326,-33.535536558707285],[-70.56994227570446,-33.53553665918486],[-70.56993828883236,-33.53554497979519],[-70.56993410213252,-33.53555368662163],[-70.56993406236909,-33.53555380043101],[-70.56993401199773,-33.53555390555608],[-70.56993101799328,-33.535562513925875],[-70.56992787073085,-33.535571521897005],[-70.56992784448119,-33.535571638414666],[-70.5699278066455,-33.535571747199896],[-70.5699258340311,-33.535580562445794],[-70.56992375682587,-33.53558978278939],[-70.56992374434365,-33.535589900867436],[-70.5699237194099,-33.53559001229176],[-70.56992278757743,-33.535598951600335],[-70.56992180003805,-33.5356082934365],[-70.56992180143546,-33.53560841191209],[-70.56992178965457,-33.53560852492907],[-70.5699219086791,-33.535617504239134],[-70.56992201921366,-33.535626875570856],[-70.56992203446038,-33.53562699327853],[-70.56992203596548,-33.535627106825025],[-70.56992320648241,-33.535636041522864],[-70.56992441224337,-33.53564535023621],[-70.56992512690313,-33.53564912747994],[-70.56992965396827,-33.53566726290315],[-70.56993627565822,-33.53568494102988],[-70.56994492858455,-33.53570199262676],[-70.56995552991353,-33.53571825445817],[-70.56996797815918,-33.53573357084875],[-70.56998215415469,-33.5357477951739],[-70.5699979221932,-33.53576079126332],[-70.57001513132691,-33.53577243470469],[-70.57003361681218,-33.53578261403456],[-70.57005320168652,-33.53579123180552],[-70.57007369846278,-33.535798205519065],[-70.57009491092393,-33.53580346841533],[-70.5701166360015,-33.53580697011225],[-70.5701386657197,-33.53580867708783],[-70.57016078918622,-33.53580857300111],[-70.5701827946114,-33.53580665884857],[-70.57020447133553,-33.535802952954555],[-70.57020630444275,-33.53580247932744],[-70.57022467557,-33.53580396062849],[-70.57024686570777,-33.535803919980665]]]}},{"type":"Feature","properties":{"numpos":"28095","TIPO":"DESCARGO","TENSION":"MT","INCIDENCIA":"DF202671764178","CLITOTAL":"567","CANTAVISOS":"","FECHA_INICIO":"","FECHA_FIN":"","DESCARGO":"DF202671764178(TP20267213816119)","ESTADODESC":"789","ESTADOINC":" ","CLI_PLAN":"1","FECHA_INIDESC":"05-08-2026 09:30","FECHA_FINDESC":"05-08-2026 15:30","FECHA_REPOSICION":"05-08-2026 15:30","id_alim":"2715"},"geometry":{"type":"Polygon","coordinates":[[[-70.75220654990487,-33.478685936596165],[-70.75220553665041,-33.47868313742739],[-70.7522047521226,-33.478680293917236],[-70.7522035910133,-33.47867740989234],[-70.75220265240928,-33.478674446499255],[-70.75220126192474,-33.47867132827065],[-70.75220011314569,-33.478668154706895],[-70.7521987746487,-33.478665446748174],[-70.75219766356057,-33.47866268696746],[-70.7521961738985,-33.478659918124286],[-70.75219489052563,-33.47865704009769],[-70.75219314178126,-33.4786540507006],[-70.75219162752083,-33.47865098714774],[-70.75218997542534,-33.47864839698562],[-70.75218854973363,-33.4786457470435],[-70.75218674716228,-33.47864311939515],[-70.75218513007685,-33.47864035506187],[-70.75218303986102,-33.478637523377266],[-70.75218117475244,-33.47863459925126],[-70.75217922383976,-33.47863215247841],[-70.75217749841381,-33.478629637285636],[-70.75217540143501,-33.47862717534668],[-70.75217346506217,-33.4786245520773],[-70.75217105347791,-33.478621905467634],[-70.75216885550712,-33.47861914884131],[-70.75216662358397,-33.478616869788205],[-70.75216461603203,-33.47861451283917],[-70.75216194602709,-33.47861168284187],[-70.75216034654453,-33.47861015506767],[-70.75216000782265,-33.47860978333487],[-70.75215915023676,-33.47860901239296],[-70.75215571973212,-33.47860573568506],[-70.75215478842642,-33.47860478471324],[-70.75215426419608,-33.47860434540365],[-70.75214670765112,-33.478597127632895],[-70.75212977514097,-33.47858395264738],[-70.75211132555944,-33.4785722956553],[-70.75209155183306,-33.47856227855301],[-70.75207066073456,-33.478554006088665],[-70.75204887072081,-33.47854756476685],[-70.75202640964838,-33.47854302194395],[-70.75200351239091,-33.47854042512398],[-70.75198041838316,-33.47853980146169],[-70.75190634931884,-33.47854097701351],[-70.75189337636337,-33.4785012190164],[-70.7518931280543,-33.47850013885433],[-70.75180845688492,-33.47823392628275],[-70.75180844900393,-33.4782338958019],[-70.75180816096979,-33.47823299734616],[-70.75180815994342,-33.47823299467534],[-70.75180778499335,-33.478231825804414],[-70.75180765020585,-33.47823119397017],[-70.75171529381805,-33.47790529563809],[-70.7517151378095,-33.47790484481077],[-70.75171503255679,-33.47790438377108],[-70.75171361341704,-33.477900357451695],[-70.7517124584779,-33.47789628439049],[-70.75171066064678,-33.47789190688412],[-70.7517091179629,-33.477887448896645],[-70.75170890997495,-33.47788701305459],[-70.751708751304,-33.4778865628803],[-70.75170799803365,-33.47788500678825],[-70.75159330529378,-33.477505389266526],[-70.75159231211798,-33.47750183486747],[-70.75158703126317,-33.477486048713615],[-70.7515863615628,-33.47748433584858],[-70.75157843184466,-33.47746698268048],[-70.75156851062422,-33.477450364416484],[-70.751556693449,-33.47743464109904],[-70.75154309412545,-33.477419964151785],[-70.75152784362275,-33.47740647492117],[-70.75151108881161,-33.4773943033153],[-70.75149299104979,-33.47738356655278],[-70.75147372462806,-33.47737436803404],[-70.75145347509188,-33.477366796345336],[-70.7514324374544,-33.47736092440579],[-70.7514108143184,-33.477356808765066],[-70.75138881392523,-33.477354489058825],[-70.75136664814934,-33.47735398762702],[-70.75134453045791,-33.47735530929872],[-70.75132267385497,-33.47735844134562],[-70.75130128883032,-33.477363353604666],[-70.75128058133228,-33.477369998768424],[-70.75126075078433,-33.477378312840756],[-70.75124198816471,-33.47738821575307],[-70.75122447416716,-33.47739961213546],[-70.75120837746077,-33.4774123922351],[-70.75119385306557,-33.47742643297322],[-70.75118104085973,-33.477441599130394],[-70.75117006423224,-33.477457744648774],[-70.75116102889484,-33.477474714038664],[-70.75115402186368,-33.47749234387594],[-70.75114911062148,-33.477510464375946],[-70.75114763191822,-33.47752031293965],[-70.75114670362652,-33.477524348682],[-70.75114466340132,-33.47754312876616],[-70.75114382462364,-33.47756027445177],[-70.7511222070149,-33.4775615733068],[-70.75103983607224,-33.47752974459013],[-70.75103802799083,-33.47752844045365],[-70.7510196773998,-33.4775176592244],[-70.75100014260667,-33.47750845442066],[-70.75097961578828,-33.47750091659614],[-70.75095829888045,-33.47749511990538],[-70.75093640159156,-33.47749112137415],[-70.75091413933936,-33.47748896033874],[-70.75089173113204,-33.477488658058626],[-70.75086939741357,-33.47749021750757],[-70.75084735789518,-33.477493623344365],[-70.75082582939388,-33.477498842063596],[-70.75080502369961,-33.47750582232539],[-70.75078514549173,-33.47751449546042],[-70.75076639032552,-33.47752477614537],[-70.7507489427083,-33.477536563242495],[-70.75073297428436,-33.4775497407943],[-70.75071864214648,-33.477564179164496],[-70.75070608729031,-33.47757973631315],[-70.75069699572452,-33.47759383599206],[-70.750408939172,-33.477616302134365],[-70.75040688863133,-33.477616460728854],[-70.75040475175261,-33.47761662597841],[-70.75010265001566,-33.47764018854628],[-70.75010059903273,-33.477640347169675],[-70.75010053867017,-33.47764035435576],[-70.75010047775912,-33.47764035657662],[-70.7500983503258,-33.47764052208185],[-70.74975685766215,-33.47766714784997],[-70.7497548035065,-33.47766730671208],[-70.74975418761449,-33.47766738003125],[-70.74975356626882,-33.477667405272676],[-70.74975157385626,-33.47766756862645],[-70.74952459636803,-33.477685947559266],[-70.74944530453332,-33.477619626848174],[-70.74942891366553,-33.477607197554036],[-70.74941115195094,-33.47759616992069],[-70.74939218938714,-33.47758664949347],[-70.74937220746479,-33.47757872739229],[-70.74935139743073,-33.4775724794394],[-70.74932995845747,-33.47756796543394],[-70.74930809573692,-33.477565228579316],[-70.74928601851671,-33.47756429506998],[-70.74928207380185,-33.477564290179984],[-70.74927112071387,-33.477564727496606],[-70.74926035519714,-33.477565140047986],[-70.74926014317651,-33.477565165788434],[-70.74925992500427,-33.47756517449922],[-70.74924905422884,-33.47756651204577],[-70.74923841036951,-33.47756780426601],[-70.74923820280108,-33.47756784721074],[-70.74923798629119,-33.47756787385022],[-70.74922730422635,-33.4775701020639],[-70.74921688282706,-33.47757225819117],[-70.7492166816683,-33.47757231786379],[-70.7492164689431,-33.47757236223695],[-70.74920608068035,-33.477575462587964],[-70.74919597989056,-33.47757845893007],[-70.74919578702831,-33.47757853470158],[-70.74919558018264,-33.477578596434114],[-70.74918558839803,-33.47758254152729],[-70.7491759028657,-33.47758634676659],[-70.74917572009947,-33.47758643786289],[-70.74917552117896,-33.477586516403385],[-70.74916602503,-33.477591270182266],[-70.74915684510435,-33.47759584573703],[-70.74915667413195,-33.47759595124725],[-70.74915648511035,-33.477596045871564],[-70.74914757915087,-33.47760156392763],[-70.74913899014255,-33.47760686436161],[-70.74913883254598,-33.47760698324764],[-70.74913865530397,-33.47760709306524],[-70.74913042844045,-33.47761332304741],[-70.74912250993297,-33.47761929652554],[-70.74912236716624,-33.477619427631915],[-70.74912220347024,-33.47761955159442],[-70.74911473796558,-33.47762643372169],[-70.74910756318899,-33.477633022500875],[-70.74910743656653,-33.47763316456564],[-70.74910728804923,-33.47763330147727],[-70.74910065860165,-33.47764076914012],[-70.74909429385603,-33.47764791009947],[-70.74909418454277,-33.477648061765635],[-70.7490940526848,-33.47764821029543],[-70.74908832558586,-33.47765619074496],[-70.74908282972555,-33.47766381594622],[-70.74908273872781,-33.477663975773616],[-70.74908262484115,-33.47766413446943],[-70.74907785722641,-33.477672549587375],[-70.74907328120402,-33.477680586859584],[-70.74907320936207,-33.47768075333723],[-70.7490731145754,-33.47768092064117],[-70.74906935378331,-33.477689687775786],[-70.74906574024988,-33.477698061326926],[-70.74906568823124,-33.47769823288572],[-70.7490656134775,-33.47769840715111],[-70.74906289652299,-33.47770744001165],[-70.74906027948772,-33.4777160710599],[-70.74906024778207,-33.47771624608573],[-70.74906019378825,-33.47771642559494],[-70.7490585469605,-33.477725635190055],[-70.7490569515089,-33.47773444261516],[-70.74905694042388,-33.477734619462225],[-70.74905690770349,-33.47773480244537],[-70.74905634629287,-33.47774409805149],[-70.74905578836506,-33.47775299906471],[-70.74905579802353,-33.47775317606916],[-70.7490557868713,-33.47775336072348],[-70.7490563150284,-33.4777626508732],[-70.74905680125924,-33.477771561699846],[-70.74905684207498,-33.47777192148627],[-70.7490568420873,-33.477771921702875],[-70.74905684212207,-33.477771921901365],[-70.74907333890118,-33.477917339008265],[-70.74907348107575,-33.477920580912766],[-70.7490902056715,-33.478083486843026],[-70.74909029471247,-33.47808445307761],[-70.74909050820972,-33.47808586369569],[-70.74909058113242,-33.47808728430067],[-70.74909077856734,-33.47808907609481],[-70.74909106411972,-33.4780914975528],[-70.74909372894159,-33.47811270194765],[-70.74909393616197,-33.47811656576875],[-70.74911153692683,-33.47827301284118],[-70.74911157098508,-33.478273313014604],[-70.7491124683568,-33.47828115575432],[-70.74911260127068,-33.478281920228156],[-70.74911265134276,-33.478282687506315],[-70.74913347733792,-33.47845034582017],[-70.74913359746941,-33.478450999488025],[-70.74913364606446,-33.478451659607614],[-70.74916795716015,-33.478710334811566],[-70.74917696958526,-33.47877828019475],[-70.74917729968024,-33.47877999661124],[-70.74917746566288,-33.478781732114825],[-70.74917906433842,-33.478789172419],[-70.74918049769008,-33.47879662550898],[-70.74918102696982,-33.47879830658731],[-70.74918139513645,-33.47880002004979],[-70.74918385630063,-33.47880729299936],[-70.74918615457605,-33.478814592692096],[-70.74918687795783,-33.47881622225149],[-70.74918744474734,-33.47881789716213],[-70.74919074462646,-33.47882493268028],[-70.7491938857655,-33.47883200871001],[-70.74919479630044,-33.478833571063404],[-70.74919555623562,-33.47883519128514],[-70.7491996629656,-33.47884192159359],[-70.7492036168038,-33.47884870583651],[-70.74920470574344,-33.478850185941056],[-70.74920565148425,-33.47885173586651],[-70.74921052542051,-33.47885809614016],[-70.74921525397659,-33.47886452326869],[-70.74921651085609,-33.47886590687027],[-70.7492176332712,-33.47886737157239],[-70.74922322737399,-33.478873300565084],[-70.74922868521209,-33.47887930867546],[-70.74923009795037,-33.47888058244569],[-70.74923138620585,-33.478881947821876],[-70.74923764649687,-33.4788873884568],[-70.7492437811605,-33.478892919664744],[-70.74924533617566,-33.47889407132928],[-70.7492467778402,-33.47889532423713],[-70.74925364392598,-33.47890022415675],[-70.74926039643961,-33.47890522515468],[-70.74926207877894,-33.47890624361146],[-70.74926365994439,-33.47890737199539],[-70.74927106560175,-33.47891168406514],[-70.74927837103498,-33.47891610663613],[-70.7492801645181,-33.47891698206245],[-70.74928186993424,-33.47891797506958],[-70.74928974375204,-33.478921657831116],[-70.74929753184092,-33.47892545931391],[-70.74929941921458,-33.47892618326124],[-70.74930123243708,-33.478927031345805],[-70.74930949850695,-33.478930049414394],[-70.74931769432771,-33.478933193116184],[-70.74931965743166,-33.47893375859216],[-70.74932156098062,-33.47893445360669],[-70.74933013963036,-33.47893677800969],[-70.74933866431861,-33.47893923356175],[-70.74934068425954,-33.47893963509794],[-70.74934265978891,-33.47894017037144],[-70.74942532151383,-33.47895886765855],[-70.74942864972988,-33.4789597716451],[-70.74943528910777,-33.478961277673534],[-70.74944186452132,-33.47896299189081],[-70.74944599130558,-33.47896370528179],[-70.74945005373446,-33.478964626773156],[-70.74945683699345,-33.47896558015881],[-70.74946358153547,-33.47896674607665],[-70.74946777206816,-33.478967117080444],[-70.74947192255783,-33.478967700430346],[-70.74947878440162,-33.47896809204355],[-70.7494856330882,-33.4789686983829],[-70.74948984699024,-33.47896872339724],[-70.74949404558994,-33.47896896301552],[-70.7495009199742,-33.47896878912738],[-70.74950780680963,-33.4789688300077],[-70.74951481253638,-33.47896858326566],[-70.74988349530967,-33.47895831377963],[-70.74988935912752,-33.47895833602066],[-70.74988972140217,-33.47895832248353],[-70.74989008372397,-33.478958337800776],[-70.7501614316989,-33.47895863713841],[-70.75016417301985,-33.47895862622405],[-70.75024415614843,-33.478957901135985],[-70.75024566333646,-33.47895887637327],[-70.75026445825871,-33.478968736641995],[-70.75028431599506,-33.47897700564495],[-70.75030504530378,-33.47898360374669],[-70.75032644654922,-33.47898846740354],[-70.75034831362447,-33.478991549775564],[-70.75037043593632,-33.47899282117771],[-70.7503926004334,-33.47899226936563],[-70.75041459365814,-33.47898989965363],[-70.75043620380241,-33.478985734863585],[-70.75045722274749,-33.47897981510494],[-70.75047744806838,-33.478972197388615],[-70.75049668498328,-33.47896295507782],[-70.75051145125948,-33.47895414440319],[-70.75072933448382,-33.478949357141396],[-70.75073113975427,-33.47894936948541],[-70.75073204836004,-33.478949338305014],[-70.75073205766634,-33.47894933821334],[-70.75073205766314,-33.47894933798576],[-70.75073289184894,-33.478949309359216],[-70.75073464725317,-33.47894937077098],[-70.75119811108839,-33.47894650977032],[-70.75120197115382,-33.478946326956155],[-70.75120582963504,-33.47894635135698],[-70.75120879553327,-33.47894612548837],[-70.75146586672675,-33.47893731977162],[-70.75146619997663,-33.47893729458625],[-70.75146653457425,-33.47893729606525],[-70.75174575914322,-33.4789270374428],[-70.7519917006629,-33.478923762930215],[-70.75201424205846,-33.47892251634306],[-70.75203652225917,-33.47891938980539],[-70.75205831856314,-33.47891441456858],[-70.75207941310539,-33.47890764036266],[-70.75209959503553,-33.478899134899294],[-70.75211866262535,-33.47888898319488],[-70.75213642528526,-33.478877286720795],[-70.75215270546927,-33.4788641623891],[-70.75216734044969,-33.478849741383925],[-70.7521801839437,-33.478834167850195],[-70.75219110757541,-33.47881759745292],[-70.75220000215913,-33.478800195821044],[-70.75220677879055,-33.478782136892015],[-70.75221136973549,-33.478763601173185],[-70.75221372910677,-33.47874477393747],[-70.75221383332288,-33.478725843371606],[-70.7522116813436,-33.47870699869491],[-70.75220993242961,-33.478699594872815],[-70.75220974715197,-33.47869839832865],[-70.75220907020349,-33.47869594473918],[-70.75220883232662,-33.47869493771509],[-70.75220834097557,-33.47869240663384],[-70.75220792188571,-33.4786910834694],[-70.75220729468033,-33.4786884282682],[-70.75220654990487,-33.478685936596165]]]}},{"type":"Feature","properties":{"numpos":"29515","TIPO":"DESCARGO","TENSION":"MT","INCIDENCIA":"DF202671764178","CLITOTAL":"567","CANTAVISOS":"","FECHA_INICIO":"","FECHA_FIN":"","DESCARGO":"DF202671764178(TP20267213816119)","ESTADODESC":"789","ESTADOINC":" ","CLI_PLAN":"1","FECHA_INIDESC":"05-08-2026 09:30","FECHA_FINDESC":"05-08-2026 15:30","FECHA_REPOSICION":"05-08-2026 15:30","id_alim":"2715"},"geometry":{"type":"Polygon","coordinates":[[[-70.74977874326551,-33.48130131031618],[-70.74997381385438,-33.481002681378676],[-70.74997488157896,-33.48100104562015],[-70.74997556571805,-33.48099986313418],[-70.7499763662528,-33.480998733123286],[-70.74998062333366,-33.48099199074472],[-70.74998065784564,-33.48099192898804],[-70.74998069830063,-33.48099187190977],[-70.75008797386475,-33.48082167597219],[-70.75019957921744,-33.480645122206774],[-70.75019968766436,-33.4806449281912],[-70.75019981778561,-33.48064474377035],[-70.75020066770053,-33.48064339186835],[-70.75020519912547,-33.48063623389439],[-70.75020611681147,-33.48063459808514],[-70.75020712480733,-33.48063312281998],[-70.75028571227712,-33.48050323194799],[-70.75032174591065,-33.480449495915494],[-70.7503847160202,-33.48038340006748],[-70.75038869872509,-33.48037878071186],[-70.75039271617185,-33.480374475632814],[-70.75039494036935,-33.48037154131553],[-70.75039743458734,-33.48036864838626],[-70.75040096768261,-33.48036358966006],[-70.75040455710334,-33.48035885424305],[-70.7504063477291,-33.48035588644671],[-70.75040840441707,-33.480352941656456],[-70.7504114235426,-33.48034747375476],[-70.75041452170493,-33.48034233883607],[-70.75041589290174,-33.480339379351186],[-70.75041752417458,-33.48033642497182],[-70.7504199678427,-33.48033058431341],[-70.75042251479302,-33.480325087171686],[-70.75047511133009,-33.480192731433526],[-70.75047936840215,-33.48018517304804],[-70.75048682190177,-33.480167672204004],[-70.7504921924815,-33.48014964342204],[-70.75049542842102,-33.48013126032943],[-70.75049649855774,-33.480112699965495],[-70.75049539258708,-33.48009414107673],[-70.75049212116153,-33.480075762395266],[-70.750486715788,-33.48005774091763],[-70.75047922852438,-33.48004025020022],[-70.75046973147818,-33.48002345868779],[-70.75045831611196,-33.48000752809127],[-70.75044509236257,-33.47999261183055],[-70.75043018758224,-33.4799788535568],[-70.75041374531229,-33.47996638576911],[-70.75039592390056,-33.47995532853856],[-70.75037689497651,-33.479945788351756],[-70.75035684179839,-33.47993785708547],[-70.75033595748836,-33.47993161112165],[-70.75031444317261,-33.47992711061208],[-70.75029250604452,-33.47992439889887],[-70.75027035736927,-33.47992350209718],[-70.75024821044936,-33.4799244288437],[-70.75022627857031,-33.479927170213415],[-70.75021053535367,-33.4799304861071],[-70.75001015691909,-33.479685317484815],[-70.75000971148788,-33.47968482607132],[-70.75000932160455,-33.479684302553736],[-70.74986699319032,-33.47951256798002],[-70.74986485969677,-33.47950999368365],[-70.74986483778659,-33.479509969835505],[-70.7498645142628,-33.47950953825382],[-70.74962090424758,-33.47921743341882],[-70.74961974175012,-33.479216175764115],[-70.74961870762532,-33.479214846253505],[-70.7496140868346,-33.47920949884717],[-70.74961324386673,-33.47920861779935],[-70.74961248970526,-33.47920767310034],[-70.74960628658981,-33.47920134623559],[-70.74960021589473,-33.479195001302614],[-70.74959927429201,-33.47919419404415],[-70.74959841296399,-33.479193315532726],[-70.74959149727867,-33.47918752662419],[-70.74958471603212,-33.479181712897685],[-70.74958368490019,-33.47918098711978],[-70.7495827246636,-33.47918018333483],[-70.74957516280983,-33.47917498871609],[-70.74956773651893,-33.479169761606435],[-70.7495666258064,-33.47916912421651],[-70.74956557589091,-33.47916840297634],[-70.74955744063033,-33.47916385324023],[-70.74954944087688,-33.479159262525734],[-70.74954826127997,-33.47915871958389],[-70.74954713179767,-33.47915808790798],[-70.74953850154498,-33.4791542273974],[-70.7495300053024,-33.479150316767026],[-70.74952876816339,-33.47914987343076],[-70.74952757001,-33.47914933746897],[-70.74952097456801,-33.47914672714958],[-70.74947311621257,-33.479127659983085],[-70.74946692342789,-33.479097616270174],[-70.7494620814703,-33.47907948265636],[-70.74945514181735,-33.47906183406994],[-70.74944617130281,-33.47904484047601],[-70.74943525631848,-33.479028665531715],[-70.74942250198235,-33.47901346501013],[-70.74940803112602,-33.47899938530001],[-70.74939198311195,-33.47898656199609],[-70.74937451249112,-33.478975118593205],[-70.7493557875148,-33.47896516529706],[-70.74933598851409,-33.47895679796285],[-70.74931530616334,-33.478950097172124],[-70.74929393964383,-33.47894512745679],[-70.74927209472558,-33.478941936677685],[-70.7492499817858,-33.47894055556362],[-70.74922781378278,-33.47894099741539],[-70.74920580420516,-33.478943257977846],[-70.74918416501583,-33.4789473154807],[-70.74916310461082,-33.47895313084825],[-70.74914282581219,-33.47896064807573],[-70.74912352391503,-33.47896979476856],[-70.74910538480648,-33.47898048283961],[-70.74908858317562,-33.47899260935748],[-70.74907328083124,-33.479006057537745],[-70.74905962514333,-33.47902069786763],[-70.74904774762409,-33.47903638935333],[-70.74903776266109,-33.47905298087775],[-70.74902976641593,-33.47907031265586],[-70.74902930353961,-33.47907171014865],[-70.74884068596829,-33.4790753140059],[-70.74883861922942,-33.4790752964782],[-70.74883845892948,-33.47907530171537],[-70.74883829877544,-33.47907529395093],[-70.74844671975444,-33.47907243784091],[-70.7484443673516,-33.47907251748931],[-70.74844201463826,-33.47907244456826],[-70.74811529516406,-33.47907576207303],[-70.74783542974342,-33.479070598384716],[-70.74783328149753,-33.47907064713251],[-70.74783112789672,-33.47907055308825],[-70.7478271395219,-33.479070707313696],[-70.74782315702878,-33.479070651305314],[-70.7474326911342,-33.479081225371125],[-70.7472028536437,-33.47908215981227],[-70.74720184304971,-33.47908212226283],[-70.74716522508773,-33.47908226886385],[-70.747143082922,-33.47908326929332],[-70.74712116439157,-33.479086083618554],[-70.74709968058254,-33.47909068473627],[-70.74707883839453,-33.47909702833549],[-70.74705883854821,-33.4791050533243],[-70.74703987365217,-33.47911468241816],[-70.74702212634816,-33.47912582288413],[-70.74700576755205,-33.47913836743402],[-70.74699095480794,-33.47915219525753],[-70.74697783077085,-33.47916717318571],[-70.7469665218329,-33.47918315697348],[-70.74695713690605,-33.4791999926887],[-70.74694976637322,-33.47921751819463],[-70.74694448121778,-33.4792355647114],[-70.74694133233993,-33.47925395844142],[-70.74694035006641,-33.479272522243136],[-70.74694154385847,-33.479291077336974],[-70.74694490222059,-33.47930944502715],[-70.74695039281121,-33.47932744842255],[-70.74695796275417,-33.479344914140306],[-70.74696753914776,-33.47936167397564],[-70.74697902976695,-33.479377566521656],[-70.74699232395137,-33.47939243872396],[-70.7470072936711,-33.47940614735452],[-70.74702379475964,-33.479418560391146],[-70.74704166830224,-33.47942955828898],[-70.74706074216648,-33.479439035131676],[-70.7470808326599,-33.47944689965163],[-70.7470808743972,-33.47944691197797],[-70.74708096714501,-33.47944694827764],[-70.74710188132117,-33.47945312345801],[-70.74712341708032,-33.47945755105465],[-70.74714536702007,-33.479460188427126],[-70.74716751974918,-33.47946101017601],[-70.7472278475481,-33.479460764954744],[-70.74741998248446,-33.47969729124233],[-70.74742103356513,-33.47969858457365],[-70.74742205862212,-33.47969985352771],[-70.7474223896924,-33.47970026222184],[-70.74756637562709,-33.4798775091627],[-70.74756691883313,-33.47987817479714],[-70.74756769285781,-33.47987911895133],[-70.7475684608337,-33.479880069650335],[-70.74756879184206,-33.47988047826594],[-70.74774925661616,-33.48010262957125],[-70.7477493365339,-33.48010271825898],[-70.74774940582591,-33.48010281301588],[-70.74775588086534,-33.48011076367735],[-70.74795931290686,-33.48036121216168],[-70.7479595139092,-33.48036145919849],[-70.74796064316911,-33.48036284473504],[-70.74796175208839,-33.48036420918669],[-70.7480527555683,-33.48047621962861],[-70.74804861988196,-33.48048310967587],[-70.74804066463538,-33.48050039021021],[-70.74803476217542,-33.480518239378306],[-70.7480309689794,-33.48053648639559],[-70.74802932134273,-33.480554956670666],[-70.74802983503174,-33.48057347347582],[-70.74803250513276,-33.48059185963804],[-70.74803730609894,-33.48060993923427],[-70.74804419199477,-33.48062753927457],[-70.74805309693559,-33.480644491357445],[-70.7480639357178,-33.48066063328112],[-70.74806767317976,-33.480665612690515],[-70.7480680109448,-33.480666017194665],[-70.74806830244053,-33.48066644622773],[-70.7480743667211,-33.48067362881009],[-70.74808038618296,-33.48068083765705],[-70.74808076963002,-33.480681212464866],[-70.74808110990018,-33.480681615483455],[-70.74808798511928,-33.48068826538526],[-70.74809481880824,-33.48069494510598],[-70.7480952442431,-33.48069528660875],[-70.74809563000943,-33.48069565973245],[-70.74810324995636,-33.480701712910346],[-70.74811083206164,-33.48070779917431],[-70.74811129538607,-33.48070810408424],[-70.74811172293197,-33.48070844372054],[-70.74812001422391,-33.480713841878014],[-70.74812827172669,-33.480719276069735],[-70.7481287684774,-33.480719541451464],[-70.74812923368432,-33.4807198443306],[-70.74813811647238,-33.48072453547893],[-70.74814696984947,-33.48072926526294],[-70.74814749524171,-33.48072948856199],[-70.74814799362827,-33.480729751768095],[-70.74815738236649,-33.48073369072739],[-70.74816674635629,-33.48073767055204],[-70.74816729532928,-33.4807378496191],[-70.74816782209487,-33.4807380706187],[-70.7481776263665,-33.480741219453755],[-70.74818741078761,-33.48074441098908],[-70.74818797805379,-33.480744544101015],[-70.74818852812463,-33.480744720767],[-70.74819865350928,-33.48074704915115],[-70.74820876413266,-33.48074942165957],[-70.74820934422848,-33.48074950753585],[-70.74820991230641,-33.48074963816818],[-70.7482202612904,-33.48075112367616],[-70.7482306007458,-33.480752654307764],[-70.74823118808436,-33.480752692122785],[-70.7482317686979,-33.4807527754648],[-70.74824224161414,-33.480753403788846],[-70.74825271032724,-33.48075407780139],[-70.74825329925194,-33.48075406719239],[-70.74825388680921,-33.48075410244288],[-70.74826438279858,-33.48075386753057],[-70.74827487994817,-33.480753678431334],[-70.74827546478727,-33.48075361950194],[-70.7482760536297,-33.48075360632291],[-70.74827720567252,-33.480753485137285],[-70.74847203398879,-33.480997797040914],[-70.74847578925971,-33.48100203959343],[-70.7484793266228,-33.481006411680724],[-70.74848148375739,-33.48100881490241],[-70.74873738707205,-33.48131755283571],[-70.74873910401827,-33.48131977390761],[-70.74874057997148,-33.481321492155466],[-70.74874189634744,-33.48132329916195],[-70.7489870987815,-33.48162547784104],[-70.74898839637216,-33.48162707447667],[-70.74898924714351,-33.48162801816301],[-70.7489899984066,-33.48162901940496],[-70.74899592875508,-33.48163542949009],[-70.74900176317253,-33.48164190109748],[-70.74900272022984,-33.481642770360864],[-70.74900358499023,-33.48164370507592],[-70.74901023656786,-33.48164959720045],[-70.7490167998725,-33.48165555843027],[-70.74901785399874,-33.48165634489917],[-70.74901882392841,-33.48165720408547],[-70.74902613267697,-33.48166252150489],[-70.7490333616605,-33.481667914946904],[-70.74903450270384,-33.48166861104714],[-70.7490355684618,-33.481669386430255],[-70.74904346399386,-33.48167407793448],[-70.74905128903724,-33.48167885164679],[-70.74905250600887,-33.48167945067459],[-70.74905365733123,-33.48168013478702],[-70.7490620636078,-33.48168415519386],[-70.74907040935179,-33.48168826320302],[-70.74907169053157,-33.481688759389336],[-70.74907291633042,-33.48168934564272],[-70.74908175239469,-33.481692656233555],[-70.74909053846436,-33.48169605897664],[-70.74909187151366,-33.48169644754289],[-70.74909315998393,-33.48169693029129],[-70.74909756261962,-33.481698162204715],[-70.74909756131699,-33.48169816510218],[-70.74925261961064,-33.48174711585551],[-70.74926246893207,-33.48174977060512],[-70.7492724619062,-33.48175251789071],[-70.7492731089858,-33.481752638484714],[-70.7492737294523,-33.48175280572284],[-70.74928383638289,-33.481754637712235],[-70.74929410802075,-33.481756552000554],[-70.74929476643858,-33.48175661890084],[-70.74929540318709,-33.48175673431824],[-70.74930567102803,-33.48175772689007],[-70.74931612177224,-33.48175878876424],[-70.74932816193397,-33.4817595121685],[-70.7493503766139,-33.48175992902892],[-70.74937253274557,-33.48175851553867],[-70.74939441608002,-33.481755285366205],[-70.74941581500636,-33.48175026974717],[-70.74943652259799,-33.481743517182444],[-70.74945633861358,-33.48173509296907],[-70.74947507143354,-33.48172507856885],[-70.74949253991284,-33.48171357082052],[-70.74950857513277,-33.481700681003424],[-70.74952302203442,-33.481686533761355],[-70.74953574091798,-33.481671265897255],[-70.74954660879366,-33.48165502505037],[-70.74954742235744,-33.48165365547401],[-70.74977295514113,-33.48131072053539],[-70.74977553326276,-33.48130629259654],[-70.74977828868694,-33.48130209414495],[-70.74977874326551,-33.48130131031618]]]}},{"type":"Feature","properties":{"numpos":"101673","TIPO":"DESCARGO","TENSION":"MT","INCIDENCIA":"DF202671764166","CLITOTAL":"1444","CANTAVISOS":"","FECHA_INICIO":"","FECHA_FIN":"","DESCARGO":"DF202671764166(TP20267213815991)","ESTADODESC":"789","ESTADOINC":" ","CLI_PLAN":"1","FECHA_INIDESC":"05-08-2026 09:30","FECHA_FINDESC":"05-08-2026 15:30","FECHA_REPOSICION":"05-08-2026 15:30","id_alim":"2734"},"geometry":{"type":"Polygon","coordinates":[[[-70.74803036880627,-33.478990171628205],[-70.7483417338449,-33.47898631850327],[-70.74834192541272,-33.47898630823843],[-70.74834211726963,-33.47898631348523],[-70.74872938218363,-33.4789809691183],[-70.74873103538654,-33.47898087814765],[-70.74873267515535,-33.478980903547225],[-70.74901345178998,-33.47897359598223],[-70.74918070096444,-33.47897610664489],[-70.74920206720631,-33.478975579963205],[-70.74922327845232,-33.47897336372497],[-70.74924414487775,-33.47896947776387],[-70.74926447974394,-33.47896395685639],[-70.74928410106936,-33.478956850410526],[-70.74930283325818,-33.478948222023575],[-70.74932050867191,-33.47893814891307],[-70.74933696912947,-33.47892672122571],[-70.74935206732296,-33.478914041230496],[-70.74936566813581,-33.478900222403674],[-70.74937764985206,-33.47888538841299],[-70.74938790524557,-33.47886967201116],[-70.74939634253961,-33.4788532138476],[-70.74943909862338,-33.47875757310683],[-70.7494390986234,-33.4787575731068],[-70.74944162768476,-33.478752660392914],[-70.74944837324495,-33.47873495904576],[-70.74945301587671,-33.47871678886508],[-70.74945551087025,-33.47869832483987],[-70.74945583419878,-33.47867974478882],[-70.74945398274986,-33.47866122764798],[-70.74945188224717,-33.478651650603226],[-70.74941787802862,-33.478380919379305],[-70.74938875852042,-33.47803613839447],[-70.74938850926372,-33.47803440238337],[-70.74938842577211,-33.4780326552515],[-70.74937206480666,-33.477879205054435],[-70.74937217515745,-33.47787896226924],[-70.7493779988187,-33.4778610325556],[-70.7493816973015,-33.477842710826664],[-70.74938323498873,-33.47782417353081],[-70.74938259707302,-33.477805599192415],[-70.74937978969922,-33.477787166692444],[-70.74937483990523,-33.47776905354571],[-70.74936779536147,-33.47775143419144],[-70.74935872391184,-33.477734478313295],[-70.74935558721894,-33.477729883627156],[-70.74934450845568,-33.47763255392375],[-70.74934118315912,-33.477613573916834],[-70.74933558328283,-33.47759497327245],[-70.74932776630564,-33.47757694290857],[-70.74932467641848,-33.47757080421299],[-70.74931486641223,-33.47755374990835],[-70.74930307320103,-33.47753760179133],[-70.74928941468288,-33.47752252129502],[-70.74927402740312,-33.47750865917945],[-70.74925706518934,-33.47749615402433],[-70.74923869761354,-33.47748513084386],[-70.74921910829686,-33.47747569983685],[-70.74919849307409,-33.47746795528513],[-70.74917705803577,-33.477461974610975],[-70.74915501746801,-33.477457817603224],[-70.74913259171028,-33.477455525819536],[-70.74911000495277,-33.47745512217086],[-70.74908748299511,-33.47745661069254],[-70.74906525098916,-33.47745997650389],[-70.74904353118825,-33.477465185956916],[-70.74902254072524,-33.47747218697281],[-70.74900248944198,-33.477480909562495],[-70.74898357779152,-33.47749126652618],[-70.74896599483418,-33.477503154325326],[-70.74894991634754,-33.47751645411753],[-70.74893550306922,-33.47753103294455],[-70.74892289908989,-33.47754674506167],[-70.74891223041293,-33.477563433394444],[-70.74890360369452,-33.47758093110913],[-70.74889710517756,-33.477599063280465],[-70.74889279982938,-33.477617648640376],[-70.7488917089717,-33.47762405537605],[-70.74888950530273,-33.477646369747966],[-70.74889046024803,-33.477668746099035],[-70.74890261877516,-33.47777578052499],[-70.74888629517714,-33.47778686665627],[-70.74887021150415,-33.47780023685318],[-70.74885580632107,-33.47781488951942],[-70.74884322443866,-33.47783067735729],[-70.7488412452718,-33.47783379803467],[-70.74868548511162,-33.47784674105596],[-70.74826060709032,-33.47787595682874],[-70.74826060709027,-33.47787595682875],[-70.74824130654676,-33.4778765865031],[-70.74822590128274,-33.477878367422285],[-70.74791725474292,-33.47790005023573],[-70.74770377839135,-33.47790322139411],[-70.74769922458374,-33.4778628778698],[-70.74769605576711,-33.47784448655199],[-70.74769075108625,-33.477826444077635],[-70.74768336162937,-33.4778089242053],[-70.747673958562,-33.47779209566057],[-70.74766263244166,-33.47777612051101],[-70.74764949234573,-33.477761152605574],[-70.74763466482084,-33.47774733609278],[-70.74761829266427,-33.477734804032636],[-70.74760053354868,-33.477723677115165],[-70.74758155850355,-33.4777140624981],[-70.74756155026834,-33.477706052775],[-70.74754070153232,-33.477699725083454],[-70.74751921307912,-33.477695140362265],[-70.74749729185304,-33.47769234276457],[-70.74747514896613,-33.47769135923261],[-70.74745299766515,-33.477692199238334],[-70.74743105127781,-33.47769485469213],[-70.74740952115853,-33.47769930002073],[-70.74738861465289,-33.477705492413484],[-70.74736853310098,-33.47771337223468],[-70.74734946989823,-33.4777228635978],[-70.74733160863308,-33.47773387509634],[-70.74731512131895,-33.47774630068411],[-70.74730016673755,-33.47776002069649],[-70.7472868889099,-33.477774903002825],[-70.74727541570915,-33.47779080427892],[-70.74726585762922,-33.47780757138725],[-70.74725830672051,-33.47782504285186],[-70.74725283570353,-33.4778430504133],[-70.74724949726841,-33.477861420649155],[-70.74724832356746,-33.47787997664413],[-70.74724932590541,-33.47789853969384],[-70.74725061400373,-33.47790995186204],[-70.74722564938936,-33.47791032259219],[-70.74721524356124,-33.4779109060226],[-70.74720483385103,-33.47791143859933],[-70.7472046173373,-33.477911467721945],[-70.74720439848619,-33.477911479275626],[-70.7469862696696,-33.47793203834726],[-70.74696438271,-33.477935018741185],[-70.7469429497394,-33.477939782558884],[-70.74692217716783,-33.477946283922506],[-70.7469022650455,-33.47795446022078],[-70.74688340513624,-33.47796423271197],[-70.7468657790707,-33.47797550728214],[-70.74684955659723,-33.47798817535164],[-70.74683489394705,-33.47800211492058],[-70.74682193232974,-33.478017191743845],[-70.74681079657321,-33.47803326062394],[-70.74680159392167,-33.478050166809226],[-70.74679441300265,-33.4780677474843],[-70.74678932297337,-33.47808583333798],[-70.74678637285496,-33.47810425019381],[-70.74678559105996,-33.47812282068751],[-70.74678698511887,-33.478141365975084],[-70.74679054160757,-33.47815970745514],[-70.74679622627637,-33.47817766848899],[-70.74680398438,-33.47819507610172],[-70.7468137412047,-33.478211762648115],[-70.74682540278774,-33.47822756742709],[-70.74683885682224,-33.47824233822951],[-70.74685397373882,-33.47825593280386],[-70.74687060795337,-33.4782682202264],[-70.74688859926904,-33.47827908216196],[-70.74690777441917,-33.47828841400364],[-70.74692655542205,-33.478295593269344],[-70.74691743033344,-33.47830106165942],[-70.74690074468131,-33.47831330001523],[-70.74688557082703,-33.47832684997946],[-70.74687205490328,-33.478341581059176],[-70.74686032707616,-33.47835735138652],[-70.74685050029174,-33.478374009085144],[-70.74684266918821,-33.47839139373272],[-70.74683690918445,-33.47840933790594],[-70.74683327575369,-33.478427668792854],[-70.74683180388915,-33.47844620985714],[-70.7468325077671,-33.47846478253825],[-70.74683538061021,-33.47848320797104],[-70.7468403947527,-33.478501308708324],[-70.74684750190693,-33.47851891042976],[-70.74685663362813,-33.47853584362085],[-70.74686770197373,-33.47855194520522],[-70.74688060035018,-33.478567060115246],[-70.74689520453946,-33.478581042785585],[-70.74691137389534,-33.47859375855487],[-70.74692895269798,-33.47860508496272],[-70.74693482422474,-33.47860815129538],[-70.74669166858449,-33.47860942131249],[-70.74666952829472,-33.47861044872439],[-70.74664761478655,-33.478613289758044],[-70.74662613909774,-33.478617917052965],[-70.74660530804972,-33.478624286046085],[-70.74658532225584,-33.47863233540093],[-70.74656637418937,-33.4786419875983],[-70.74654864632997,-33.47865314968275],[-70.7465323094063,-33.47866571415792],[-70.74651752075181,-33.47867956002158],[-70.74650442278949,-33.47869455393107],[-70.74649314166037,-33.478710551487396],[-70.74648378600861,-33.4787273986258],[-70.74647644593517,-33.47874493309956],[-70.74647119213013,-33.478762986042426],[-70.74646807519171,-33.478781383594914],[-70.74646712513912,-33.47879994857864],[-70.74646835112323,-33.47881850220269],[-70.74647174133857,-33.4788368657854],[-70.74647726313677,-33.47885486247521],[-70.74648486334111,-33.478872318953854],[-70.7464944687585,-33.478889067105484],[-70.74650598688433,-33.47890494563579],[-70.74651930679337,-33.47891980162528],[-70.74653430020793,-33.47893349200212],[-70.74655082273327,-33.47894588491991],[-70.74656871524829,-33.478956861027505],[-70.74658780543777,-33.47896631461849],[-70.74660790945205,-33.47897415464907],[-70.74662883367756,-33.47898030561512],[-70.74665037660145,-33.4789847082791],[-70.74667233075232,-33.47898732024078],[-70.74669448469832,-33.478988116345384],[-70.74706032334716,-33.478986205314676],[-70.74740200030698,-33.4789887196353],[-70.74758164965932,-33.47899008225878],[-70.74771172718988,-33.47899327371909],[-70.74771645934682,-33.47899319348673],[-70.74772110167032,-33.47899334067468],[-70.74802979532055,-33.47899017811431],[-70.74803008187823,-33.478990163372245],[-70.74803036880627,-33.478990171628205]],[[-70.74836148859902,-33.47858621353694],[-70.74836439338927,-33.478585936167285],[-70.74836728638466,-33.47858583105989],[-70.74871371658892,-33.47855921340415],[-70.74898358764445,-33.47854107569137],[-70.74899039943541,-33.47859531129808],[-70.74873818208765,-33.47860187554722],[-70.74872181693313,-33.478601434456635],[-70.74870053101084,-33.478602613853255],[-70.74833486874226,-33.47860766001488],[-70.74802398350792,-33.478611507158796],[-70.74792647010011,-33.47861250625094],[-70.74808665465281,-33.47860136436134],[-70.74836148859902,-33.47858621353694]]]}},{"type":"Feature","properties":{"numpos":"101674","TIPO":"DESCARGO","TENSION":"MT","INCIDENCIA":"DF202671764166","CLITOTAL":"1444","CANTAVISOS":"","FECHA_INICIO":"","FECHA_FIN":"","DESCARGO":"DF202671764166(TP20267213815991)","ESTADODESC":"789","ESTADOINC":" ","CLI_PLAN":"1","FECHA_INIDESC":"05-08-2026 09:30","FECHA_FINDESC":"05-08-2026 15:30","FECHA_REPOSICION":"05-08-2026 15:30","id_alim":"2734"},"geometry":{"type":"Polygon","coordinates":[[[-70.7484997540475,-33.47651800943411],[-70.74878668641719,-33.47649898385156],[-70.74878912347062,-33.47649869932409],[-70.74886148628391,-33.47649434102245],[-70.74886332034029,-33.47649497436284],[-70.7488844330281,-33.476501258225156],[-70.74890618454064,-33.47650575895281],[-70.74892836100878,-33.47650843229291],[-70.748950744385,-33.47650925196025],[-70.7489643011017,-33.47650918459109],[-70.74897521955168,-33.4765086806783],[-70.74898609315755,-33.47650819298552],[-70.74898626592082,-33.47650817086074],[-70.74898644120617,-33.47650816277086],[-70.74899725100914,-33.47650676406319],[-70.74900801234847,-33.47650538591892],[-70.74900818164697,-33.476505349719375],[-70.74900835518416,-33.47650532726494],[-70.74901895190995,-33.476503046813],[-70.74902949766921,-33.476500791909146],[-70.74902966187845,-33.47650074198978],[-70.74902983199073,-33.476500705381014],[-70.74904011319803,-33.47649756480348],[-70.74905034220322,-33.476494455199365],[-70.74905049974869,-33.476494392045836],[-70.74905066479131,-33.476494341630634],[-70.74906053103682,-33.47649037091428],[-70.74907034520518,-33.47648643681595],[-70.7490704945769,-33.47648636104011],[-70.74907065295363,-33.476486297300646],[-70.74908000877294,-33.47648153451511],[-70.74908931403446,-33.4764768139808],[-70.74908945380135,-33.47647672631452],[-70.74908960397993,-33.47647664986278],[-70.74909835882539,-33.47647114079614],[-70.74910706601023,-33.476465679367614],[-70.7491071948335,-33.47646558065586],[-70.74910733536085,-33.4764654922277],[-70.74911540449345,-33.47645928994434],[-70.74912343017094,-33.476453140209344],[-70.74912354681673,-33.47645303140206],[-70.7491236763332,-33.476452931850076],[-70.74913098165997,-33.47644609617398],[-70.7491382489207,-33.476439317265516],[-70.74913835227156,-33.47643919940861],[-70.7491384695244,-33.476439089693805],[-70.7491449403691,-33.47643168662393],[-70.74915137954706,-33.47642434365921],[-70.74915146861252,-33.47642421788461],[-70.74915157246812,-33.476424099066946],[-70.74915714626725,-33.4764162001318],[-70.74916269559534,-33.47640836359501],[-70.74916276952115,-33.47640823110994],[-70.74916285897636,-33.47640810433799],[-70.74916748189824,-33.476399785888496],[-70.74917208808658,-33.47639153097008],[-70.74917214616265,-33.4763913930458],[-70.74917222035457,-33.47639125954543],[-70.7491758478249,-33.476382602006616],[-70.74917946656684,-33.476374007892254],[-70.74917950823419,-33.476373865851954],[-70.74917956644848,-33.47637372691419],[-70.7491821635851,-33.476364813995595],[-70.74918475997845,-33.47635596311869],[-70.74918478483434,-33.47635581832503],[-70.74918482651232,-33.47635567529344],[-70.7491863684645,-33.47634659316225],[-70.74918791734423,-33.47633757043061],[-70.74918792514607,-33.47633742427298],[-70.74918794989007,-33.476337278530366],[-70.749188422075,-33.476328114965014],[-70.74918890825833,-33.476319006959805],[-70.74918889892619,-33.47631886084115],[-70.74918890650322,-33.47631871379597],[-70.7491883047401,-33.47630955732368],[-70.74918772317913,-33.476300451482615],[-70.74918595346305,-33.476286041504494],[-70.74918591508484,-33.476285356232644],[-70.74916727118027,-33.476123081747176],[-70.74916726916769,-33.47612308190955],[-70.74916726335665,-33.4761229723386],[-70.74913680007298,-33.475850735955945],[-70.74913589309706,-33.475842630700804],[-70.74913567233726,-33.47584075801716],[-70.74913561015383,-33.47584025603006],[-70.7491356089409,-33.475840249417615],[-70.74908535804343,-33.475437507642425],[-70.74908428701555,-33.475428923711554],[-70.74906821102836,-33.47528688116345],[-70.74905357700263,-33.47515757885678],[-70.74905340574544,-33.475156586649646],[-70.74905333872272,-33.47515558569103],[-70.74905150475455,-33.475141021953874],[-70.74905090630594,-33.47513626960764],[-70.74902861132432,-33.474935058663355],[-70.7492222763489,-33.47492157754145],[-70.74924425681536,-33.47491913253299],[-70.7492658454692,-33.47491489377139],[-70.74928683439869,-33.47490890207847],[-70.74930702146787,-33.47490121515792],[-70.7493262122634,-33.47489190703946],[-70.74934422196672,-33.474881067365864],[-70.74936087713418,-33.4748688005297],[-70.74937601736733,-33.47485522466785],[-70.74938949685752,-33.47484047052386],[-70.74940118579035,-33.47482468018875],[-70.74941097159567,-33.47480800573258],[-70.7494187600317,-33.47479060773989],[-70.74942447609263,-33.4747726537632],[-70.74942806473089,-33.47475431670941],[-70.7494294913873,-33.47473577317446],[-70.74942874232373,-33.47471720174276],[-70.74942582475545,-33.474698781267314],[-70.74942076678157,-33.47468068914714],[-70.74941361711439,-33.474663099618965],[-70.74940444461015,-33.47464618207915],[-70.74939333760597,-33.474630099452405],[-70.74938040306898,-33.474615006622734],[-70.74936576556627,-33.474601048941715],[-70.74934956606512,-33.47458836082892],[-70.74933196057542,-33.47457706447721],[-70.74931311864725,-33.47456726867609],[-70.74929322173801,-33.474559067764],[-70.74927246146493,-33.47455254071978],[-70.7492510377597,-33.47454775040207],[-70.74922915694309,-33.47454474294403],[-70.74920702973799,-33.474543547308954],[-70.7491848692401,-33.47454417501145],[-70.74868011815659,-33.47457931028282],[-70.74867752848245,-33.47457959814738],[-70.74867468411787,-33.47457972907136],[-70.74840142167606,-33.47460412947909],[-70.74815485533753,-33.474619575409754],[-70.74815133353177,-33.4746193923138],[-70.74812917489216,-33.47462006516155],[-70.7481149684504,-33.47462167488119],[-70.74784627592378,-33.47463271458935],[-70.74784507832885,-33.47463281333657],[-70.74784387501808,-33.47463282396677],[-70.74782714511005,-33.47463366096923],[-70.74781696452337,-33.47463459217524],[-70.74780687861815,-33.474635446745026],[-70.74780600132517,-33.47463559496485],[-70.74780510282733,-33.47463567714924],[-70.74779508313301,-33.474637439607406],[-70.74778514274297,-33.474639119048156],[-70.74778428675168,-33.47463933868337],[-70.74778340249435,-33.47463949422358],[-70.74777364051474,-33.474642070356154],[-70.74776394104114,-33.474644559102],[-70.74776311457248,-33.47464484809322],[-70.74776225309589,-33.47464507543203],[-70.74775284304008,-33.47464843973851],[-70.74774347769554,-33.47465171451623],[-70.74774268869857,-33.474652070142795],[-70.74774185831116,-33.47465236702482],[-70.74773289085148,-33.47465648635017],[-70.74772394977835,-33.474660516380716],[-70.74772320585487,-33.474660935284795],[-70.74772241455211,-33.47466129878042],[-70.7477139759376,-33.47466613266021],[-70.74770554535347,-33.474670879929214],[-70.7477048536858,-33.474671358145756],[-70.7477041090721,-33.47467178468162],[-70.74769628029208,-33.47467728575877],[-70.747688441665,-33.47468270535563],[-70.747687808947,-33.474683238348135],[-70.74768711816246,-33.474683723744036],[-70.74767997416761,-33.47468983825216],[-70.74767280343067,-33.47469587877521],[-70.7476722358028,-33.47469646147706],[-70.74767160545474,-33.474697000988506],[-70.74766521444224,-33.47470366929641],[-70.74765878125527,-33.474710273321314],[-70.74765613017756,-33.474713285193424],[-70.74764374397142,-33.474728924343914],[-70.74763326627489,-33.47474551437495],[-70.74762480005138,-33.47476289225949],[-70.7476184284982,-33.47478088722824],[-70.74761421422879,-33.47479932244783],[-70.74761219865744,-33.47481801675853],[-70.74761240159225,-33.47483678645444],[-70.74761482104047,-33.474855447088714],[-70.74761943322794,-33.47487381528618],[-70.74762619283273,-33.474891710545236],[-70.74763503343043,-33.474908957011706],[-70.74764586814686,-33.47492538520689],[-70.74765859051176,-33.47494083369303],[-70.74767307550493,-33.474955150659824],[-70.7476891807849,-33.4749681954161],[-70.74770674808757,-33.474979839772644],[-70.74776021540782,-33.47501180195568],[-70.74776483151004,-33.47508392890313],[-70.74776544495448,-33.47509351776285],[-70.74776558871889,-33.47509468734189],[-70.74776561240338,-33.47509586294238],[-70.74778188580902,-33.47530229000428],[-70.74778264084233,-33.47530776510876],[-70.74778313425271,-33.47531326112148],[-70.74779951366253,-33.47542322819941],[-70.74774752293042,-33.47548486613316],[-70.74773534657795,-33.47550096363903],[-70.74772516291398,-33.47551800540427],[-70.74771707511562,-33.47553581876995],[-70.74771116512593,-33.47555422325961],[-70.74770749282354,-33.475573032407674],[-70.74770609541595,-33.4755920556486],[-70.74770698706257,-33.47561110024767],[-70.74771015873115,-33.47562997325366],[-70.74771557828916,-33.475648483453675],[-70.74771939724144,-33.47565749330339],[-70.74771953708743,-33.47565795805894],[-70.7477270399568,-33.47567544380168],[-70.74773655183502,-33.475692229056285],[-70.74774798112018,-33.47570815217432],[-70.74776121774484,-33.475723059809965],[-70.7477761342359,-33.475736808396825],[-70.74779258694235,-33.47574926553058],[-70.74781041741859,-33.475760311243995],[-70.74782945395036,-33.475769839162425],[-70.74784951320835,-33.475777757528135],[-70.74786006719073,-33.47578090650172],[-70.7478474208402,-33.47578176363893],[-70.747825433856,-33.47578416861216],[-70.74780383403194,-33.475788368041115],[-70.747782829385,-33.475794321483264],[-70.74776262220028,-33.47580197160411],[-70.74774340708319,-33.475811244729265],[-70.74772536908513,-33.47582205155398],[-70.74770868192148,-33.475834288003206],[-70.74769350629862,-33.47584783623378],[-70.74767998836626,-33.47586256576944],[-70.74766825830986,-33.47587833475724],[-70.74765842909694,-33.47589499133366],[-70.74765059538908,-33.47591237508727],[-70.74764483263023,-33.47593031860331],[-70.74764119632019,-33.4759486490762],[-70.74763972147987,-33.47596718997356],[-70.74764042231423,-33.475985762736485],[-70.74764329207522,-33.476004188499004],[-70.74764830312678,-33.47602228981079],[-70.74765540721098,-33.476039892346016],[-70.7476645359127,-33.47605682658222],[-70.74767560131839,-33.47607292943306],[-70.7476884968628,-33.476088045818706],[-70.74770309835522,-33.476102030159566],[-70.74771926517539,-33.47611474777822],[-70.74773684162788,-33.47612607619646],[-70.74775565844142,-33.47613590631489],[-70.74777553439914,-33.47614414346362],[-70.74779627808387,-33.476150708313966],[-70.74781768972142,-33.47615553764247],[-70.74783956310486,-33.47615858493982],[-70.7478616875802,-33.476159820858726],[-70.74788385007525,-33.47615923349659],[-70.74822068471501,-33.47613640321627],[-70.74822171310646,-33.47613629072619],[-70.74822274935869,-33.476136255285255],[-70.74855188182987,-33.47611139806964],[-70.74871099019248,-33.476101584556666],[-70.74871349292592,-33.47612395130976],[-70.7484641106342,-33.47614048699186],[-70.74845104701184,-33.47614135318199],[-70.74844992361861,-33.476141474389856],[-70.74844879185366,-33.47614151223904],[-70.7480557073437,-33.47617089812534],[-70.74803374473991,-33.47617345534838],[-70.74801218698758,-33.476177804283196],[-70.74799124169837,-33.47618390304747],[-70.74797111058585,-33.476191692907186],[-70.74795198752278,-33.47620109884218],[-70.74793405667407,-33.47621203026867],[-70.74791749072321,-33.476224381911635],[-70.74790244920926,-33.47623803481854],[-70.7478890769904,-33.47625285750501],[-70.74787750284881,-33.47626870722103],[-70.74786783825051,-33.476285431325635],[-70.74786017627177,-33.476302868756974],[-70.74785459070269,-33.476320851583424],[-70.74785113533662,-33.47633920662073],[-70.74784984345195,-33.47635775710004],[-70.74785072749162,-33.47637632437006],[-70.74785377894324,-33.47639472961778],[-70.74785896842097,-33.476412795590385],[-70.74786624594852,-33.47643034830238],[-70.74787554144035,-33.47644721871117],[-70.7478867653767,-33.47646324434504],[-70.74789980966553,-33.476478270867844],[-70.74791454868358,-33.476492153565374],[-70.74793084048616,-33.47650475873912],[-70.74794852817416,-33.476515964993766],[-70.74796744140504,-33.47652566440645],[-70.74798739803333,-33.47653376356602],[-70.74800820586493,-33.476540184472704],[-70.74802966450795,-33.47654486528933],[-70.74805156730268,-33.47654776093685],[-70.7480737033119,-33.47654884352846],[-70.74809585935233,-33.476548102638155],[-70.74848781843299,-33.47651880083282],[-70.7484997540475,-33.47651800943411]]]}},{"type":"Feature","properties":{"numpos":"101687","TIPO":"DESCARGO","TENSION":"MT","INCIDENCIA":"DF202671764166","CLITOTAL":"1444","CANTAVISOS":"","FECHA_INICIO":"","FECHA_FIN":"","DESCARGO":"DF202671764166(TP20267213815991)","ESTADODESC":"789","ESTADOINC":" ","CLI_PLAN":"1","FECHA_INIDESC":"05-08-2026 09:30","FECHA_FINDESC":"05-08-2026 15:30","FECHA_REPOSICION":"05-08-2026 15:30","id_alim":"2734"},"geometry":{"type":"Polygon","coordinates":[[[-70.74907292282512,-33.477828167582224],[-70.74907644463808,-33.477828595236616],[-70.74907992461227,-33.47782921862478],[-70.74908222498021,-33.47782943625611],[-70.74908449824979,-33.47782980286313],[-70.74908969889925,-33.47783020470299],[-70.74909486762684,-33.47783083234174],[-70.74909842250162,-33.47783096865674],[-70.74910195863302,-33.47783130319959],[-70.74910427337919,-33.47783133083178],[-70.74910657858226,-33.47783150894813],[-70.74911180119011,-33.477831481674045],[-70.74911701844012,-33.47783168173359],[-70.74912057214114,-33.47783152539639],[-70.74912413037458,-33.477831567872094],[-70.74912643720654,-33.47783140523905],[-70.74912875214264,-33.47783139314937],[-70.74913394641183,-33.477830937024],[-70.7491391619391,-33.47783070757767],[-70.74914268024206,-33.4778302600939],[-70.7491462263096,-33.477830010093406],[-70.74914850301113,-33.47782965876135],[-70.74915080538602,-33.47782945658211],[-70.74915592129285,-33.4778285759982],[-70.74916108486842,-33.477827919255716],[-70.74916453388984,-33.47782718493493],[-70.7491680336408,-33.47782664486589],[-70.74917025828586,-33.4778261082184],[-70.74917252592628,-33.477825717896685],[-70.74917751420128,-33.47782442133481],[-70.74918257609697,-33.47782334362101],[-70.74918592262073,-33.47782232953517],[-70.74918934235033,-33.47782150459881],[-70.74919149351443,-33.47782078780406],[-70.74919370458149,-33.47782021309896],[-70.74919851718447,-33.47781851304587],[-70.74920342865128,-33.477817024739764],[-70.74920664044852,-33.477815740655075],[-70.74920994722258,-33.47781463879603],[-70.74921200418848,-33.47781374875729],[-70.74921413738849,-33.47781299520349],[-70.74921872797141,-33.477810908031664],[-70.74922344170884,-33.4778090234666],[-70.74922648784785,-33.47780748174965],[-70.74922964982035,-33.47780611357948],[-70.74923159277837,-33.47780505886831],[-70.74923362756728,-33.47780413372305],[-70.74923795192015,-33.47780167953317],[-70.74924242253212,-33.47779941685865],[-70.7492452736769,-33.477797632357074],[-70.74924826039612,-33.477796011052114],[-70.7492500706344,-33.47779480182603],[-70.74925198741605,-33.477793713998985],[-70.74925600389278,-33.47779091642643],[-70.74926018832478,-33.47778829743338],[-70.74926281701713,-33.477786287333025],[-70.74926559971934,-33.477784428507334],[-70.74926725980438,-33.47778307641186],[-70.74926904011896,-33.47778183637952],[-70.74927271003861,-33.47777872236657],[-70.74927656799224,-33.47777577227742],[-70.74927894891647,-33.477773555936686],[-70.7492815008026,-33.47777147749198],[-70.74928299474676,-33.47776999554864],[-70.74928462144894,-33.47776861525317],[-70.74928790946822,-33.47776521478961],[-70.74929140378924,-33.47776196201548],[-70.74929351401572,-33.47775956077909],[-70.74929581050975,-33.477757282731936],[-70.74929712392566,-33.47775568521268],[-70.74929858134935,-33.477754177947205],[-70.74930145580288,-33.477750523781545],[-70.74930455283916,-33.477746999648524],[-70.74930637204537,-33.477744436641686],[-70.74930839103084,-33.477741980931086],[-70.74930951126954,-33.47774028322101],[-70.74931078537907,-33.47773866350133],[-70.74931321858443,-33.47773479082524],[-70.74931588850993,-33.4777310292728],[-70.74931739917595,-33.47772832917888],[-70.74931912120907,-33.47772571945466],[-70.74932003748218,-33.477723937903626],[-70.74932111600721,-33.47772222132862],[-70.74932308453153,-33.477718167438205],[-70.74932530163352,-33.47771420469228],[-70.74932648921101,-33.47771139351464],[-70.74932789770777,-33.47770865491001],[-70.74932860119114,-33.47770680667542],[-70.74932947374501,-33.47770500977664],[-70.74933095863051,-33.47770081371319],[-70.74933270155736,-33.477696687937296],[-70.74933355460945,-33.47769379274922],[-70.74933463600544,-33.47769095163844],[-70.74933511992428,-33.477689054519786],[-70.7493357781039,-33.477687194602446],[-70.74933676505061,-33.47768289677641],[-70.74933801701725,-33.47767864770405],[-70.74933852732879,-33.477675696387806],[-70.74933927120975,-33.47767278013241],[-70.74933953090377,-33.47767085240007],[-70.74933996837065,-33.47766894737616],[-70.74934044787408,-33.47766458917798],[-70.74934119682365,-33.47766025773012],[-70.74934243270633,-33.47764936686638],[-70.74934344645777,-33.47763202032424],[-70.74934255936667,-33.47761466890925],[-70.74930937084929,-33.47730191128975],[-70.74930853865443,-33.477296881736464],[-70.74930797457024,-33.4772918261152],[-70.74928016144325,-33.47712916057131],[-70.74927999967326,-33.47712846804213],[-70.74927833309354,-33.4771120672358],[-70.74925609525204,-33.47697523457596],[-70.7492303348074,-33.47667331125366],[-70.74922951620096,-33.476665814883],[-70.74920117952072,-33.47645302373587],[-70.7491976419534,-33.476434679707786],[-70.7491919758641,-33.4764167145891],[-70.74918423582149,-33.476399301393435],[-70.74917449636744,-33.47638260781895],[-70.74916285129906,-33.476366794633435],[-70.74914941276526,-33.47635201412596],[-70.74913431018682,-33.47633840864032],[-70.74911768900984,-33.47632610920423],[-70.74909970930511,-33.476315234267396],[-70.74908054422657,-33.476305888560894],[-70.74906037834363,-33.47629816208848],[-70.74903940586383,-33.47629212925995],[-70.7490178287625,-33.47628784817437],[-70.74899585483764,-33.47628536006074],[-70.7489736957088,-33.47628468888086],[-70.74895156477915,-33.47628584109854],[-70.74892967518022,-33.47628880561745],[-70.74890823771956,-33.47629355388781],[-70.7489019036067,-33.47629553113334],[-70.74890056148445,-33.4762958269331],[-70.74887977315738,-33.47630229191003],[-70.74885984108498,-33.4763104333237],[-70.74884095722324,-33.47632017276826],[-70.74882330343347,-33.47633141644812],[-70.748807049731,-33.476344056081025],[-70.74879235264784,-33.47635796994101],[-70.74877935372511,-33.476373024030536],[-70.74876817815007,-33.47638907337103],[-70.74875893355033,-33.476405963399024],[-70.74875170895739,-33.47642353145476],[-70.74874657394916,-33.47644160834857],[-70.74874506269516,-33.476450895716596],[-70.74857216632294,-33.476461750480844],[-70.748309172759,-33.47647758150951],[-70.7482871606773,-33.47647982063885],[-70.74826551648154,-33.47648385706934],[-70.74824444861588,-33.476489651928276],[-70.74822415997434,-33.47649714940831],[-70.7482048459467,-33.47650627730511],[-70.74818669253695,-33.47651694771256],[-70.74816987457191,-33.476529057869335],[-70.74815455401765,-33.47654249114859],[-70.74814087841956,-33.47655711818107],[-70.74812897948154,-33.47657279810101],[-70.7481189717975,-33.47658937990271],[-70.74811095174775,-33.476606703894774],[-70.74810499657086,-33.47662460323808],[-70.74810116361961,-33.47664290555236],[-70.74809948980877,-33.47666143457655],[-70.7480999912594,-33.47668001186601],[-70.7481026631437,-33.47669845851123],[-70.74810747973122,-33.47671659686076],[-70.74811439463689,-33.476734252232085],[-70.74812334126743,-33.476751254593964],[-70.74813423346284,-33.476767440203886],[-70.74814696632595,-33.47678265318507],[-70.74816141723278,-33.47679674702765],[-70.74817744701332,-33.476809585999625],[-70.74819490129195,-33.4768210464541],[-70.74821361197402,-33.476831018020114],[-70.74822966052372,-33.47683782017538],[-70.74821925803984,-33.47683842293394],[-70.74821565385457,-33.476838781372884],[-70.74821202929495,-33.476838939634625],[-70.74786855019435,-33.47686815228415],[-70.74786050362034,-33.476868189940646],[-70.7478384491176,-33.47687011453606],[-70.74783577089045,-33.47687057401973],[-70.74759979026983,-33.47688442881172],[-70.74759219113928,-33.47680478835518],[-70.74758934129915,-33.476786360420476],[-70.74758434980244,-33.47676825530793],[-70.74757726472117,-33.47675064737937],[-70.74756815428967,-33.47673370620843],[-70.7475571062472,-33.47671759494733],[-70.74754422699316,-33.47670246875586],[-70.74752964056216,-33.47668847330692],[-70.74751348742966,-33.476675743383765],[-70.74749592315901,-33.47666440158196],[-70.74747711690334,-33.47665455712868],[-70.7474572497765,-33.47664630483094],[-70.74743651310892,-33.476639724162425],[-70.74741510660495,-33.4766348784982],[-70.74739323641971,-33.476631814504444],[-70.74737111317371,-33.47663056168896],[-70.74734894992451,-33.47663113211698],[-70.74732696011495,-33.47663352029505],[-70.74730535551757,-33.47663770322393],[-70.74728434419522,-33.47664364061998],[-70.74726412849738,-33.47665127530326],[-70.74724490311138,-33.476660533748],[-70.74722685318754,-33.47667132679089],[-70.74721015255608,-33.476683550489554],[-70.7471949620531,-33.476697087123654],[-70.74718142797157,-33.47671180632863],[-70.7471696806525,-33.476727566350974],[-70.74715983322967,-33.476744215413575],[-70.74715198054001,-33.47676159317729],[-70.7471461982103,-33.4767795322851],[-70.74714254192874,-33.47679785997384],[-70.74714104690868,-33.476816399737984],[-70.74714172754933,-33.47683497302953],[-70.74714905547033,-33.47691177531162],[-70.74693869019946,-33.4769318521619],[-70.74692596352358,-33.47693306677006],[-70.74690408180474,-33.47693607278556],[-70.74688265704239,-33.4769408616919],[-70.74686189556752,-33.476947387369606],[-70.74684199732341,-33.476955586973276],[-70.74682315394028,-33.476965381536715],[-70.74680554688963,-33.47697667673342],[-70.74678934573666,-33.47698936378509],[-70.74677470650731,-33.477003320509034],[-70.74676177018557,-33.47701841249494],[-70.74675066135582,-33.47703449439928],[-70.74674148700284,-33.47705141134495],[-70.74673433548166,-33.47706900041296],[-70.74672927566647,-33.477087092211285],[-70.74672635628731,-33.47710551250621],[-70.74672560546077,-33.47712408390035],[-70.7467270304191,-33.47714262754101],[-70.74673061744053,-33.47716096484268],[-70.7467363319814,-33.477178919206885],[-70.7467441190087,-33.477196317722964],[-70.74675390353016,-33.477212992833316],[-70.74676559131626,-33.477228783946984],[-70.74677906980781,-33.47724353898639],[-70.7467942091999,-33.47725711585188],[-70.74681086369192,-33.477269383790265],[-70.74682887289178,-33.477280224653974],[-70.74684806336055,-33.47728953403908],[-70.74686463585591,-33.47729584572536],[-70.74684564476841,-33.47730487425101],[-70.74682752357018,-33.47731558325375],[-70.74682617885681,-33.47731646379898],[-70.74680930681716,-33.47732868216517],[-70.74679395408268,-33.477342234697176],[-70.74678027018211,-33.477356989400064],[-70.74676838839088,-33.47737280257032],[-70.74675842443283,-33.47738952019537],[-70.74675047535327,-33.47740697945361],[-70.74674461857367,-33.47742501030017],[-70.74674091113769,-33.47744343712308],[-70.74673938915541,-33.47746208045364],[-70.74674006745164,-33.477480758714336],[-70.74674293942148,-33.47749928998734],[-70.7467479770946,-33.4775174937863],[-70.74675513140765,-33.477535192814216],[-70.74676433268192,-33.47755221469025],[-70.74677549130209,-33.47756839362857],[-70.74678849858896,-33.477583572053234],[-70.74680322785785,-33.47759760213266],[-70.74681953565258,-33.47761034721974],[-70.74683726314245,-33.47762168318255],[-70.74685623766939,-33.47763149961339],[-70.74687197008755,-33.47763793908486],[-70.74686006149429,-33.47764394779991],[-70.74684227769445,-33.47765504698697],[-70.7468258777278,-33.47766755347942],[-70.7468110195349,-33.477681346833506],[-70.74679784620848,-33.47769629421222],[-70.7467864846153,-33.47771225166468],[-70.74677704417446,-33.4777290655124],[-70.74676961580347,-33.47774657382922],[-70.74676427104272,-33.47776460800082],[-70.74676106136643,-33.47778299434849],[-70.74676001768687,-33.477801555801776],[-70.74676115005666,-33.47782011360375],[-70.74676444757179,-33.47783848903253],[-70.74676987847673,-33.47785650512245],[-70.74677739047013,-33.477873988368465],[-70.74678691120833,-33.47789077039692],[-70.74679834900232,-33.47790668958723],[-70.74681159370049,-33.47792159262837],[-70.74682651774947,-33.47793533599534],[-70.74684297742262,-33.47794778733143],[-70.74686081420407,-33.4779588267229],[-70.74687985631543,-33.47796834785385],[-70.74689992037004,-33.47797625903008],[-70.74692081313914,-33.47798248406227],[-70.74694233341285,-33.47798696299955],[-70.74696427393793,-33.477989652707144],[-70.74698642341374,-33.477990527281555],[-70.7470085685274,-33.477989578300146],[-70.74702025866262,-33.47798859360111],[-70.74725650707826,-33.477968694139385],[-70.74726909847044,-33.477967956883006],[-70.7472764110928,-33.4779672214904],[-70.74728710751774,-33.47798166149174],[-70.74730069742401,-33.47799650646227],[-70.74731596926517,-33.47801015501729],[-70.74733277392995,-33.47802247389436],[-70.74735094734065,-33.47803334281388],[-70.7473703120551,-33.478042655653226],[-70.74739067899927,-33.478050321483195],[-70.7474118493133,-33.4780562654557],[-70.7474336162932,-33.478060429534665],[-70.74745576740914,-33.478062773062575],[-70.74747808638054,-33.47806327315762],[-70.74750035528794,-33.47806192493699],[-70.74752235670064,-33.47805874156453],[-70.74754387579983,-33.478053754122364],[-70.74756470247605,-33.4780470113072],[-70.7475846333807,-33.478038578955015],[-70.7476034739115,-33.47802853939815],[-70.7476210401126,-33.47801699066143],[-70.7476371604708,-33.47800404550504],[-70.74765167759007,-33.477989830323544],[-70.74766444972832,-33.4779744839118],[-70.74767535218145,-33.477958156109686],[-70.74768427850083,-33.47794100633916],[-70.74769002869563,-33.4779260890046],[-70.74788365369533,-33.47791300848786],[-70.74815421741985,-33.4778954851711],[-70.74815685633683,-33.477895204549746],[-70.74815951287842,-33.47789508962986],[-70.74817198249745,-33.47789403416758],[-70.74817198274557,-33.47789403414659],[-70.74817198290732,-33.477894034132895],[-70.74839092606881,-33.477875502321716],[-70.74864247018856,-33.477860522411646],[-70.7486441861514,-33.47786034897155],[-70.74864591335843,-33.477860295184364],[-70.74898534659988,-33.47783570543262],[-70.74898533018904,-33.477835546350406],[-70.74899271430971,-33.47783513628365],[-70.74901469571941,-33.4778320721802],[-70.74903621007796,-33.477827208544404],[-70.74904923674933,-33.47782307271395],[-70.74905139537672,-33.477823713118255],[-70.74905485021061,-33.47782442799346],[-70.7490582405134,-33.47782533422335],[-70.74906050434925,-33.477825739757904],[-70.74906272379228,-33.47782629132492],[-70.74906785239801,-33.47782711840881],[-70.74907292282512,-33.477828167582224]]]}},{"type":"Feature","properties":{"numpos":"102722","TIPO":"DESCARGO","TENSION":"MT","INCIDENCIA":"DF202671764166","CLITOTAL":"1444","CANTAVISOS":"","FECHA_INICIO":"","FECHA_FIN":"","DESCARGO":"DF202671764166(TP20267213815991)","ESTADODESC":"789","ESTADOINC":" ","CLI_PLAN":"1","FECHA_INIDESC":"05-08-2026 09:30","FECHA_FINDESC":"05-08-2026 15:30","FECHA_REPOSICION":"05-08-2026 15:30","id_alim":"2734"},"geometry":{"type":"Polygon","coordinates":[[[-70.75650564903104,-33.473135540658745],[-70.75651731484538,-33.47313819207855],[-70.75652415209595,-33.47313975944242],[-70.75652431064076,-33.47313978209042],[-70.75652704875495,-33.473140404411815],[-70.75654891428846,-33.47314348688483],[-70.75657103505326,-33.473144758391754],[-70.75659319801287,-33.473144206687245],[-70.7566151897245,-33.47314183708458],[-70.75663679839464,-33.47313767240453],[-70.75665781591871,-33.473131752755535],[-70.75667803988543,-33.4731241351474],[-70.75669727552607,-33.473114892942384],[-70.7567153375902,-33.47310411514843],[-70.7567320521299,-33.47309190556216],[-70.75674725817487,-33.47307838176915],[-70.75676080928271,-33.473063674011485],[-70.75677257494927,-33.47304792393345],[-70.75678244186538,-33.47303128321738],[-70.75679031500813,-33.47301391212296],[-70.75685414397768,-33.47284914247029],[-70.75685421135307,-33.472849006673975],[-70.75686597509002,-33.472821517581565],[-70.75686743505823,-33.47281799733597],[-70.75696509465173,-33.47257483110736],[-70.75697112794481,-33.472556950264426],[-70.75697211252026,-33.47255234805417],[-70.75705419701221,-33.47235723734986],[-70.75705482513258,-33.472355469565905],[-70.75705563204875,-33.47235371639749],[-70.75715239986658,-33.4721084374945],[-70.75715831891678,-33.472090529861696],[-70.7571621150526,-33.47207222223941],[-70.75716375171649,-33.47205369094019],[-70.75716321314789,-33.47203511443062],[-70.75716050453488,-33.47201667161255],[-70.75715565196421,-33.47199854010027],[-70.75714870217003,-33.471980894509834],[-70.75713972208375,-33.47196390477751],[-70.75712879818938,-33.471947734523326],[-70.75711603569069,-33.47193253947512],[-70.7571015574979,-33.47191846596893],[-70.7570855030441,-33.47190564953979],[-70.75706802694232,-33.47189421361629],[-70.75704929749662,-33.47188426833215],[-70.7570294950811,-33.471875909465325],[-70.75700881040304,-33.471869217515895],[-70.75698744266607,-33.47186425693059],[-70.75696559765201,-33.47186107548232],[-70.75694348573894,-33.471859703810054],[-70.75692131987527,-33.47186015512366],[-70.75689931352906,-33.47186242507681],[-70.75687767863208,-33.47186649180883],[-70.75685662353897,-33.47187231615516],[-70.75683635102072,-33.47187984202449],[-70.75681705631187,-33.471888996939086],[-70.75679892523037,-33.47189969273262],[-70.756782132388,-33.4719118263993],[-70.75676683950884,-33.471925281085845],[-70.75675319387184,-33.47193992721686],[-70.75674132689232,-33.47195562374266],[-70.75673135285639,-33.47197221949758],[-70.7567233678204,-33.47198955465587],[-70.75667018753727,-33.4721243500164],[-70.75665129018357,-33.47212639376155],[-70.75662968409078,-33.472130566909655],[-70.75660867011064,-33.47213649478807],[-70.75658845061815,-33.47214412030846],[-70.75656922033725,-33.47215337003335],[-70.75655116446539,-33.47216415488335],[-70.7565344568901,-33.47217637099502],[-70.75651925851426,-33.47218990072111],[-70.75651608007159,-33.47219335381381],[-70.75645562469083,-33.472183151992795],[-70.75643383984162,-33.47218039412627],[-70.75641183805651,-33.47217942756719],[-70.75638982854655,-33.47218026150642],[-70.75636802059623,-33.472182888014274],[-70.7563466215736,-33.472187282115726],[-70.75632583495823,-33.47219340202811],[-70.75630585840668,-33.47220118955829],[-70.75628688187277,-33.47221057065597],[-70.75626908580159,-33.47222145611791],[-70.75625263941353,-33.47223374243606],[-70.75623769909531,-33.4722473127818],[-70.75622440691284,-33.472262038116874],[-70.75621288926034,-33.47227777842026],[-70.75620325565852,-33.472294384019754],[-70.75619559771309,-33.47231169701503],[-70.75618998824359,-33.47232955277915],[-70.75618993837601,-33.47232975014918],[-70.75603758784277,-33.4723047432956],[-70.75603651736009,-33.472301253931214],[-70.75602891800764,-33.4722837974204],[-70.75601931359793,-33.472267049212874],[-70.75600779662746,-33.47225117060261],[-70.75599447801154,-33.47223631450875],[-70.7559794860161,-33.472222624003],[-70.75596296502228,-33.47221023093191],[-70.75594507413606,-33.47219925464691],[-70.75592598565602,-33.472189800855084],[-70.75590588341394,-33.472181960601205],[-70.75588496100444,-33.472175809390734],[-70.75586341992066,-33.472171406462856],[-70.75584146761375,-33.47216879421999],[-70.75581931549507,-33.47216799781931],[-70.75579717690026,-33.472169024930636],[-70.7557752650347,-33.472171865662375],[-70.75575379092035,-33.472176492656985],[-70.75573296136348,-33.472182861354284],[-70.75571297696305,-33.47219091042064],[-70.75569403017896,-33.472200562339594],[-70.75567630347851,-33.47221172415847],[-70.75565996757915,-33.472224288383366],[-70.7556451798045,-33.47223813401454],[-70.7556320825691,-33.47225312771154],[-70.75562080200694,-33.4722691250774],[-70.75561144675675,-33.47228597204923],[-70.75560410691561,-33.47230350638189],[-70.75559885317134,-33.472321559210506],[-70.75558119626594,-33.472398445447254],[-70.7555805285543,-33.47240017877469],[-70.7555780598414,-33.47240591681379],[-70.75557712260847,-33.47240902034398],[-70.7555759501738,-33.47241206389234],[-70.7555744052962,-33.47241801838408],[-70.75557261979509,-33.47242393084691],[-70.75557184997419,-33.47242713334778],[-70.75557169068284,-33.47242780222983],[-70.75555140960832,-33.47251377105258],[-70.75554818160909,-33.472532155076756],[-70.75554711929152,-33.472550715739],[-70.75554823288773,-33.472569274289974],[-70.75555151167454,-33.4725876520006],[-70.75555692407674,-33.47260567188326],[-70.75556441797114,-33.47262316039634],[-70.75557392118851,-33.47263994911549],[-70.75558534220846,-33.47265587635568],[-70.75559857104095,-33.47267078872837],[-70.75561348028543,-33.4726845426187],[-70.75562992635783,-33.4726970055686],[-70.75564775087325,-33.47270805755249],[-70.75566678217145,-33.472717592133165],[-70.75568683696989,-33.472725517486964],[-70.755707722129,-33.472731757287924],[-70.75572923651212,-33.47273625144307],[-70.75575117292279,-33.47273895667099],[-70.75577332009999,-33.47273984691872],[-70.75579546475295,-33.4727389136127],[-70.75581739361515,-33.47273616574127],[-70.75583889549834,-33.472731629768155],[-70.75585976332648,-33.47272534937754],[-70.7558797961299,-33.47271738505347],[-70.75589880098093,-33.47270781349714],[-70.75591659485187,-33.47269672688846],[-70.75593300637766,-33.47268423199809],[-70.75594100575869,-33.47267681802354],[-70.75615341382955,-33.472711566289746],[-70.75632209796639,-33.47273999440333],[-70.75632443575138,-33.47274028964968],[-70.75639652077587,-33.472752589609144],[-70.7563967161772,-33.472752614655235],[-70.75639663799623,-33.472753354468836],[-70.75639685621454,-33.47277193556425],[-70.75639873297939,-33.472786439973376],[-70.75635616388436,-33.47289490109948],[-70.75635027774939,-33.47291281636684],[-70.75634651527957,-33.4729311288783],[-70.75634491271087,-33.4729496622745],[-70.75634548547829,-33.47296823806878],[-70.75634822806713,-33.47298667736597],[-70.75635311406612,-33.47300480258541],[-70.7563600964216,-33.47302243917102],[-70.75636910789082,-33.473039417272474],[-70.75638006168924,-33.4730555733809],[-70.75639285232647,-33.47307075190364],[-70.75640735662212,-33.473084806662655],[-70.756423434892,-33.47309760230237],[-70.75644093229351,-33.47310901559319],[-70.75645968031665,-33.47311893661837],[-70.75647949840712,-33.47312726983249],[-70.75648073263615,-33.473127667291294],[-70.75648205439511,-33.47312822074033],[-70.75650276504483,-33.47313485669661],[-70.75650539265236,-33.47313545904692],[-70.75650564903104,-33.473135540658745]]]}},{"type":"Feature","properties":{"numpos":"103618","TIPO":"DESCARGO","TENSION":"MT","INCIDENCIA":"DF202671764166","CLITOTAL":"1444","CANTAVISOS":"","FECHA_INICIO":"","FECHA_FIN":"","DESCARGO":"DF202671764166(TP20267213815991)","ESTADODESC":"789","ESTADOINC":" ","CLI_PLAN":"1","FECHA_INIDESC":"05-08-2026 09:30","FECHA_FINDESC":"05-08-2026 15:30","FECHA_REPOSICION":"05-08-2026 15:30","id_alim":"2734"},"geometry":{"type":"Polygon","coordinates":[[[-70.75833028798066,-33.472662348690946],[-70.7583519431787,-33.47265835786412],[-70.75837302734281,-33.472652607399255],[-70.75839333741988,-33.472645152676854],[-70.75841267781188,-33.472636065490406],[-70.75843086225954,-33.47262543335498],[-70.7584477156363,-33.472613358664454],[-70.75846307563475,-33.47259995770523],[-70.75847679432981,-33.47258535953649],[-70.75848873960334,-33.47256970474707],[-70.75849879641646,-33.472553144101695],[-70.7585068679174,-33.47253583708884],[-70.75851287637428,-33.47251795038487],[-70.75851676392357,-33.47249965624881],[-70.75851849312737,-33.47248113086331],[-70.75851804733388,-33.472462552637985],[-70.75851543083772,-33.472444100491266],[-70.75851066883851,-33.472425952127246],[-70.75850380719815,-33.4724082823243],[-70.75849491199908,-33.47239126125188],[-70.75848406890783,-33.4723750528318],[-70.75847138234997,-33.47235981315951],[-70.75845697450443,-33.472345689000775],[-70.75844098412678,-33.472332816378454],[-70.7584248072415,-33.472322139046454],[-70.7584263640586,-33.4723119427141],[-70.75842700902402,-33.47229336859469],[-70.75842547851846,-33.472274830934225],[-70.75842178728298,-33.47225650826034],[-70.75841597086743,-33.47223857703021],[-70.75840808528827,-33.472221209931035],[-70.7583982064889,-33.47220457421705],[-70.7583864296084,-33.47218883009885],[-70.7583728680651,-33.47217412920029],[-70.75835765246435,-33.47216061309853],[-70.75834092934076,-33.472148411960426],[-70.75832285974691,-33.47213764328905],[-70.75830361770235,-33.47212841079207],[-70.75828338851774,-33.47212080338302],[-70.75826236701023,-33.47211489432499],[-70.75824075562727,-33.472110740525125],[-70.75821876249704,-33.472108381986615],[-70.75819659942402,-33.47210784142332],[-70.75817447984937,-33.47210912404123],[-70.75815261679529,-33.47211221748811],[-70.75813122081367,-33.472117091972635],[-70.7581104979583,-33.47212370055118],[-70.75809064780066,-33.47213197957992],[-70.7580718615078,-33.47214184932776],[-70.75805432000139,-33.47215321474422],[-70.75803819221551,-33.47216596637463],[-70.75802363346948,-33.472179981414456],[-70.75801910588893,-33.47218531729031],[-70.75783840120457,-33.47214572476645],[-70.75763588407328,-33.472085719779095],[-70.75761294933771,-33.472077940777474],[-70.75761499108393,-33.47206773184673],[-70.75763898859918,-33.47194888488875],[-70.75763928457644,-33.471946802280485],[-70.75763976847048,-33.471944744532706],[-70.75764059517965,-33.47193758037838],[-70.75764161090954,-33.47193043331569],[-70.75764166188777,-33.471928336422714],[-70.75764190278548,-33.47192624883405],[-70.75764188762214,-33.47191905126702],[-70.75764206256842,-33.47191185518228],[-70.75764186805682,-33.47190976419879],[-70.75764186363834,-33.471907666873875],[-70.75764100674905,-33.4719005052107],[-70.75764033922745,-33.471893329406015],[-70.75763990109941,-33.47189126446933],[-70.75763965140747,-33.47188917760656],[-70.75763796104512,-33.4718821208179],[-70.75763645748471,-33.47187503440017],[-70.75763577995983,-33.471873015396724],[-70.75763528739925,-33.471870959093714],[-70.75763277984339,-33.47186407514017],[-70.7576304547248,-33.471857146355404],[-70.75762954432813,-33.47185519272929],[-70.75762881364265,-33.47185318678928],[-70.75762551304291,-33.471846541966976],[-70.75762238875873,-33.471839837543],[-70.75762125425798,-33.47183796810861],[-70.75762029248467,-33.47183603184995],[-70.75761623062802,-33.471829690152035],[-70.75761233726715,-33.4718232746559],[-70.75761098958831,-33.47182150741693],[-70.75760980598965,-33.471819659486684],[-70.75760502199418,-33.47181368198688],[-70.75760039705219,-33.471807617203254],[-70.75759884917422,-33.47180596917909],[-70.75759745514897,-33.47180422737381],[-70.7575919950874,-33.47179867163856],[-70.75758668310517,-33.47179301597434],[-70.757584949935,-33.471791503036286],[-70.75758335890846,-33.47178988413048],[-70.75757727536437,-33.471784803664384],[-70.75757132749919,-33.47177961158641],[-70.75756942572816,-33.47177824830479],[-70.75756765302283,-33.47177676788936],[-70.75756100458413,-33.47177221161988],[-70.75755447811713,-33.471767533130475],[-70.75755242606036,-33.47176633263443],[-70.75755048874831,-33.47176500496647],[-70.75754333944269,-33.471761016772604],[-70.75753629722747,-33.471756896928134],[-70.75753411464738,-33.471755870779035],[-70.75753203138588,-33.47175470864465],[-70.757524450065,-33.47175132693474],[-70.75751695992162,-33.471747805411276],[-70.75751466783746,-33.471746963491384],[-70.75751245868949,-33.471745978082545],[-70.75750451836537,-33.47174323542419],[-70.75749665242758,-33.4717403461357],[-70.75749427291335,-33.4717396965532],[-70.75749195915405,-33.47173889735984],[-70.75748373629578,-33.471736820166136],[-70.75747557031667,-33.47173459093796],[-70.75747312628829,-33.47173413994862],[-70.75747073020028,-33.47173353466736],[-70.75746230399824,-33.47173214294277],[-70.75745391662,-33.47173059524342],[-70.75745143161454,-33.47173034719046],[-70.75744897627342,-33.47172994165052],[-70.75725861531393,-33.47170656408035],[-70.75713800566872,-33.47168682800747],[-70.75713057039327,-33.47168592609958],[-70.75712317291998,-33.471684827346515],[-70.75711960432446,-33.47168459590136],[-70.75711606197187,-33.47168416620924],[-70.7571085570163,-33.47168387941549],[-70.75710106665845,-33.47168339361915],[-70.7570974881779,-33.47168345643101],[-70.75709391262774,-33.47168331979474],[-70.75708641026823,-33.47168365087709],[-70.7570788991618,-33.47168378271596],[-70.75707534525876,-33.4716841391799],[-70.75707177094529,-33.471684296915406],[-70.75706434343302,-33.47168524268541],[-70.75705688391378,-33.471685990889824],[-70.75705338881404,-33.471686637572894],[-70.7570498501596,-33.47168708816113],[-70.75704256902551,-33.47168863951055],[-70.75703523293187,-33.471689996874936],[-70.75703183029475,-33.47169092754936],[-70.75702836137856,-33.471691666650905],[-70.7570212967435,-33.47169380863948],[-70.75701415472564,-33.47169576209183],[-70.75701087732035,-33.471696967794706],[-70.75700751154963,-33.47169798829169],[-70.75700073144948,-33.47170070029101],[-70.75699385228867,-33.47170323101866],[-70.75699073167827,-33.47170470013848],[-70.75698750146707,-33.471705992203006],[-70.75698107119753,-33.471709248095266],[-70.75697452114363,-33.47171233172601],[-70.7569715873812,-33.47171405011443],[-70.75696852383804,-33.471715601303316],[-70.7569625053259,-33.471719369732675],[-70.75695634745932,-33.47172297656964],[-70.75695362879846,-33.47172492767773],[-70.75695076142694,-33.471726723052235],[-70.75694521263371,-33.471730967726785],[-70.75693950625782,-33.4717350630344],[-70.75693702888074,-33.47173722807203],[-70.7569343852951,-33.47173925034185],[-70.75692935965857,-33.47174393038331],[-70.75692415972898,-33.47174847472164],[-70.75692194749419,-33.471750832838396],[-70.7569195531536,-33.47175306252803],[-70.75691509907347,-33.471758132865226],[-70.75691045566833,-33.47176308247004],[-70.75690852988087,-33.47176561095609],[-70.75690640784421,-33.47176802659248],[-70.75690624395261,-33.471768257591165],[-70.7568957379575,-33.471756796140575],[-70.75688057214761,-33.471743240834435],[-70.75686389399759,-33.471730996596776],[-70.75684586412696,-33.47172018134571],[-70.7568266561727,-33.471710899237465],[-70.75680645511719,-33.47170323966341],[-70.75678545550667,-33.47169727638896],[-70.75676385957775,-33.47169306684342],[-70.75674187530971,-33.471690651566824],[-70.75671971442179,-33.471690053819465],[-70.75663020770924,-33.47169132264918],[-70.75660808361916,-33.471692548171795],[-70.75658620939308,-33.47169558517804],[-70.75656479569045,-33.47170040442015],[-70.75654404873576,-33.4717069594865],[-70.75652416833255,-33.47171518724861],[-70.7565053459391,-33.47172500846914],[-70.75648776282486,-33.47173632856491],[-70.75648164919735,-33.47174113266556],[-70.75639512899298,-33.47174229918648],[-70.75638833840132,-33.471742390683424],[-70.75638831407082,-33.47174239201404],[-70.756382793844,-33.47173833931005],[-70.75636476402829,-33.47172752398714],[-70.75634555612021,-33.47171824180278],[-70.75632535510162,-33.47171058214903],[-70.75630435551847,-33.47170461879212],[-70.75628275960707,-33.47170040916212],[-70.75626077534658,-33.47169799379984],[-70.75623861445608,-33.47169739596645],[-70.7562164903557,-33.471698621419456],[-70.75619461611122,-33.471701658357176],[-70.7561732023823,-33.47170647753242],[-70.75615245539367,-33.47171303253428],[-70.75613257494918,-33.47172126023488],[-70.75611375250756,-33.47173108139747],[-70.75609616933865,-33.47174240143942],[-70.75607999477768,-33.4717551113431],[-70.75606538459446,-33.47176908870578],[-70.7560524794933,-33.47178419891835],[-70.75604140375788,-33.47180029646172],[-70.75603226405431,-33.47181722630828],[-70.75602514840391,-33.47183482541472],[-70.7560201253354,-33.47185292429234],[-70.75601724322493,-33.47187134863926],[-70.75601652983018,-33.471889921019056],[-70.7560166426352,-33.471895512166455],[-70.75601781455364,-33.47195359787751],[-70.75601854084316,-33.47198959606842],[-70.75601687805049,-33.47200022572092],[-70.75601616465585,-33.472018798100365],[-70.75601629099758,-33.47202506016206],[-70.75601750680049,-33.472085320702355],[-70.75601750680049,-33.472085320702476],[-70.75601862052793,-33.472140521779025],[-70.75602008272767,-33.472159063328625],[-70.75602370644074,-33.472177395483314],[-70.75602945677011,-33.472195341694224],[-70.75603727833811,-33.472212729129154],[-70.7560470958198,-33.47222939033721],[-70.75605881466825,-33.47224516486139],[-70.75607232202512,-33.47225990078385],[-70.75608748780748,-33.472273456189],[-70.75610416596055,-33.47228570053038],[-70.75612219586445,-33.472296515887656],[-70.75614140388078,-33.472305798102525],[-70.75616160502513,-33.4723134577817],[-70.75618260474845,-33.472319421157906],[-70.75620420081083,-33.47232363080023],[-70.75622618522908,-33.47232604616733],[-70.75624834627992,-33.47232664399773],[-70.75627047053888,-33.4723254185341],[-70.75629234493591,-33.4723223815784],[-70.75631375880732,-33.47231756237838],[-70.75633450592463,-33.47231100734593],[-70.75635438648075,-33.47230277961],[-70.75637320901427,-33.47229295840866],[-70.75639079225334,-33.47228163832598],[-70.7564046870986,-33.47227071981035],[-70.75643611918626,-33.47227027429602],[-70.75644129903917,-33.47227906491261],[-70.7564530179645,-33.472294839396824],[-70.75646652539429,-33.472309575273755],[-70.75648169124486,-33.47232313062828],[-70.75649836946084,-33.47233537491434],[-70.75651639942168,-33.47234619021222],[-70.75653560748846,-33.47235547236415],[-70.7565558086763,-33.47236313197749],[-70.75657680843574,-33.47236909528551],[-70.75659840452647,-33.47237330485804],[-70.75662038896506,-33.472375720154346],[-70.75664255002802,-33.472376317913735],[-70.7567613927255,-33.47237463317978],[-70.75684354213793,-33.472373468549506],[-70.75687355871129,-33.47237135999995],[-70.75688891890822,-33.4723694100751],[-70.75688953123851,-33.47236930635951],[-70.75689015239216,-33.47236925056649],[-70.75689141010031,-33.472369031470535],[-70.75689268573933,-33.47236890459041],[-70.75689448603735,-33.47236857304985],[-70.75689631265764,-33.47236836600715],[-70.75689655742799,-33.47236831741188],[-70.75689680662774,-33.47236828869257],[-70.75689757890979,-33.47236813384714],[-70.75689836137298,-33.472368038986886],[-70.7569034712496,-33.472366982672135],[-70.75690864477923,-33.472366147626765],[-70.75690963727192,-33.47236590082728],[-70.75691065201529,-33.472365728951345],[-70.75691124926671,-33.47236557543543],[-70.75691186090394,-33.47236546888657],[-70.75691308693096,-33.4723651475315],[-70.75691434158789,-33.472364916475264],[-70.75691609444084,-33.47236443864609],[-70.75691788805025,-33.47236408255306],[-70.75691812595845,-33.47236401408519],[-70.75691837059922,-33.47236396503375],[-70.75691912050866,-33.47236374765258],[-70.75691988868046,-33.47236358885581],[-70.75692485137753,-33.47236211759045],[-70.75692990133334,-33.472360861835654],[-70.75693086018191,-33.47236053469648],[-70.75693184993685,-33.472360280292335],[-70.75693242635748,-33.472360078454585],[-70.75693302258787,-33.47235992217598],[-70.75693420512644,-33.47235950165661],[-70.75693542671809,-33.472359168649504],[-70.75693711524507,-33.47235854913353],[-70.75693885857,-33.47235804741957],[-70.75693908732471,-33.47235795973848],[-70.75693932505061,-33.472357890827276],[-70.75694004538991,-33.47235761309793],[-70.75694079185251,-33.47235739179784],[-70.75694555952651,-33.47235551958491],[-70.75695043731946,-33.47235385538257],[-70.75695135328967,-33.47235345105428],[-70.7569523085242,-33.47235311657199],[-70.75695285856287,-33.472352868356204],[-70.75695343364428,-33.472352663852924],[-70.75695456130579,-33.47235214821916],[-70.75695573806757,-33.472351716468204],[-70.75695734600697,-33.47235096123172],[-70.7569590222582,-33.472350318728665],[-70.7569592396565,-33.47235021267879],[-70.75695946817801,-33.47235012457147],[-70.756960152051,-33.47234978926],[-70.75696086957919,-33.47234950749445],[-70.75696539623573,-33.47234725220445],[-70.75697005496389,-33.47234519574395],[-70.75697091923435,-33.47234471812047],[-70.75697183074904,-33.4723443067813],[-70.75697234910852,-33.47234401457795],[-70.75697289750262,-33.472343763819474],[-70.75697395942709,-33.472343158037155],[-70.75697508002602,-33.47234263170039],[-70.75697659189248,-33.47234174801682],[-70.75697818492671,-33.472340970912335],[-70.7569783888749,-33.47234084751499],[-70.75697860599122,-33.47234074106007],[-70.75697924686905,-33.47234035148151],[-70.7569799285001,-33.472340011876256],[-70.75698417043837,-33.47233739507999],[-70.7569885653372,-33.47233496631734],[-70.75698936958445,-33.472334419998504],[-70.75699022860096,-33.47233393576385],[-70.75699071028916,-33.472333602387],[-70.75699122671456,-33.472333307788354],[-70.75699221267497,-33.47233261769155],[-70.75699326631913,-33.47233200183789],[-70.75699466755246,-33.4723309982176],[-70.75699616202789,-33.47233009399571],[-70.75699635056186,-33.47232995443923],[-70.75699655418201,-33.47232983066201],[-70.7569971459642,-33.47232939064597],[-70.75699778506684,-33.47232899639177],[-70.75700170130362,-33.47232604315688],[-70.7570057901739,-33.47232326561825],[-70.75700652665262,-33.47232265586542],[-70.75700732489805,-33.47232210339879],[-70.75700776527601,-33.47232173205912],[-70.75700824475932,-33.472321396457374],[-70.75700914526045,-33.47232062869205],[-70.75701012180252,-33.47231992925262],[-70.75701139890808,-33.472318815361064],[-70.75701278043206,-33.47231779272993],[-70.75701295173606,-33.47231763835841],[-70.75701313989912,-33.47231749845087],[-70.757013308584,-33.47231734575998],[-70.75701658782484,-33.47232530799891],[-70.75702584153686,-33.472342194303366],[-70.7570370256593,-33.47235823915182],[-70.7570500324836,-33.47237328802309],[-70.75706473674727,-33.47238719598778],[-70.75708099684037,-33.472399829104006],[-70.75709865616912,-33.47241106570736],[-70.75711754466411,-33.47242079758271],[-70.75713748041815,-33.47242893100626],[-70.75715827143813,-33.472435387648254],[-70.75717971749408,-33.4724401053274],[-70.7572016120475,-33.4724430386096],[-70.75722374424055,-33.47244415924561],[-70.75724590092672,-33.472443456443095],[-70.75726786872363,-33.47244093697047],[-70.75728943606809,-33.472436625091866],[-70.75731039525354,-33.47243056233331],[-70.7573305444305,-33.472422807082886],[-70.75737197477916,-33.47240474766674],[-70.75747104452839,-33.47243835017688],[-70.75747581766197,-33.47243974488039],[-70.75748049508756,-33.47244135126439],[-70.75769674273783,-33.47250542453985],[-70.75770584405727,-33.472507706857805],[-70.75771490619397,-33.4725100961742],[-70.75790154610576,-33.47255098910349],[-70.75806390838557,-33.47261031370231],[-70.7580679700799,-33.472611602938166],[-70.75807193267626,-33.47261309311569],[-70.75807720316,-33.47261457462643],[-70.75808238077974,-33.47261627060083],[-70.75822082504544,-33.4726551722279],[-70.75824216799992,-33.472660207734705],[-70.75826399712211,-33.47266346578793],[-70.7582861021843,-33.47266491501052],[-70.75830827030131,-33.4726645414456],[-70.75833028798066,-33.472662348690946]]]}},{"type":"Feature","properties":{"numpos":"28840","TIPO":"DESCARGO","TENSION":"MT","INCIDENCIA":"DF202671764166","CLITOTAL":"1444","CANTAVISOS":"","FECHA_INICIO":"","FECHA_FIN":"","DESCARGO":"DF202671764166(TP20267213815991)","ESTADODESC":"789","ESTADOINC":" ","CLI_PLAN":"1","FECHA_INIDESC":"05-08-2026 09:30","FECHA_FINDESC":"05-08-2026 15:30","FECHA_REPOSICION":"05-08-2026 15:30","id_alim":"2734"},"geometry":{"type":"Polygon","coordinates":[[[-70.75070806967369,-33.477779828235704],[-70.7507207616167,-33.47779506527398],[-70.75073517463527,-33.47780918643132],[-70.7507511699243,-33.47782205571263],[-70.75076859344031,-33.47783354917919],[-70.75078727738492,-33.47784355614203],[-70.75080704182093,-33.47785198022815],[-70.75082769640514,-33.477858740308555],[-70.75084904222155,-33.47786377127963],[-70.75087087369707,-33.47786702469011],[-70.75089298058133,-33.47786846920769],[-70.75091514997158,-33.477868090920865],[-70.75093716836308,-33.477865893472796],[-70.75095882370536,-33.47786189802631],[-70.75097990744439,-33.47785614305998],[-70.75100021653112,-33.4778486839977],[-70.75101955537708,-33.47783959267474],[-70.75103773773793,-33.47782895664602],[-70.75105458850716,-33.477816878342885],[-70.75106994540246,-33.477803474086556],[-70.75108366052869,-33.47778887296793],[-70.75109560180205,-33.477773215604294],[-70.75110565422217,-33.477756652785146],[-70.75111372097962,-33.47773934401991],[-70.75111972438816,-33.4777214560018],[-70.75112360663292,-33.4777031610025],[-70.75112533032706,-33.47768463521299],[-70.75112487887185,-33.47766605704678],[-70.75112019974189,-33.47760968631233],[-70.75124638807056,-33.47759850552211],[-70.75126798344525,-33.47759570155642],[-70.75126890477358,-33.477595504024166],[-70.75127493810014,-33.4775947842188],[-70.75129647861665,-33.477590374605896],[-70.75131739964165,-33.477584216893675],[-70.75133749969316,-33.477576370384675],[-70.75135658519588,-33.47756691064552],[-70.75137447234536,-33.477555928779196],[-70.75139098887819,-33.477543530547656],[-70.75140597573102,-33.47752983535319],[-70.75141928857248,-33.477514975088596],[-70.75143079919303,-33.4774990928669],[-70.75144039673982,-33.47748234164305],[-70.75144798878411,-33.4774648827409],[-70.75145350221146,-33.47744688429956],[-70.75145688392583,-33.47742851965411],[-70.75145810136075,-33.477409965666254],[-70.75145714279309,-33.47739140102103],[-70.75145401745571,-33.47737300450608],[-70.75144875544868,-33.47735495328962],[-70.75144140744922,-33.4773374212145],[-70.75143204422358,-33.477320577123734],[-70.75142075594562,-33.477304583234705],[-70.75140765132825,-33.47728959357676],[-70.75139285657647,-33.477275752507914],[-70.75137651417191,-33.47726319332469],[-70.75135878150073,-33.4772520369783],[-70.75135649998447,-33.47725087575694],[-70.75141261368648,-33.47724486696604],[-70.75142384213342,-33.47724399975948],[-70.75144561659747,-33.47724048897455],[-70.75146687557587,-33.47723520653842],[-70.75148741433193,-33.47722820332418],[-70.75150703506525,-33.47721954677707],[-70.75152554881666,-33.477209320264876],[-70.75154277728815,-33.477197622275014],[-70.75155855455989,-33.47718456546611],[-70.75157272868815,-33.47717027558293],[-70.75158516316863,-33.47715489024543],[-70.75159573825107,-33.47713855762334],[-70.7516043520924,-33.4771214350092],[-70.7516109217377,-33.47710368730351],[-70.7516153839188,-33.47708548542666],[-70.7516176956638,-33.47706700467286],[-70.75161783471067,-33.477048423021984],[-70.75161579972172,-33.47702991942539],[-70.75161161029637,-33.477011672082746],[-70.75160530678232,-33.47699385672562],[-70.75159694988702,-33.47697664492532],[-70.75158662009287,-33.47696020244045],[-70.75157441688219,-33.47694468762064],[-70.75156045777905,-33.47693024988155],[-70.75154487721751,-33.476917028265895],[-70.75152782524684,-33.47690515010449],[-70.75150946608652,-33.476894729790004],[-70.75148997654478,-33.476885867675236],[-70.7514695443157,-33.4768786491067],[-70.75144836617184,-33.47687314360282],[-70.75143566082944,-33.47687095620148],[-70.75144524765969,-33.476863141803506],[-70.7514595506015,-33.47684894237913],[-70.75147212386179,-33.47683363647968],[-70.75148284635377,-33.47681737150988],[-70.75149161481475,-33.4768003041107],[-70.75149834480065,-33.47678259865092],[-70.75150297149919,-33.47676442564409],[-70.75150545035403,-33.476745960106406],[-70.75150575749382,-33.47672737987117],[-70.75150388996198,-33.47670886387618],[-70.75149986574526,-33.476690590440455],[-70.75149372360036,-33.476672735546884],[-70.75148552268061,-33.47665547114755],[-70.75147534196631,-33.47663896350761],[-70.75146327950411,-33.47662337160418],[-70.75144945146258,-33.476608845595244],[-70.7514339910136,-33.47659552537367],[-70.75141704704973,-33.47658353921988],[-70.75139878275031,-33.47657300256656],[-70.75137937401001,-33.47656401688688],[-70.75135900774478,-33.47655666871739],[-70.75133788009194,-33.47655102882462],[-70.75132932469039,-33.47654949915048],[-70.75133827357924,-33.4765424297794],[-70.75135283995043,-33.47652841971994],[-70.75136569752634,-33.47651328063088],[-70.75137672248201,-33.47649715831044],[-70.75138580864184,-33.47648020802584],[-70.75139286850212,-33.47646259301798],[-70.75139783407364,-33.47644448292939],[-70.75140065753654,-33.47642605217023],[-70.75140131170065,-33.47640747823898],[-70.75139979026743,-33.47638894001267],[-70.75139610789047,-33.47637061602448],[-70.75139030003439,-33.47635268274419],[-70.75138242263314,-33.47633531287875],[-70.75137255155146,-33.47631867370905],[-70.75136078185402,-33.4763029254789],[-70.75134722688999,-33.47628821985185],[-70.75133201720142,-33.47627469845054],[-70.75131529926593,-33.4762624914929],[-70.75129723408612,-33.47625171653802],[-70.75127799563909,-33.47624247735409],[-70.7512577692008,-33.47623486291906],[-70.75123674956197,-33.47622894656363],[-70.75121513915208,-33.47622478526528],[-70.7511931460899,-33.47622241909937],[-70.75119037686342,-33.476222350600054],[-70.75119064907226,-33.47622203734781],[-70.75120188233612,-33.47620601634571],[-70.75121118765776,-33.476189149777824],[-70.75121847542283,-33.47617160007891],[-70.7512236754473,-33.4761535362624],[-70.75122673765334,-33.476135132292995],[-70.75122763255155,-33.476116565411075],[-70.75122635152499,-33.476098014425865],[-70.75122290691203,-33.476079657993374],[-70.75121733188745,-33.476061672895895],[-70.75120968014299,-33.476044232339405],[-70.75120002537015,-33.47602750428558],[-70.7511884605505,-33.47601164983427],[-70.75117509706013,-33.47599682167196],[-70.75116006359713,-33.47598316260141],[-70.75114350494198,-33.475970804166344],[-70.7511255805634,-33.475959865384695],[-70.75112233949042,-33.47595826942398],[-70.7511317728593,-33.47595388547403],[-70.75115001685856,-33.47594332430706],[-70.75116693775269,-33.475931315409284],[-70.75118237258401,-33.47591797443357],[-70.7511961727068,-33.475903429861376],[-70.75120820521867,-33.47588782176538],[-70.75121835424059,-33.47587130046062],[-70.75122652203278,-33.47585402505675],[-70.75123262993598,-33.47583616192567],[-70.75123661912895,-33.47581788309941],[-70.75123845119487,-33.475799364613174],[-70.75123810849136,-33.47578078481018],[-70.75123559432024,-33.47576232262405],[-70.75123093289565,-33.47574415585552],[-70.75122416911091,-33.47572645946024],[-70.7512153681061,-33.4757094038638],[-70.75120461464059,-33.47569315332044],[-70.75119201227679,-33.4756778643313],[-70.75117768238286,-33.47566368413715],[-70.75116176296365,-33.47565074930043],[-70.75114440733175,-33.47563918439012],[-70.75112578263108,-33.475629100782044],[-70.75110606822702,-33.47562059558641],[-70.75108545397921,-33.47561375071241],[-70.75107731574151,-33.475611796429845],[-70.75107622805241,-33.475611425008765],[-70.75106983625366,-33.47560983378715],[-70.75106352368347,-33.475608034097554],[-70.75105921470451,-33.47560718957934],[-70.75105497266892,-33.47560613353501],[-70.75104842553787,-33.475605075006285],[-70.75104193287144,-33.47560380250551],[-70.75103754586593,-33.47560331599909],[-70.75103320074109,-33.47560261348627],[-70.75102656133001,-33.47560209784461],[-70.7510199510947,-33.47560136478742],[-70.7510155283115,-33.47560124097805],[-70.7510111219432,-33.47560089876233],[-70.7510044541928,-33.475600930973606],[-70.75099779004839,-33.475600744419744],[-70.75099337408115,-33.47560098449984],[-70.75098894890475,-33.47560100587687],[-70.7509823170286,-33.47560158563089],[-70.75097566315415,-33.47560194737698],[-70.75097129653088,-33.475602549034406],[-70.75096689516286,-33.47560293379836],[-70.75096036302897,-33.475604055511866],[-70.75095707052955,-33.47560450917019],[-70.750903427969,-33.475608214382696],[-70.75089792633148,-33.47556052034867],[-70.75089772713301,-33.47555470311993],[-70.75089607619769,-33.47554385597257],[-70.75089597009523,-33.47554253679055],[-70.75089194545255,-33.47551355462728],[-70.75089159538132,-33.475511166002654],[-70.7508431823782,-33.475197326837026],[-70.75084340822167,-33.47518888916087],[-70.75084173025337,-33.47517036041741],[-70.75083789323506,-33.47515205872623],[-70.75083193412058,-33.475134160342414],[-70.75082391030067,-33.47511683763681],[-70.75081389905004,-33.47510025743617],[-70.75080199678332,-33.47508457941636],[-70.75078831812635,-33.47506995456474],[-70.75077299481241,-33.47505652372609],[-70.75075617441335,-33.47504441624613],[-70.75073801891855,-33.47503374872595],[-70.75071870317483,-33.47502462389909],[-70.75069841320263,-33.47501712964214],[-70.75067734440445,-33.4750113381285],[-70.75065569968321,-33.47500730513331],[-70.75063368748812,-33.475005069496326],[-70.7506115198073,-33.47500465274785],[-70.75058941012622,-33.4750060589014],[-70.75056757137186,-33.47500927441512],[-70.75054621386207,-33.47501426832207],[-70.75052554328015,-33.47502099252853],[-70.75050575869416,-33.47502938227714],[-70.75048705063968,-33.47503935677052],[-70.75046959928497,-33.47505081994941],[-70.75045357269585,-33.47506366141766],[-70.75044578673784,-33.47507125800669],[-70.75044053282907,-33.47506682132547],[-70.75042344642559,-33.47505497831701],[-70.7504050571397,-33.475044595844736],[-70.75038554206974,-33.47503577389703],[-70.75036508915565,-33.47502859743359],[-70.75034389536918,-33.47502313556734],[-70.75032216481694,-33.4750194408987],[-70.75030010677465,-33.47501754900922],[-70.75027793367201,-33.47501747811872],[-70.75025585904669,-33.47501922890999],[-70.75023409548807,-33.47502278452207],[-70.75021285258983,-33.47502811071274],[-70.7501923349316,-33.47503515618825],[-70.75017274010864,-33.47504385309722],[-70.75015425682913,-33.475054117684174],[-70.75013706309662,-33.475065851096076],[-70.75012132449594,-33.475078940334335],[-70.75010719259845,-33.47509325934298],[-70.75009480350236,-33.475108670222724],[-70.75008427652205,-33.475125024558864],[-70.75007571303887,-33.47514216485063],[-70.75006919552483,-33.47515992602808],[-70.7500647867484,-33.475178137041596],[-70.75006252916972,-33.47519662250938],[-70.75006247791646,-33.47520787496263],[-70.75005642785702,-33.47523353075431],[-70.75001667415539,-33.475191211667365],[-70.75001514498658,-33.47518915536197],[-70.75000825906191,-33.47517895486485],[-70.74999550206954,-33.47516375623725],[-70.74998102887102,-33.47514967867717],[-70.74996497885135,-33.475136857758635],[-70.74994750658085,-33.475125416953546],[-70.74992878032667,-33.475115466442524],[-70.74990898043222,-33.47510710205397],[-70.74988829758043,-33.475100404341056],[-70.74986693095742,-33.47509543780609],[-70.74984508633422,-33.47509225027923],[-70.74982297408519,-33.475090872457976],[-70.74980080716198,-33.47509131761147],[-70.74977879904279,-33.475093581452676],[-70.74975716167651,-33.47509764217978],[-70.74973610344158,-33.475103460686015],[-70.74971582713921,-33.47511098093639],[-70.7496965280404,-33.47512013050722],[-70.74967839200536,-33.47513082128366],[-70.74966159369357,-33.47514295030827],[-70.74964629488183,-33.47515640077245],[-70.74963264290619,-33.47517104314145],[-70.749620769243,-33.47518673640182],[-70.74961078824278,-33.475203329419344],[-70.74961042669952,-33.4752041135102],[-70.7495960226864,-33.475189875744235],[-70.74959193738133,-33.475182388866585],[-70.74958078413943,-33.47516632869836],[-70.7495678062024,-33.47515126201137],[-70.74955312855526,-33.47513733390551],[-70.7495368925519,-33.47512467851545],[-70.74951925455376,-33.475113417718966],[-70.74950038442395,-33.475103659963125],[-70.74948046389153,-33.47509549921998],[-70.74945968480115,-33.475089014081526],[-70.74943824726577,-33.47508426700282],[-70.74941635773935,-33.475081303700584],[-70.74939422702862,-33.475080152712934],[-70.74937206826306,-33.47508082512444],[-70.74935009484231,-33.47508331445952],[-70.7493285183811,-33.475087596744736],[-70.74930754667136,-33.475093630739586],[-70.749287381681,-33.475101358333845],[-70.74926821760906,-33.475110705106985],[-70.74925023901541,-33.47512158104498],[-70.74923361904331,-33.4751338814072],[-70.74922028226054,-33.47514589790566],[-70.74920932455896,-33.4750277224712],[-70.74920925783321,-33.47502606958481],[-70.7492001996869,-33.47493554972451],[-70.74919214979934,-33.474828475748936],[-70.74919174385577,-33.47482394360419],[-70.74919162630269,-33.47482281312486],[-70.7491886197801,-33.47480440269625],[-70.7491834744527,-33.47478632788117],[-70.74917623987405,-33.47476876274961],[-70.74916698571815,-33.47475187646307],[-70.74915580110843,-33.47473583164522],[-70.74914279375942,-33.4747207828159],[-70.74912808893943,-33.474706874903006],[-70.74911182826399,-33.47469424184677],[-70.74909416833215,-33.47468300530989],[-70.74907527921827,-33.47467327350578],[-70.7490553428342,-33.47466514015655],[-70.74903455117725,-33.47465868359038],[-70.74901310448143,-33.47465396598719],[-70.74899120928889,-33.47465103277983],[-70.74896907646094,-33.47464991221656],[-70.74894691914743,-33.47465061508901],[-70.74892495073406,-33.474653134628205],[-70.74890338278729,-33.474657446569786],[-70.74888242301706,-33.47466350938772],[-70.74886227327634,-33.47467126469413],[-70.74884312761729,-33.474680637801676],[-70.74882517042242,-33.47469153844267],[-70.74880857462898,-33.474703861638595],[-70.74879350006339,-33.47471748871089],[-70.74878009190213,-33.474732288423965],[-70.74876847927355,-33.474748118249046],[-70.74875877401428,-33.474764825736735],[-70.74875106959219,-33.47478224998522],[-70.74874544020612,-33.474800223189845],[-70.74874194007141,-33.47481857225902],[-70.74874060289761,-33.474837120481325],[-70.74874128760531,-33.474852280463644],[-70.74874115319072,-33.47485228756024],[-70.74874934988112,-33.474961321700924],[-70.74874961200514,-33.47496327475746],[-70.7487496930705,-33.47496523895431],[-70.74875858292594,-33.47505408163776],[-70.74875862242519,-33.475055244484274],[-70.74877622471158,-33.47524509010135],[-70.74878119181686,-33.47540835406911],[-70.74878089352964,-33.47541456929254],[-70.7487808938942,-33.47541457455628],[-70.74878089364171,-33.475414579824644],[-70.74878153630321,-33.47542384995977],[-70.74878217834869,-33.47543312011198],[-70.74878283831453,-33.47543826617658],[-70.74878361298724,-33.47544439921422],[-70.74878505602574,-33.47545215374827],[-70.74883482181716,-33.47584464486377],[-70.74883493966412,-33.47584594647357],[-70.74883505527445,-33.47584671865387],[-70.74883508763493,-33.47584749641579],[-70.74886349133446,-33.47613039774701],[-70.74886365583212,-33.4761314278923],[-70.74886371264077,-33.476132466129485],[-70.74886584148129,-33.476151206845344],[-70.7488470953193,-33.47615851416865],[-70.74882800373682,-33.47616796488605],[-70.7488101094545,-33.47617893829408],[-70.74879358480369,-33.4761913287134],[-70.74877858892573,-33.476205016818085],[-70.74876526623929,-33.47621987078474],[-70.74875374504958,-33.476235747562086],[-70.7487441363126,-33.476252494248584],[-70.74873653256667,-33.47626994956492],[-70.74873100704113,-33.47628794540717],[-70.74872779264216,-33.47630533628244],[-70.74872676235303,-33.47630689043598],[-70.74871794574193,-33.47632394041006],[-70.74871116578267,-33.47634163248713],[-70.74870648777105,-33.476359796283084],[-70.74870395676022,-33.47637825687086],[-70.74870359712656,-33.47639683646499],[-70.7487054123349,-33.476415356133806],[-70.74870938490518,-33.476433637522604],[-70.74871547658064,-33.47645150457139],[-70.7487236286963,-33.476468785210386],[-70.74873376274375,-33.47648531301715],[-70.74874578112738,-33.47650092881939],[-70.74874736219903,-33.4765025977847],[-70.74874740430988,-33.476502835838815],[-70.74874943930524,-33.476509646696925],[-70.74875127383308,-33.47651648128625],[-70.74875212803765,-33.476518645523996],[-70.74875279011454,-33.476520861406314],[-70.74875561144604,-33.47652747118851],[-70.74875823698447,-33.47653412332746],[-70.7487593404012,-33.476536207338945],[-70.7487602583005,-33.476538357781884],[-70.7487638385012,-33.47654470285158],[-70.7487672300645,-33.476551108459134],[-70.74876857216327,-33.476553092160586],[-70.7487697369461,-33.476555156465444],[-70.7487740412379,-33.4765611757756],[-70.74877816646581,-33.47656727310471],[-70.74877973441718,-33.4765691373653],[-70.74878113476763,-33.476571095676015],[-70.74878612140552,-33.47657673135656],[-70.74879094086553,-33.47658246158931],[-70.74879271966131,-33.47658418841578],[-70.74879434199843,-33.47658602190978],[-70.74879996268173,-33.4765912198231],[-70.74880543023961,-33.47659652763897],[-70.7488074028345,-33.476598100349776],[-70.74880923144602,-33.47659979141836],[-70.74881543179202,-33.47660450167754],[-70.74882149504762,-33.47660933578936],[-70.74882364252068,-33.47661073917655],[-70.74882565971696,-33.4766122715933],[-70.74883237979239,-33.47661644903788],[-70.74883898057658,-33.47662076269042],[-70.74884128231109,-33.47662198316784],[-70.74884346859783,-33.476623342243116],[-70.74885064350251,-33.47662694686829],[-70.74885771843084,-33.476630698294294],[-70.7488601523112,-33.47663172403047],[-70.74886248657893,-33.47663289675086],[-70.74887004707521,-33.47663589408571],[-70.74887752815403,-33.47663904691521],[-70.74888007077733,-33.476639867949686],[-70.74888253050598,-33.47664084310092],[-70.74889040368922,-33.476643204533275],[-70.74889821896677,-33.47664572815094],[-70.74890084586731,-33.47664633649257],[-70.7489034073441,-33.476647104765185],[-70.7489115173465,-33.47664880780942],[-70.7489195916042,-33.476650677657176],[-70.74891968547018,-33.47665069127658],[-70.74893070057736,-33.476765467355236],[-70.74893103509027,-33.47676762263472],[-70.74893117232935,-33.4767697850496],[-70.74893234116844,-33.47677933376556],[-70.74893241181795,-33.47677972206179],[-70.74893243865048,-33.4767801142016],[-70.74897594247415,-33.47712156712899],[-70.74897607636433,-33.47712228307243],[-70.748976132422,-33.477123005616825],[-70.74903028130402,-33.47751928378781],[-70.74903099064584,-33.47752579074226],[-70.74903102750625,-33.477526009639185],[-70.74903103920086,-33.47752623048752],[-70.74905574707573,-33.477747191235274],[-70.7490558723683,-33.47774985430647],[-70.7490560959548,-33.477755308650806],[-70.74905794369465,-33.47777382605582],[-70.7490619484093,-33.47779210252195],[-70.74906807153246,-33.47780996203662],[-70.7490762540962,-33.47782723260259],[-70.74908641729895,-33.47784374789447],[-70.7490984632643,-33.47785934886043],[-70.74911227598349,-33.477873885254105],[-70.7491277224328,-33.47788721708155],[-70.74914465385444,-33.47789921594935],[-70.74916290718926,-33.47790976630134],[-70.74918230664714,-33.4779187665313],[-70.74920266539992,-33.47792612996165],[-70.74922378738071,-33.47793178567817],[-70.74924546917208,-33.47793567921288],[-70.74926750196526,-33.47793777306872],[-70.74928967357106,-33.477938047080656],[-70.74931177046335,-33.477936498609814],[-70.74933357983569,-33.47793314256897],[-70.74935489165057,-33.47792801127886],[-70.74937550066245,-33.47792115415697],[-70.74939520839428,-33.47791263724154],[-70.74941382504909,-33.47790254255565],[-70.74943117133778,-33.47789096731714],[-70.74944708020584,-33.47787802300246],[-70.74946139844221,-33.477863834273066],[-70.74947398815473,-33.47784853777468],[-70.74948472809812,-33.47783228082149],[-70.74949351484162,-33.47781521997729],[-70.74950026376511,-33.47779751954772],[-70.74950490987392,-33.47777934999792],[-70.74950740842476,-33.47776088631076],[-70.74950773535659,-33.47774230630171],[-70.74950746347282,-33.47773567459446],[-70.74973409465926,-33.47772191328048],[-70.74973620510409,-33.47772178557722],[-70.74973901412486,-33.47772149894201],[-70.7497418406306,-33.47772138509868],[-70.74974388695799,-33.477721218039186],[-70.75011381842727,-33.47769127253605],[-70.75011614311623,-33.477691082784034],[-70.75011618781298,-33.47769107726789],[-70.7501162329388,-33.477691075434585],[-70.75011822308831,-33.47769091226052],[-70.75051261555166,-33.47765898186519],[-70.75051285253873,-33.47765896257249],[-70.7505143985046,-33.477658836029],[-70.75051574495566,-33.477658731702576],[-70.75067030007125,-33.47764700011779],[-70.75067406295241,-33.47769233537227],[-70.75067668511498,-33.4777107870097],[-70.75068145282957,-33.477728934414124],[-70.75068832018171,-33.47774660281582],[-70.75069722103615,-33.477763622058035],[-70.75070806967369,-33.477779828235704]],[[-70.75025851991946,-33.475605087943585],[-70.75026161229728,-33.47560488220767],[-70.75026352990558,-33.47560467487284],[-70.7502654571625,-33.475604598554064],[-70.75041509027776,-33.47559248453803],[-70.75045285307397,-33.47563791635626],[-70.75045320769247,-33.475640990701514],[-70.75024427880777,-33.475658438677904],[-70.75024351695036,-33.47565849760177],[-70.75024193469572,-33.475658613374264],[-70.75024112340573,-33.475658673970784],[-70.74981338623796,-33.47569127290581],[-70.74981296178876,-33.47569130559173],[-70.74981091673581,-33.47569146470713],[-70.7498089514189,-33.475691616408106],[-70.74944732921742,-33.475719281687326],[-70.74944620288211,-33.475719364425444],[-70.74944481017707,-33.47571946050813],[-70.74927485105589,-33.47573099520992],[-70.74926839495373,-33.47568007964896],[-70.74958351282534,-33.475661464552005],[-70.74958394849214,-33.475661463888144],[-70.74959471158796,-33.4756610022559],[-70.74959770500479,-33.47566074999445],[-70.74960071028454,-33.4756606778106],[-70.7496027446059,-33.47566046042387],[-70.74960282342424,-33.47566045791862],[-70.74997121618854,-33.47563353117803],[-70.7499931344304,-33.47563101804963],[-70.75000234385591,-33.47562917900243],[-70.75025851991946,-33.475605087943585]]]}},{"type":"Feature","properties":{"numpos":"28945","TIPO":"DESCARGO","TENSION":"MT","INCIDENCIA":"DF202671762244","CLITOTAL":"198","CANTAVISOS":"","FECHA_INICIO":"","FECHA_FIN":"","DESCARGO":"DF202671762244(TP20267213815840)","ESTADODESC":"789","ESTADOINC":" ","CLI_PLAN":"1","FECHA_INIDESC":"04-08-2026 09:30","FECHA_FINDESC":"04-08-2026 15:30","FECHA_REPOSICION":"04-08-2026 15:30","id_alim":"2734"},"geometry":{"type":"Polygon","coordinates":[[[-70.76997063563398,-33.448599596702806],[-70.76999181375717,-33.44859411018248],[-70.77000280052609,-33.44859023893519],[-70.77040571153404,-33.448512545043954],[-70.77095150031145,-33.448416177871465],[-70.77095314992991,-33.44841581491094],[-70.7709548297907,-33.44841556796813],[-70.77137553167965,-33.44833570950062],[-70.77137673884062,-33.448335427501206],[-70.7713779706859,-33.44833523459003],[-70.77175909015519,-33.4482591555011],[-70.77178084124289,-33.44825383415864],[-70.77180184691525,-33.448246712768054],[-70.77182189579229,-33.44823786299203],[-70.77184078612245,-33.44822737388587],[-70.77185832781284,-33.4482153510015],[-70.77187434434208,-33.4482019153252],[-70.77188867453681,-33.448187202060026],[-70.77190117419336,-33.448171359265395],[-70.77191171752898,-33.44815454636703],[-70.77192019844756,-33.44813693255272],[-70.77192653160718,-33.44811869506972],[-70.77193065327886,-33.44810001744112],[-70.77194591899065,-33.44800417960881],[-70.77194777120094,-33.44798566263711],[-70.77194744942315,-33.44796708263742],[-70.77194495675758,-33.4479486185452],[-70.77194031721132,-33.447930448179605],[-70.77193357546695,-33.447912746530896],[-70.77192479645224,-33.44789568407524],[-70.77191406471485,-33.44787942513302],[-70.77190148360795,-33.44786412628616],[-70.77188717429493,-33.4478499348704],[-70.77187127458245,-33.447836987556265],[-70.77185393759339,-33.44782540903288],[-70.77183533029199,-33.44781531080723],[-70.77181563187618,-33.44780679013022],[-70.7717950320516,-33.447799929060196],[-70.7717737292048,-33.447794793672635],[-70.77175192849259,-33.4477914334239],[-70.77172983986647,-33.44778988067481],[-70.77170767605061,-33.4477901503792],[-70.77168565049325,-33.44779223993968],[-70.77166397531126,-33.44779612923283],[-70.77164285924722,-33.447801780802884],[-70.77162250565925,-33.44780914022255],[-70.77160311056267,-33.44781813661704],[-70.77158486074212,-33.447828683346614],[-70.77156793195296,-33.44784067884108],[-70.77155248722845,-33.44785400757784],[-70.77153867530986,-33.44786854119446],[-70.77152662921387,-33.4478841397248],[-70.77151646495159,-33.447900652947006],[-70.77150828041125,-33.44791792183015],[-70.77150753983565,-33.44792008072429],[-70.77127454296338,-33.44796659137843],[-70.7708567257918,-33.44804590218998],[-70.77031056101508,-33.448142335649464],[-70.77030647802445,-33.448143089700714],[-70.76987156695874,-33.44822695407617],[-70.76986493263018,-33.448228322249214],[-70.76986026492828,-33.44822934785296],[-70.76985969505206,-33.44822949847686],[-70.76985910848406,-33.44822960459401],[-70.7698572042407,-33.4482300320487],[-70.76935124178944,-33.44833883785226],[-70.76934249536147,-33.44834042640041],[-70.76933718076765,-33.44834131876066],[-70.76933572541749,-33.44834162608449],[-70.76933420149844,-33.4483418350961],[-70.76933413409608,-33.44834185014825],[-70.76933409872089,-33.44834185501091],[-70.76888361872396,-33.448422982569184],[-70.76888298837481,-33.44842312353573],[-70.76888233423402,-33.448423216731605],[-70.76887219118244,-33.44842553813795],[-70.76886737396704,-33.44842661542312],[-70.76845731012921,-33.448507072662444],[-70.76824385049197,-33.44854690955254],[-70.76816580710596,-33.44856141192032],[-70.76814442749402,-33.448566318672164],[-70.76812372454606,-33.44857295849959],[-70.76810389764178,-33.448581267457826],[-70.76808513772437,-33.448591165527546],[-70.76806762546146,-33.44860255738546],[-70.76805152950548,-33.44861533332234],[-70.76803700486926,-33.448629370299486],[-70.76802419143321,-33.44864453313369],[-70.76801321259825,-33.44866067579911],[-70.76800417409731,-33.44867764283353],[-70.76799716297707,-33.448695270835486],[-70.76799224675959,-33.44871339003805],[-70.76798947279201,-33.44873182594357],[-70.76798886779049,-33.44875040100429],[-70.76799043758292,-33.44876893633222],[-70.76799416705272,-33.44878725342192],[-70.76800002028436,-33.44880517586951],[-70.76800794090913,-33.44882253107173],[-70.76801785264811,-33.44883915188808],[-70.76802966004666,-33.4488548782505],[-70.76804324939357,-33.44886955870505],[-70.76805848981634,-33.44888305187028],[-70.76807523454134,-33.4488952277991],[-70.76809332230752,-33.44890596923009],[-70.76811257891923,-33.44891517271687],[-70.76813281892409,-33.44892274962437],[-70.76815384739876,-33.44892862698245],[-70.76817546182643,-33.4489327481886],[-70.76819745404707,-33.44893507355313],[-70.76821961226217,-33.44893558068146],[-70.76824172307468,-33.448934264689626],[-70.76826357354402,-33.44893113825152],[-70.768341717419,-33.448916617196794],[-70.76855666308606,-33.44887650301811],[-70.76855784541021,-33.44887623069597],[-70.76855905470026,-33.4488760453601],[-70.76894447927744,-33.44880042248338],[-70.76895732660032,-33.44879971562213],[-70.76897919663676,-33.44879668705603],[-70.76933882745774,-33.44873154550117],[-70.7693563920596,-33.44873482655707],[-70.76937839619714,-33.448737070888356],[-70.76940055679633,-33.44873749639025],[-70.76942266043712,-33.448736098964986],[-70.769444494248,-33.44873289207066],[-70.76946584795617,-33.44872790659164],[-70.76948651591256,-33.44872119054115],[-70.76950629907248,-33.448712808598884],[-70.76952500691249,-33.448702841487986],[-70.76954221561773,-33.44869154513595],[-70.76997063563398,-33.448599596702806]]]}},{"type":"Feature","properties":{"numpos":"30025","TIPO":"DESCARGO","TENSION":"MT","INCIDENCIA":"DF202671762244","CLITOTAL":"198","CANTAVISOS":"","FECHA_INICIO":"","FECHA_FIN":"","DESCARGO":"DF202671762244(TP20267213815840)","ESTADODESC":"789","ESTADOINC":" ","CLI_PLAN":"1","FECHA_INIDESC":"04-08-2026 09:30","FECHA_FINDESC":"04-08-2026 15:30","FECHA_REPOSICION":"04-08-2026 15:30","id_alim":"2734"},"geometry":{"type":"Polygon","coordinates":[[[-70.77391043979745,-33.45039673379629],[-70.77414936865893,-33.45019222887233],[-70.7742958083137,-33.450070399296614],[-70.77429580874232,-33.45007039897463],[-70.7743040185692,-33.45006359413461],[-70.77430557242411,-33.45006229361676],[-70.7746256655525,-33.449791769502056],[-70.7746268930017,-33.44979062488792],[-70.77462822807944,-33.449789568322466],[-70.77479220571742,-33.44964640527845],[-70.77479275426562,-33.44964592467255],[-70.77501258515602,-33.44945264258009],[-70.77501795253977,-33.44944805302877],[-70.77502076017828,-33.44944560883948],[-70.77524891826485,-33.44924338971136],[-70.77541366871921,-33.44909785221059],[-70.77542811966799,-33.449083761901925],[-70.77544085351772,-33.44906855205157],[-70.77545174763503,-33.44905236913927],[-70.77546069710435,-33.449035369015725],[-70.77546761573835,-33.44901771540186],[-70.77547243690799,-33.448999578311906],[-70.77547511418405,-33.44898113241618],[-70.77547562178424,-33.44896255535879],[-70.77547395482146,-33.44894402604698],[-70.77547012935088,-33.448925722927996],[-70.77546418221513,-33.44890782227067],[-70.77545617068955,-33.44889049646773],[-70.77544617193048,-33.44887391237576],[-70.77543428223224,-33.448858229708115],[-70.77542061609964,-33.448843599496925],[-70.77540530514531,-33.44883016263855],[-70.77538849682209,-33.448818048536715],[-70.7753703530031,-33.44880737385628],[-70.77535104842266,-33.44879824139973],[-70.7753307689937,-33.448790739117165],[-70.77530971001724,-33.448784939259234],[-70.77528807430157,-33.44878089768145],[-70.77526607020917,-33.448778653306235],[-70.77524390965016,-33.44877822774805],[-70.77522180604142,-33.44877962510527],[-70.77519997225141,-33.448782831920695],[-70.77517861855021,-33.448787817311185],[-70.77515795058449,-33.44879453326505],[-70.77513816739702,-33.4488029151044],[-70.77511945950995,-33.448812882108015],[-70.77510200708993,-33.44882433828877],[-70.77508597821301,-33.44883717331791],[-70.77492109892066,-33.44898282411888],[-70.77492084165786,-33.44898305175595],[-70.77469394567142,-33.449184151563635],[-70.77468888899001,-33.44918847542438],[-70.77468784313919,-33.4491894622294],[-70.7746867038843,-33.44919037019573],[-70.7744660675247,-33.449384359806885],[-70.7743036351831,-33.44952617321843],[-70.77398560704559,-33.449794951230515],[-70.77397817791511,-33.44980110895852],[-70.77397803918105,-33.44980123582591],[-70.77397788008079,-33.449801355787365],[-70.77389320114548,-33.449871803743584],[-70.77387638548902,-33.44987729024448],[-70.77385661587394,-33.449885694982385],[-70.77383792418371,-33.44989568363864],[-70.77382049042895,-33.449907160017545],[-70.773804482506,-33.44992001359591],[-70.7737900545799,-33.449934120587265],[-70.77377734559974,-33.44994934513418],[-70.77376647796046,-33.44996554061644],[-70.77375755632414,-33.449982551063165],[-70.77375532433817,-33.44998827269991],[-70.77358800964844,-33.450131480715115],[-70.7735844073217,-33.45013453911557],[-70.7735762398182,-33.45014122237257],[-70.77357063350411,-33.45014597471602],[-70.773248267968,-33.45042905826942],[-70.77324763639211,-33.45042951819194],[-70.77299613075408,-33.4506316513338],[-70.77249823497668,-33.450841417791395],[-70.77217279772965,-33.45095322317284],[-70.77215041453118,-33.45096214481816],[-70.77212933209117,-33.450973068432035],[-70.77210980422852,-33.45098586250154],[-70.77209206604633,-33.451000372994706],[-70.77185192528856,-33.451219633280566],[-70.77184957039204,-33.45122200742563],[-70.77184703496025,-33.45122424710664],[-70.77184248804652,-33.45122914766001],[-70.77183775302014,-33.45123392138817],[-70.77183568706613,-33.4512364775905],[-70.77183342572357,-33.4512389148099],[-70.77182947371448,-33.451244165361715],[-70.77182531966912,-33.451249305155244],[-70.77182356255396,-33.45125201879736],[-70.77182159707871,-33.45125463008346],[-70.77181827803442,-33.45126018006818],[-70.77181474497606,-33.45126563642823],[-70.77181331362188,-33.45126848137628],[-70.7718116629426,-33.45127124158108],[-70.77180900882765,-33.45127703754948],[-70.7718061307818,-33.451282757928475],[-70.77180503897347,-33.4512857067842],[-70.77180371898729,-33.45128858932545],[-70.77180175536257,-33.451294575459286],[-70.77179956004679,-33.45130050476696],[-70.7717988182992,-33.45130352913126],[-70.77179784171847,-33.4513065062486],[-70.77179658749517,-33.451312624898286],[-70.77179509605193,-33.45131870603221],[-70.77179471150875,-33.451321776778876],[-70.7717940877387,-33.451324819801066],[-70.77179355499608,-33.45133101204069],[-70.77179278178924,-33.45133718643632],[-70.77179275815405,-33.45134027399236],[-70.77179249320216,-33.45134335361344],[-70.77179268707131,-33.45134955980837],[-70.77179263954771,-33.451355768002905],[-70.77179297704836,-33.45135884263348],[-70.77179307346645,-33.45136192919504],[-70.77179399208079,-33.451368089576206],[-70.7717946706986,-33.4513742717813],[-70.771795366085,-33.451377303876036],[-70.77179582294477,-33.45138036765276],[-70.77179745745795,-33.45138642289228],[-70.77179885568215,-33.45139251956989],[-70.77179990225757,-33.45139547992802],[-70.7718007151594,-33.45139849141403],[-70.77180304983061,-33.45140438319651],[-70.77180515419595,-33.451410335632204],[-70.77180654188152,-33.4514131957438],[-70.77180770299691,-33.45141612593678],[-70.77181071534234,-33.45142179752105],[-70.77181350558301,-33.45142754838948],[-70.77181522101468,-33.45143028071003],[-70.77181671916169,-33.45143310139059],[-70.77182038017116,-33.451438498156115],[-70.77182382941587,-33.45144399207305],[-70.77182585607319,-33.45144657028867],[-70.77182767682399,-33.45144925429205],[-70.77183195124017,-33.451454324264795],[-70.7718360262711,-33.45145950832072],[-70.7718383446364,-33.451461907601775],[-70.77184047045623,-33.45146442907943],[-70.77184531711427,-33.45146912343252],[-70.77184997868682,-33.451473947702],[-70.77185256643304,-33.45147614494205],[-70.7718549768491,-33.45147847961061],[-70.77185737954983,-33.45148058817014],[-70.7718607447557,-33.45148358025049],[-70.77186178568705,-33.451484499581746],[-70.77201229462638,-33.45161653808915],[-70.77202837670039,-33.451629326750975],[-70.77204587669772,-33.451640732454756],[-70.77206462608345,-33.45165064535683],[-70.77208444429006,-33.45165896998998],[-70.77210514045656,-33.45166562618308],[-70.77212651526648,-33.45167054983293],[-70.77214836286748,-33.4516736935219],[-70.7721704728539,-33.451675026974335],[-70.77219263229308,-33.45167453734838],[-70.77221462777618,-33.451672229359446],[-70.7722362474733,-33.45166812523493],[-70.7722572831737,-33.45166226450004],[-70.77227753229106,-33.4516547035973],[-70.77229679981436,-33.451645515342754],[-70.77231490018622,-33.45163478822482],[-70.7723316590897,-33.45162262555212],[-70.77234691512729,-33.451609144458345],[-70.7723605213751,-33.45159447477443],[-70.77237234679798,-33.45157875777793],[-70.77238227751121,-33.451562144832664],[-70.77239021787753,-33.4515447959308],[-70.77239609142792,-33.451526878152066],[-70.77239984159807,-33.45150856405476],[-70.77240143227316,-33.45149003001377],[-70.77240084813549,-33.4514714545221],[-70.77239809481198,-33.451453016471795],[-70.77239319882,-33.451434893431205],[-70.77238620731183,-33.451417259934786],[-70.7723771876206,-33.45140028580239],[-70.77236622661181,-33.45138413450372],[-70.77235342984655,-33.451368961584116],[-70.7723389205651,-33.451354913166526],[-70.77232776646571,-33.45134512794649],[-70.77239075859129,-33.45128761274432],[-70.77267758166276,-33.451189073241714],[-70.77268543562194,-33.45118598943414],[-70.7726933561333,-33.45118305122095],[-70.77322936154049,-33.45095722858096],[-70.77324891589315,-33.45094794113055],[-70.77326727243658,-33.45093707069649],[-70.77328424944008,-33.45092472489697],[-70.77355716535898,-33.45070538388428],[-70.77356768694574,-33.450697008734494],[-70.77389465447047,-33.45040988300891],[-70.77390147224334,-33.45040430418355],[-70.7739028931738,-33.450403021438675],[-70.7739044249076,-33.45040184271017],[-70.77390979789033,-33.450397280995325],[-70.77391010347269,-33.4503969947248],[-70.77391043979745,-33.45039673379629]]]}},{"type":"Feature","properties":{"numpos":"52056","TIPO":"DESCARGO","TENSION":"MT","INCIDENCIA":"DF202671762244","CLITOTAL":"198","CANTAVISOS":"","FECHA_INICIO":"","FECHA_FIN":"","DESCARGO":"DF202671762244(TP20267213815840)","ESTADODESC":"789","ESTADOINC":" ","CLI_PLAN":"1","FECHA_INIDESC":"04-08-2026 09:30","FECHA_FINDESC":"04-08-2026 15:30","FECHA_REPOSICION":"04-08-2026 15:30","id_alim":"2734"},"geometry":{"type":"Polygon","coordinates":[[[-70.77509994962425,-33.44822911798679],[-70.77511403854126,-33.448243463545516],[-70.77512973695877,-33.44825658237076],[-70.77514689369234,-33.448268348120585],[-70.77516534351294,-33.448278647483754],[-70.77518490873811,-33.44828738127131],[-70.77520540094322,-33.44829446537165],[-70.77522662277612,-33.44829983156065],[-70.77524836985779,-33.44830342815864],[-70.77527043275059,-33.44830522052831],[-70.77529259897548,-33.44830519140804],[-70.7753146550582,-33.44830334107838],[-70.77533638858525,-33.44829968735912],[-70.77535759024963,-33.44829426543786],[-70.77537805586661,-33.44828712753103],[-70.77539758834018,-33.448278342381],[-70.77541599956122,-33.44826799459409],[-70.7754331122191,-33.44825618382565],[-70.7754487615094,-33.44824302382046],[-70.77546279672093,-33.44822864131711],[-70.77547508268727,-33.448213174827515],[-70.77548550108841,-33.44819677330296],[-70.7754939515903,-33.44817959469954],[-70.77550035281102,-33.44816180445693],[-70.77550464310447,-33.44814357390522],[-70.77550678115408,-33.44812507861473],[-70.77550674637065,-33.448106496705286],[-70.77550453909055,-33.44808800713083],[-70.77550018057245,-33.44806978795586],[-70.77549371279248,-33.44805201464075],[-70.77548519804007,-33.44803485835186],[-70.77547471831784,-33.44801848431323],[-70.77546237455199,-33.44800305021529],[-70.77524766228674,-33.447761150105144],[-70.77524325884167,-33.44774518106077],[-70.77523617374659,-33.44772757392879],[-70.77522706409027,-33.44771063374838],[-70.77521601760459,-33.447694523662314],[-70.77520314067387,-33.44767939881899],[-70.77518855731039,-33.44766540487836],[-70.77517240796004,-33.447652676609145],[-70.77515484814978,-33.44764133659096],[-70.77513604698974,-33.44763149403388],[-70.77511618554475,-33.44762324372654],[-70.77509545509045,-33.44761666512355],[-70.77507405527142,-33.44761182158007],[-70.77505219217838,-33.447608759741826],[-70.77503007636352,-33.44760750909586],[-70.77502557372456,-33.44760762546293],[-70.77501300510002,-33.44760631051514],[-70.77499084650638,-33.4476058277253],[-70.77496873816254,-33.447607167989794],[-70.77494689298261,-33.44761031840126],[-70.77492552134632,-33.44761524861977],[-70.77490482907301,-33.44762191116496],[-70.77488501543966,-33.44763024187326],[-70.77486627126154,-33.44764016051592],[-70.77484877705483,-33.4476515715715],[-70.77483270129798,-33.44766436514588],[-70.77481819880933,-33.44767841803053],[-70.77480540925599,-33.447693594888996],[-70.7747944558089,-33.44770974956043],[-70.77478544395649,-33.44772672646693],[-70.77477846048879,-33.44774436211205],[-70.77477357266154,-33.447762486655144],[-70.7747708275485,-33.4477809255472],[-70.77477025158792,-33.44779950121165],[-70.77477185032805,-33.44781803475474],[-70.77477560837347,-33.44783634768817],[-70.77478148953347,-33.447854263648125],[-70.77478943717041,-33.4478716100938],[-70.77479937474521,-33.447888219968995],[-70.77481120655436,-33.44790393331111],[-70.77482014867995,-33.44791460978514],[-70.77482393122911,-33.44791868504932],[-70.77482749809111,-33.44792289477146],[-70.77483939620367,-33.44793557057124],[-70.77509994962425,-33.44822911798679]]]}},{"type":"Feature","properties":{"numpos":"53129","TIPO":"DESCARGO","TENSION":"MT","INCIDENCIA":"DF202671764166","CLITOTAL":"1444","CANTAVISOS":"","FECHA_INICIO":"","FECHA_FIN":"","DESCARGO":"DF202671764166(TP20267213815991)","ESTADODESC":"789","ESTADOINC":" ","CLI_PLAN":"1","FECHA_INIDESC":"05-08-2026 09:30","FECHA_FINDESC":"05-08-2026 15:30","FECHA_REPOSICION":"05-08-2026 15:30","id_alim":"2734"},"geometry":{"type":"Polygon","coordinates":[[[-70.75324432245556,-33.4765934229601],[-70.75326199491236,-33.476604646036854],[-70.75328089495433,-33.476614363443254],[-70.75330084056299,-33.476622481594845],[-70.75332163965035,-33.476628922308976],[-70.75334309190875,-33.476633623557696],[-70.75336499073995,-33.47663654006516],[-70.75338712524494,-33.47663764374369],[-70.7534092822549,-33.47663692396422],[-70.75343124838437,-33.476634387658734],[-70.75345281208621,-33.47663005925342],[-70.75347376568891,-33.476623980433494],[-70.75349390739679,-33.47661620974171],[-70.75351304323335,-33.47660682201451],[-70.75353098890938,-33.47659590766141],[-70.75354757159784,-33.47658357179412],[-70.75356263159821,-33.4765699332144],[-70.75357602387469,-33.476555123269726],[-70.75358761945272,-33.47653928458858],[-70.75359730666123,-33.47652256970657],[-70.75360499220803,-33.47650513959758],[-70.75361060207815,-33.47648716212342],[-70.75361408224673,-33.476468810417245],[-70.7536153991992,-33.476450261216144],[-70.75361454025395,-33.4764316931591],[-70.75361151368448,-33.47641328506654],[-70.75360634863962,-33.476395214218286],[-70.75359909486279,-33.47637765464616],[-70.75359255330024,-33.47636574691116],[-70.7535928916145,-33.47636553581128],[-70.75360020958198,-33.47635995640097],[-70.75360759755168,-33.476354442160535],[-70.75360840838682,-33.47635370541582],[-70.75360929302643,-33.476353030943166],[-70.75361592317422,-33.47634687729481],[-70.7536226306093,-33.47634078275273],[-70.75362335136859,-33.47633998295292],[-70.75362415286041,-33.47633923906295],[-70.75363003133651,-33.47633257043982],[-70.7536359936409,-33.47632595429009],[-70.75363661738304,-33.47632509913773],[-70.7536373280083,-33.47632429299456],[-70.75364239819983,-33.47631717361958],[-70.75364755795363,-33.476310099579386],[-70.75364807867166,-33.47630919731009],[-70.75364869158665,-33.47630833667733],[-70.7536529046652,-33.47630083511425],[-70.75365721217749,-33.47629337131062],[-70.75365762485669,-33.47629243061375],[-70.75365813415873,-33.47629152377983],[-70.75366144955053,-33.47628371227289],[-70.75366486333792,-33.47627593058662],[-70.753665164004,-33.476274960521636],[-70.75366556478832,-33.476274016219826],[-70.75366795056486,-33.476265969998266],[-70.75367043775118,-33.4762579453714],[-70.75367087567253,-33.47625618066593],[-70.75367096509116,-33.476255818559416],[-70.75376745468782,-33.475863144358925],[-70.75376768597974,-33.47586189566844],[-70.75376804270178,-33.475860667893855],[-70.7537680894284,-33.47586039134648],[-70.75376816732081,-33.475860119775426],[-70.75377022200097,-33.47585100957956],[-70.7537702965796,-33.47585055862318],[-70.75377042100493,-33.475850115458286],[-70.75383481424221,-33.47555689156833],[-70.75383506532506,-33.47555580105576],[-70.75383552608237,-33.47555373850633],[-70.75383591002658,-33.47555196554619],[-70.75383629397125,-33.47555019258376],[-70.75383642287417,-33.475549591831964],[-70.75390192866249,-33.475241450771755],[-70.7539022475746,-33.47523997810471],[-70.75390231983963,-33.47523951645657],[-70.75390244309148,-33.47523906245451],[-70.75390278349535,-33.47523744536773],[-70.75390783196379,-33.47521369457007],[-70.75391064472556,-33.4751952626802],[-70.75391128813877,-33.47517668849932],[-70.75390975600837,-33.47515815090693],[-70.75390606309097,-33.47513982843008],[-70.7539002449527,-33.475121897524],[-70.75389235762654,-33.47510453087277],[-70.7538824770728,-33.475087895726354],[-70.75387069844739,-33.475072152289776],[-70.75385713518546,-33.47505745218045],[-70.75384191790891,-33.475043936967836],[-70.75382519316854,-33.4750317368103],[-70.75380712203241,-33.47502096920145],[-70.753787878535,-33.47501173783871],[-70.75376764800089,-33.47500413162468],[-70.75374662526029,-33.47499822381096],[-70.75372501277249,-33.474994071292734],[-70.75370301867633,-33.47499171406077],[-70.7536808547856,-33.47499117481645],[-70.7536587345493,-33.474992458752965],[-70.75363687099602,-33.47499555350545],[-70.75361547468246,-33.47500042926997],[-70.75359475166563,-33.47500703909057],[-70.7535749015185,-33.47501531931152],[-70.75355611540807,-33.47502519019017],[-70.75353857425426,-33.47503655666518],[-70.7535224469877,-33.47504930927169],[-70.75350788892277,-33.47506332519575],[-70.75349504026181,-33.47507846945689],[-70.75348402474496,-33.47509459620811],[-70.75347494845843,-33.4751115501405],[-70.75346789881276,-33.47512916797876],[-70.75346294370107,-33.47514728005381],[-70.75345786202213,-33.47517118651307],[-70.75345779615009,-33.47517149791004],[-70.75345751937617,-33.475172812690914],[-70.75345723452799,-33.4751741280269],[-70.75345710562084,-33.475174728787714],[-70.75342172486805,-33.47534115705569],[-70.75334616461318,-33.4753462628362],[-70.7533457909501,-33.47534628834685],[-70.7533436525038,-33.475346435839164],[-70.75334171454335,-33.47534656950363],[-70.7533089347415,-33.47534878113881],[-70.75330891880142,-33.47534878287741],[-70.75330890273474,-33.47534878330019],[-70.75301325182618,-33.475368765748314],[-70.75301288283214,-33.47536879094244],[-70.75301130795401,-33.47536889956022],[-70.75300973312146,-33.47536900152688],[-70.75300897482859,-33.475369051700746],[-70.7527001595764,-33.4753899230419],[-70.75269979049698,-33.47538994824088],[-70.75269765205024,-33.47539009572204],[-70.75269765205013,-33.47539009572206],[-70.75269569862645,-33.47539023044275],[-70.75238939953782,-33.47541092982919],[-70.75218951565218,-33.47537510315004],[-70.75208291509377,-33.47531577413044],[-70.75208219493544,-33.47531537313631],[-70.75208173569722,-33.47531511122216],[-70.7519840960445,-33.47525906736755],[-70.75192146776863,-33.47521657461585],[-70.75191966059192,-33.47521535035401],[-70.7519017532037,-33.47520439223323],[-70.75188265038062,-33.47519495782219],[-70.75186253609264,-33.47518713797905],[-70.75184160405041,-33.475181008012676],[-70.75182005583981,-33.47517662695771],[-70.75179809898061,-33.47517403700592],[-70.75177594492806,-33.475173263099784],[-70.75175380703638,-33.47517431269246],[-70.75173189850419,-33.47517717567591],[-70.75171043032135,-33.475181824478234],[-70.751689609237,-33.47518821432928],[-70.75166963576852,-33.47519628369168],[-70.75165070227052,-33.47520595485351],[-70.75163299108237,-33.47521713467677],[-70.75161667277212,-33.475229715494194],[-70.75160190449397,-33.475243576146205],[-70.75158882847477,-33.47525858314771],[-70.75157757064412,-33.47527459197363],[-70.75156823942186,-33.47529144845068],[-70.75156092467371,-33.47530899024221],[-70.75155569684576,-33.47532704841147],[-70.75155260628615,-33.47534544904865],[-70.75155168276001,-33.47536401494568],[-70.75155293516276,-33.475382567302816],[-70.75155635143449,-33.4754009274506],[-70.75156189867589,-33.47541891857058],[-70.75156952346522,-33.475436367398075],[-70.75157915237263,-33.475453105890985],[-70.75159069266725,-33.47546897284796],[-70.75160403321036,-33.47548381546103],[-70.75161904552554,-33.47549749078711],[-70.7516355850361,-33.4755098671248],[-70.75163718518974,-33.47551095107554],[-70.75170504129191,-33.47555699094708],[-70.75170684847939,-33.475558215216026],[-70.75171371277524,-33.47556241570299],[-70.751720460359,-33.47556674696351],[-70.75172222418196,-33.47556776811631],[-70.7517229712746,-33.47556819878695],[-70.75182665625121,-33.475627712660824],[-70.7518272125341,-33.47562803093993],[-70.75182898693582,-33.47562904292353],[-70.75183005804337,-33.475629591367976],[-70.7518310681796,-33.47563021579592],[-70.75183285297632,-33.475631209596685],[-70.75193589949932,-33.47568856068132],[-70.75196003238833,-33.475703419479274],[-70.75196176539622,-33.47570448649794],[-70.75196450782623,-33.47570600722707],[-70.75196711845327,-33.47570768297204],[-70.75196870415031,-33.47570860099384],[-70.75212298485287,-33.47579828642598],[-70.75212454937729,-33.47579920008887],[-70.75212493937079,-33.47579940477693],[-70.75212530468728,-33.47579963927025],[-70.75212690279207,-33.47580056447129],[-70.75215182401347,-33.47581504734452],[-70.752152147742,-33.47581521639114],[-70.75215245092211,-33.47581541035956],[-70.75246471081631,-33.47599557427514],[-70.7524667145233,-33.47599685732639],[-70.75247432542409,-33.47600195472815],[-70.75247976920996,-33.47600524731124],[-70.75248222844715,-33.47600694486423],[-70.75248415807269,-33.47600802957175],[-70.75248696219565,-33.47600982949493],[-70.75248870857365,-33.47601084052643],[-70.75248871081634,-33.476010841966215],[-70.75273618239932,-33.47615413616335],[-70.75273618250871,-33.476154136251964],[-70.75273618294447,-33.47615413651636],[-70.75273796203355,-33.47615516645621],[-70.75273796254582,-33.47615516672265],[-70.75273972584348,-33.4761561875425],[-70.75273995043375,-33.476156317395954],[-70.75301822389577,-33.476317001002286],[-70.75301960280032,-33.476317799280395],[-70.75302104475958,-33.47631863931013],[-70.75307275601001,-33.47634879128256],[-70.75318910155912,-33.476535830398646],[-70.75320030373658,-33.476551866683664],[-70.75321332761902,-33.47656690559456],[-70.75322804777971,-33.47658080229784],[-70.75324432245556,-33.4765934229601]]]}},{"type":"Feature","properties":{"numpos":"53130","TIPO":"DESCARGO","TENSION":"MT","INCIDENCIA":"DF202671764166","CLITOTAL":"1444","CANTAVISOS":"","FECHA_INICIO":"","FECHA_FIN":"","DESCARGO":"DF202671764166(TP20267213815991)","ESTADODESC":"789","ESTADOINC":" ","CLI_PLAN":"1","FECHA_INIDESC":"05-08-2026 09:30","FECHA_FINDESC":"05-08-2026 15:30","FECHA_REPOSICION":"05-08-2026 15:30","id_alim":"2734"},"geometry":{"type":"Polygon","coordinates":[[[-70.75293743764632,-33.475416853309554],[-70.75293953670142,-33.475416717402005],[-70.75333493395676,-33.47539123307391],[-70.75336479229976,-33.47538931505282],[-70.75336706801106,-33.475389167734626],[-70.75336706802287,-33.47538916773338],[-70.75336706803476,-33.475389167733105],[-70.75336920666143,-33.47538902925582],[-70.75337051580979,-33.47538894127936],[-70.75370489300194,-33.47536565040208],[-70.75372719630892,-33.47536315466137],[-70.75374909280684,-33.47535881223247],[-70.75377036533564,-33.475352666181834],[-70.75379080292358,-33.47534477746335],[-70.75381020287969,-33.47533522431405],[-70.75382837280394,-33.47532410147795],[-70.75384513249546,-33.47531151926654],[-70.7538603157397,-33.475297602464664],[-70.75387377195675,-33.47528248909299],[-70.75388536769489,-33.475266329039194],[-70.75389498795393,-33.47524928257134],[-70.75390253732576,-33.47523151874845],[-70.75390794094056,-33.47521321374386],[-70.75398667717,-33.47487505146437],[-70.75399100598236,-33.47486110857223],[-70.75406493051437,-33.47456251981828],[-70.75407102559478,-33.47455881211941],[-70.75407309696787,-33.474557794854626],[-70.75409103630169,-33.47454687367241],[-70.75410761191019,-33.47453453149471],[-70.7541226641611,-33.474520887184],[-70.7541360480932,-33.47450607214299],[-70.75414763481231,-33.474490229049216],[-70.7541573127327,-33.47447351048077],[-70.75416498865158,-33.474456077447066],[-70.75417058864676,-33.47443809783805],[-70.75417405878845,-33.474419744807484],[-70.75417536565863,-33.47440119510515],[-70.75417449667282,-33.4743826273749],[-70.7541714602012,-33.47436422043401],[-70.75416628548795,-33.474346151551195],[-70.75415902236966,-33.474328594739355],[-70.75414974079513,-33.47431171907983],[-70.75413853015189,-33.47429568709394],[-70.7541254984052,-33.474280653177985],[-70.75411077105822,-33.474266762116216],[-70.75409448994354,-33.47425414768656],[-70.75407681185698,-33.47424293137234],[-70.75405790704778,-33.47423322119223],[-70.7540379575789,-33.47422511066008],[-70.75401715557372,-33.47421867788434],[-70.7540070283838,-33.4742164625807],[-70.75400573419675,-33.47421612138653],[-70.75400438617088,-33.474215884601456],[-70.75399570136582,-33.4742139848158],[-70.75398696879607,-33.47421282518214],[-70.75398403273502,-33.474212309453065],[-70.75398100520434,-33.474212033252016],[-70.75397380156976,-33.474211076651045],[-70.75396662965223,-33.474210721772074],[-70.75396198993211,-33.47421029849059],[-70.75395725217547,-33.47421025775757],[-70.75395166709117,-33.47420998139715],[-70.75395082315141,-33.47420997440317],[-70.75394414519455,-33.474210145068916],[-70.75393981807092,-33.47421010786573],[-70.75393675897081,-33.47421033383515],[-70.75393259184649,-33.47421044033217],[-70.75346933554518,-33.47423799574221],[-70.75346494832004,-33.47423851244624],[-70.75346368570233,-33.474238594202916],[-70.75346293308193,-33.47423864399657],[-70.75304916447298,-33.47426660139812],[-70.75304878973562,-33.47426662698066],[-70.75304665131732,-33.474266774466955],[-70.75304664917506,-33.47426677470388],[-70.75304664701537,-33.474266774763706],[-70.75304466843544,-33.474266911257864],[-70.75264532019361,-33.4742939811989],[-70.75264140440866,-33.47429418581069],[-70.75263693366774,-33.47429445675445],[-70.75263535881501,-33.47429456536645],[-70.7526337840062,-33.47429466732742],[-70.75263302867145,-33.47429471729939],[-70.75230693722993,-33.47431675177838],[-70.75230656521651,-33.47431677717459],[-70.75230501832333,-33.47431688385411],[-70.75228091396649,-33.474318439375644],[-70.75227758860862,-33.4743186746848],[-70.75227103824136,-33.47431917905759],[-70.75225775015898,-33.47432012577292],[-70.75225725262143,-33.47432016168431],[-70.75180597562208,-33.47435315433099],[-70.75180381813493,-33.47435331223869],[-70.75180208432063,-33.47435343910627],[-70.75142489926876,-33.47437989941735],[-70.75141366250404,-33.47438115095371],[-70.75100377172019,-33.47440541864807],[-70.75100152380627,-33.47440555066891],[-70.75099978575348,-33.47440544847957],[-70.75097762142438,-33.47440597115344],[-70.75095562495311,-33.4744083119432],[-70.7509461941322,-33.47440954977726],[-70.7509244181009,-33.474413400143575],[-70.75090319970965,-33.47441902719464],[-70.75088274482253,-33.47442637633601],[-70.75086325189608,-33.47443537626533],[-70.75084491005394,-33.47444593966394],[-70.75082789725195,-33.47445796404415],[-70.75081237855161,-33.47447133274353],[-70.75079850451856,-33.474485916056885],[-70.7507864097619,-33.4745015724944],[-70.75077621162804,-33.474518150154715],[-70.75076800906218,-33.47453548819839],[-70.75076188164837,-33.47455341840861],[-70.75075788883727,-33.47457176682304],[-70.75075606936925,-33.474590355421824],[-70.75075644089854,-33.474609003854624],[-70.75075899982193,-33.474627531190464],[-70.75076372131353,-33.474645757673215],[-70.75077055956575,-33.47466350646553],[-70.75077944823359,-33.474680605364625],[-70.75079030107827,-33.47469688847309],[-70.750803012804,-33.47471219780832],[-70.75081746007945,-33.47472638483546],[-70.75083350273437,-33.47473931190854],[-70.75085098511956,-33.47475085360588],[-70.75086973761695,-33.474760897947014],[-70.7508895782854,-33.474769347479196],[-70.7509103146258,-33.4747761202229],[-70.75093174544887,-33.47478115046723],[-70.7509536628272,-33.47478438940746],[-70.75097585411258,-33.4747858056186],[-70.75099810399921,-33.47478538536021],[-70.75100004639404,-33.474785268275134],[-70.75103542622276,-33.474783190404096],[-70.7510354893256,-33.47478318407828],[-70.75103555286377,-33.47478318293644],[-70.75140034758422,-33.474761585182875],[-70.75140370323462,-33.474762899833365],[-70.75140376347898,-33.47476323119696],[-70.75137142460343,-33.474798045077804],[-70.75112239319193,-33.47481098988372],[-70.7511223841365,-33.47481099072982],[-70.75112237502572,-33.47481099082862],[-70.75108646073176,-33.47481286006803],[-70.75108431481155,-33.47481297181093],[-70.75106227841594,-33.47481503282943],[-70.7510405891865,-33.47481889403901],[-70.7510194560011,-33.47482451825439],[-70.75099908238279,-33.47483185131162],[-70.7509796645397,-33.474840822589826],[-70.7509613894756,-33.47485134569122],[-70.75094443318889,-33.47486331927312],[-70.75092895897772,-33.47487662802397],[-70.75091511586727,-33.47489114377376],[-70.75090303717461,-33.47490672672846],[-70.75089283922479,-33.47492322681625],[-70.75088462023048,-33.47494048513262],[-70.75087845934614,-33.474958335470966],[-70.75087441590563,-33.47497660592305],[-70.75087252885083,-33.47499512053454],[-70.75087281635648,-33.4750137009997],[-70.75087527565513,-33.47503216837843],[-70.75087988306375,-33.47505034481961],[-70.75088659421168,-33.47506805527388],[-70.75089534446803,-33.47508512917953],[-70.75090604956398,-33.47510140210506],[-70.75091860640426,-33.475116717332824],[-70.7509328940601,-33.47513092736822],[-70.75094877493376,-33.475143895360276],[-70.75096609608363,-33.47515549641955],[-70.75098469069724,-33.475165618820974],[-70.75100437969765,-33.47517416507978],[-70.75102497346819,-33.47518105289037],[-70.75104121688594,-33.475184990186655],[-70.75103545023323,-33.47518778214359],[-70.75101743037973,-33.47519861001715],[-70.75100076372598,-33.475210865934216],[-70.75098561078084,-33.47522443186414],[-70.75097211747561,-33.47523917716018],[-70.75096041375859,-33.475254959817605],[-70.75095061234364,-33.475271627841295],[-70.75094280762467,-33.47528902070952],[-70.75093707476641,-33.47530697091978],[-70.75093346898068,-33.47532530560198],[-70.7509320249945,-33.47534384818326],[-70.75093275671561,-33.475362420088445],[-70.75093565709855,-33.47538084245986],[-70.75094069821235,-33.47539893787978],[-70.75094783150955,-33.475416532079166],[-70.75095698829368,-33.475433455615864],[-70.75096808038077,-33.47544954550649],[-70.7509810009486,-33.475464646796084],[-70.75099562556544,-33.47547861405042],[-70.75101181338836,-33.475491312756645],[-70.75102940851963,-33.47550262061865],[-70.7510482415081,-33.47551242873506],[-70.75106813098115,-33.47552064264783],[-70.75108888539138,-33.475527183252076],[-70.75111030486141,-33.47553198755782],[-70.75113218310877,-33.475535009296784],[-70.75115430943268,-33.4755362193678],[-70.75117647074315,-33.47553560611719],[-70.75117860919731,-33.475535458662236],[-70.75154118468005,-33.47551034053048],[-70.7517235599522,-33.47554646894612],[-70.7517257240061,-33.47554689696743],[-70.75172667601785,-33.47554704435421],[-70.75172760846995,-33.47554726254938],[-70.75173757614417,-33.47554873186904],[-70.75174752844458,-33.475550272644284],[-70.75174849311068,-33.47555034112147],[-70.7517494465932,-33.47555048167273],[-70.75175953812403,-33.47555112515521],[-70.7517696227122,-33.475551841012],[-70.75177059074232,-33.47555182992009],[-70.7517715560726,-33.47555189147386],[-70.75178167427256,-33.47555170292201],[-70.7517917940277,-33.47555158696625],[-70.7517927560991,-33.47555149641208],[-70.75179372398047,-33.47555147837557],[-70.75180377140508,-33.47555045960524],[-70.75181382886778,-33.47554951295372],[-70.75181477571519,-33.475549343809426],[-70.7518157368263,-33.4755492463563],[-70.75182561671262,-33.47554740717885],[-70.75183551502359,-33.475545638948454],[-70.75183643752825,-33.475545392842946],[-70.75183738261306,-33.475545216911776],[-70.75184699981185,-33.475542575039626],[-70.75185664364432,-33.47554000225952],[-70.75185753292196,-33.47553968156296],[-70.75185845287872,-33.47553942884805],[-70.7518677147706,-33.47553600972399],[-70.7518770112487,-33.47553265717165],[-70.75187785873506,-33.47553226497254],[-70.75187874470404,-33.47553193790771],[-70.7518875620914,-33.475527774460026],[-70.75189642168466,-33.475523674422526],[-70.75189721921795,-33.475523214498004],[-70.75189806266674,-33.475522816233074],[-70.75190635063282,-33.475517948558355],[-70.75191468801839,-33.47551314052148],[-70.75191542791795,-33.475512617300836],[-70.7519162207236,-33.47551215167135],[-70.75192389945038,-33.475506626648404],[-70.75193163433468,-33.47550115691623],[-70.75193230947484,-33.4755005754384],[-70.75193304400221,-33.47550004692865],[-70.75194003953966,-33.475493917766485],[-70.75194709743103,-33.47548783901602],[-70.75194770130977,-33.47548720488106],[-70.75194837048501,-33.47548661858088],[-70.75195404046939,-33.475480558826476],[-70.75199636112899,-33.47547749502171],[-70.75199646567012,-33.47547748309888],[-70.75199657109867,-33.47547747973822],[-70.75199761721973,-33.47547740318014],[-70.7519985747922,-33.47547734094256],[-70.75244116481218,-33.47544882992498],[-70.75244338966125,-33.475448685895444],[-70.75244338966138,-33.475448685895444],[-70.75244551297469,-33.475448548425774],[-70.75247280121987,-33.47544678482505],[-70.75293469353797,-33.47541702178136],[-70.75293630915479,-33.47541692399405],[-70.75293687143454,-33.4754168666087],[-70.75293743764632,-33.475416853309554]],[[-70.75219805506634,-33.4747073303989],[-70.75221872406105,-33.47471405784194],[-70.75224008037236,-33.474719055086915],[-70.75226191832604,-33.474722274007384],[-70.75228402760938,-33.47472368360321],[-70.7523061952965,-33.4747232702992],[-70.75232820789907,-33.47472103807576],[-70.75234985342234,-33.474717008430595],[-70.75237092340691,-33.47471122017169],[-70.75239121493618,-33.47470372904348],[-70.75241053259073,-33.47469460719013],[-70.75242000718721,-33.4746890424007],[-70.75266896972859,-33.47467221952275],[-70.75267073062079,-33.47467210551357],[-70.7526710056279,-33.47467207627511],[-70.7526755203319,-33.47467184036724],[-70.7526775919011,-33.47467164623922],[-70.75267967533945,-33.474671591011145],[-70.75308126146268,-33.474644369321645],[-70.75308158151604,-33.4746443474343],[-70.7530837181399,-33.47464420003704],[-70.75308566688703,-33.474644065632035],[-70.75349887362306,-33.474616146137514],[-70.75350063587092,-33.474616032028635],[-70.75350434713165,-33.474615637425714],[-70.75350808115697,-33.47461544591499],[-70.75350941749643,-33.47461526599093],[-70.7535915683306,-33.47461037960565],[-70.7535823343504,-33.47464767582972],[-70.75346302636571,-33.47465616543954],[-70.75346248283564,-33.47465620466923],[-70.75346090753969,-33.4746563199731],[-70.75345933230209,-33.47465642862191],[-70.75345874500267,-33.474656469776],[-70.75303647606223,-33.474686523686415],[-70.7530346313163,-33.47468665091761],[-70.75303403082948,-33.47468671732358],[-70.75303342558328,-33.47468673680114],[-70.75303164047372,-33.47468686798913],[-70.7530021213339,-33.474688961532244],[-70.75300208979402,-33.47468896508237],[-70.75300205799097,-33.47468896603213],[-70.7526184792904,-33.474716260472775],[-70.75261793736469,-33.47471629958458],[-70.7526163620722,-33.47471641487738],[-70.75261478683709,-33.47471652351516],[-70.75261419902988,-33.47471656470135],[-70.75222452048051,-33.47474429717953],[-70.75222267597775,-33.47474442438181],[-70.7522221151383,-33.47474448639954],[-70.75222154984635,-33.47474450441986],[-70.75221968499244,-33.47474464089905],[-70.75190271053359,-33.47476718815425],[-70.75190216365817,-33.47476722761505],[-70.75190171539028,-33.47476726042037],[-70.75190140938373,-33.47476727893933],[-70.75186203449078,-33.474769620391896],[-70.75186104953384,-33.474764197863855],[-70.75186100402509,-33.474763948439566],[-70.75186067763256,-33.47476216749094],[-70.75186067763121,-33.47476216748535],[-70.7518606776305,-33.47476216747965],[-70.75186037168771,-33.474760498114755],[-70.75185477706002,-33.47472972674064],[-70.75219262549857,-33.474705026885005],[-70.75219805506634,-33.4747073303989]]]}},{"type":"Feature","properties":{"numpos":"54017","TIPO":"DESCARGO","TENSION":"MT","INCIDENCIA":"DF202671762244","CLITOTAL":"198","CANTAVISOS":"","FECHA_INICIO":"","FECHA_FIN":"","DESCARGO":"DF202671762244(TP20267213815840)","ESTADODESC":"789","ESTADOINC":" ","CLI_PLAN":"1","FECHA_INIDESC":"04-08-2026 09:30","FECHA_FINDESC":"04-08-2026 15:30","FECHA_REPOSICION":"04-08-2026 15:30","id_alim":"2734"},"geometry":{"type":"Polygon","coordinates":[[[-70.77441263043221,-33.44735027638697],[-70.77439303172488,-33.44735895694049],[-70.77437454233956,-33.44736920608879],[-70.7743573403386,-33.44738092512756],[-70.77434159138647,-33.4473940011966],[-70.77432744715425,-33.44740830836678],[-70.77431504385889,-33.44742370885284],[-70.77430450095152,-33.44744005434011],[-70.77429591996686,-33.44745718741314],[-70.77428938354555,-33.44747494307141],[-70.774284954638,-33.44749315031853],[-70.77428267589839,-33.44751163380892],[-70.77428256927355,-33.44753021553656],[-70.77428463579172,-33.447548716549186],[-70.77428885555257,-33.44756695867178],[-70.77429518791875,-33.44758476622252],[-70.77430357190724,-33.447601967704564],[-70.77431392677661,-33.447618397457816],[-70.77432615280455,-33.44763389725427],[-70.77434013224821,-33.44764831782186],[-70.77435573047813,-33.447661520282075],[-70.77437279727481,-33.447673377487405],[-70.77439116827532,-33.447683775245984],[-70.77441066655634,-33.44769261342115],[-70.77443110433795,-33.44769980689601],[-70.77445228479213,-33.447705286393095],[-70.77447400393838,-33.44770899914154],[-70.77449605260811,-33.4477109093854],[-70.77451821845924,-33.44771099872789],[-70.77454028802111,-33.44770926630863],[-70.77456204875041,-33.44770572881195],[-70.77486891727686,-33.44764260358045],[-70.77487060472134,-33.44764311288233],[-70.77489209584486,-33.44764766349905],[-70.77491401555609,-33.44765042631157],[-70.77493615275488,-33.447651374712414],[-70.7749582942465,-33.44765049956791],[-70.77498022679494,-33.44764780930628],[-70.77500173917642,-33.44764332983647],[-70.77502262421378,-33.44763710429845],[-70.77504268077162,-33.44762919264801],[-70.77504953154852,-33.447625765781666],[-70.77505922593788,-33.447621364711665],[-70.7750775888936,-33.447610956996115],[-70.77509464652078,-33.447599090541985],[-70.77510120603625,-33.44759353132757],[-70.77520124253067,-33.44757459321556],[-70.77522259849242,-33.447569615530966],[-70.77524326961077,-33.447562907028555],[-70.77526305681053,-33.44755453231531],[-70.7752817695294,-33.44754457204475],[-70.77529922755312,-33.44753312214028],[-70.77531526275109,-33.4475202928713],[-70.77532972069558,-33.44750620779129],[-70.77534246214894,-33.4474910025478],[-70.77535336440452,-33.44747482357616],[-70.77536232246845,-33.447457826689195],[-70.7753692500706,-33.4474401755766],[-70.77537408049554,-33.44742204022854],[-70.7753767672249,-33.44740359529853],[-70.77537728438539,-33.44738501842146],[-70.77537562699784,-33.44736648850273],[-70.77537181102518,-33.447348183995494],[-70.77536587321859,-33.447330281181934],[-70.77535787076354,-33.447312952475585],[-70.77534788072906,-33.447296364760916],[-70.77533599932538,-33.44728067778624],[-70.77532234097751,-33.44726604262513],[-70.77530703722304,-33.44725260022166],[-70.77529023544554,-33.447240480032896],[-70.77527209745502,-33.44722979878236],[-70.77525279792972,-33.447220659335784],[-70.77523252273389,-33.44721314971059],[-70.77521146712773,-33.447207342228175],[-70.77518983388714,-33.44720329281745],[-70.77516783135073,-33.44720104047628],[-70.77514567141364,-33.44720060689582],[-70.77512356748674,-33.44720199625173],[-70.77510173244161,-33.447205195163846],[-70.77490190955588,-33.44724302391696],[-70.7748817179267,-33.44724768074169],[-70.77486700839991,-33.447251696752346],[-70.77486577200803,-33.44725209299991],[-70.77486444419826,-33.44725241108267],[-70.77485847747269,-33.44725410657088],[-70.77485608192445,-33.44725489913815],[-70.77485018442215,-33.44725626979637],[-70.77484666676044,-33.44725724550633],[-70.77445439196526,-33.44733793954484],[-70.77443314971599,-33.44734324802624],[-70.77441263043221,-33.44735027638697]]]}},{"type":"Feature","properties":{"numpos":"56079","TIPO":"DESCARGO","TENSION":"MT","INCIDENCIA":"DF202671764166","CLITOTAL":"1444","CANTAVISOS":"","FECHA_INICIO":"","FECHA_FIN":"","DESCARGO":"DF202671764166(TP20267213815991)","ESTADODESC":"789","ESTADOINC":" ","CLI_PLAN":"1","FECHA_INIDESC":"05-08-2026 09:30","FECHA_FINDESC":"05-08-2026 15:30","FECHA_REPOSICION":"05-08-2026 15:30","id_alim":"2734"},"geometry":{"type":"Polygon","coordinates":[[[-70.75479939450985,-33.47558592448153],[-70.7548208743502,-33.47559129688008],[-70.75484288370723,-33.47559485918298],[-70.75486520595159,-33.47559657632798],[-70.75488762137437,-33.475596431413926],[-70.75490990934948,-33.4755944258672],[-70.75493185050524,-33.475590579427646],[-70.75495322888375,-33.47558492995428],[-70.75497383406633,-33.475577533052636],[-70.75499346324477,-33.475568461527445],[-70.75501192321738,-33.47555780466608],[-70.75502903229074,-33.475545667359675],[-70.75504462206794,-33.475532169070725],[-70.75505853910613,-33.47551744265724],[-70.7550706464267,-33.47550163306507],[-70.75508082486354,-33.47548489590125],[-70.75508897423589,-33.475467395902385],[-70.75509501433432,-33.47544930531328],[-70.75517653657529,-33.47514831969918],[-70.75517763422152,-33.47514403834063],[-70.75517806115941,-33.475142273971876],[-70.7551783278309,-33.47514080509338],[-70.75517873802484,-33.47513935962519],[-70.75517889117658,-33.475138671481204],[-70.75523894942538,-33.47488524519828],[-70.75523965217336,-33.474882144819176],[-70.75523991186385,-33.47488094465175],[-70.75524017871487,-33.47487975318376],[-70.75524024502913,-33.47487945578575],[-70.75529522333886,-33.47463179961223],[-70.75529558410139,-33.474630176965995],[-70.7552959512385,-33.474628537882936],[-70.7552961542509,-33.47462761903597],[-70.75532733390997,-33.47448452627717],[-70.7553452914548,-33.47448100351787],[-70.75549453353281,-33.47447159513028],[-70.7554986158395,-33.474471306560424],[-70.75570043195458,-33.474455494936045],[-70.75597184913529,-33.47443465711606],[-70.75597438611888,-33.47443445023867],[-70.75623844615717,-33.474411656487185],[-70.75623845271922,-33.47441165592074],[-70.7562384528415,-33.47441165591019],[-70.75624209754942,-33.474411188876225],[-70.75624350950223,-33.474411138490396],[-70.7562519228291,-33.47441013963273],[-70.7562603428132,-33.474409305218934],[-70.7562628826839,-33.47440883844208],[-70.7562654633538,-33.474408532056145],[-70.75627372086821,-33.474406846602335],[-70.75628200120197,-33.47440532484326],[-70.75628447379664,-33.47440465180487],[-70.75628700664227,-33.474404134821526],[-70.75629502864881,-33.47440177878142],[-70.75630308975431,-33.474399584553325],[-70.75630547131911,-33.47439871179838],[-70.75630793189279,-33.474397989134616],[-70.75631564093332,-33.474394985012125],[-70.75632340537487,-33.47439213963166],[-70.7563256730408,-33.474391075616744],[-70.7563280375827,-33.47439015418215],[-70.75633535919069,-33.47438653076318],[-70.75634275241218,-33.47438306177732],[-70.75634488441274,-33.474381816788],[-70.75634713008237,-33.474380705419414],[-70.7563539935099,-33.474376497497545],[-70.75636094454302,-33.47437243841555],[-70.75636292042041,-33.47437102446676],[-70.75636502551997,-33.47436973384372],[-70.75637136443,-33.474364981886],[-70.75637780656682,-33.47436037185568],[-70.75637960736579,-33.47435880257595],[-70.75638155155228,-33.474357345117944],[-70.75638730466737,-33.4743520948749],[-70.7563931760929,-33.47434697830588],[-70.75639478454035,-33.47434526880623],[-70.75639654902447,-33.474343658552776],[-70.75640166072728,-33.474337960615614],[-70.75640690510441,-33.47433238675389],[-70.75640830577248,-33.47433055348368],[-70.75640987350288,-33.47432880595795],[-70.7564142943812,-33.4743227152672],[-70.75641886138386,-33.4743167377249],[-70.75642004083599,-33.474314798314346],[-70.7564213966659,-33.4743129303726],[-70.75642508399658,-33.47430650568429],[-70.75642892978637,-33.4743001819281],[-70.75642987670422,-33.474298155020634],[-70.75643100753987,-33.47429618468775],[-70.75643392570747,-33.474289488000466],[-70.75643701334857,-33.47428287880533],[-70.75643771863918,-33.47428078388005],[-70.75643861356774,-33.474278730173964],[-70.75644073441264,-33.47427182612441],[-70.7564430342224,-33.47426499499543],[-70.75644349110443,-33.47426285218203],[-70.7564441415004,-33.47426073492805],[-70.75644544459342,-33.474253690160495],[-70.75644693442477,-33.47424670272959],[-70.75644713849303,-33.47424453261697],[-70.75644753810207,-33.47424237225431],[-70.75644801094263,-33.47423525476988],[-70.75644867639592,-33.474228178172446],[-70.75644862566368,-33.47422600161329],[-70.75644877066294,-33.47422381899549],[-70.75644840879889,-33.47421669748849],[-70.75644824336108,-33.47420959972565],[-70.75644793827968,-33.47420743763814],[-70.7564478273142,-33.4742052538296],[-70.75644663438193,-33.47419819701772],[-70.756445639492,-33.47419114630973],[-70.75644508294762,-33.474189019478644],[-70.75644471714217,-33.47418685554924],[-70.75644337498674,-33.47418100133611],[-70.75643660787341,-33.474158820210256],[-70.75637206357494,-33.473990424641144],[-70.75647837848913,-33.4736874921303],[-70.75671748579312,-33.47318531597166],[-70.75672227355399,-33.47317427777425],[-70.7567836575691,-33.47301780370886],[-70.75678954065158,-33.47299988773911],[-70.75679329999562,-33.472981574779666],[-70.75679489939803,-33.47296304119454],[-70.75679432345706,-33.472944465472295],[-70.75679157772075,-33.47292602650724],[-70.75678668863333,-33.47290790187646],[-70.75677970328064,-33.4728902661298],[-70.75677068893651,-33.472873289108776],[-70.7567597324149,-33.47285713431091],[-70.75674693923379,-33.47284195731521],[-70.75673243259888,-33.47282790428389],[-70.75671635221715,-33.472815110554755],[-70.75669885295136,-33.472803699337845],[-70.7566801033286,-33.47279378052884],[-70.75666028391736,-33.47278544965084],[-70.75663958558849,-33.472778786934306],[-70.75661820767716,-33.472773856544464],[-70.75659635606314,-33.472770705963434],[-70.75657424118809,-33.472769365532876],[-70.75655207602895,-33.472769848161846],[-70.75653007404695,-33.472772149202406],[-70.75650844713186,-33.47277624649449],[-70.75648740356148,-33.472782100579224],[-70.7564671459958,-33.472789655078934],[-70.75644786952536,-33.47279883724013],[-70.75642975979244,-33.47280955863408],[-70.7564129912033,-33.472821716008475],[-70.75639772524842,-33.472835192281714],[-70.75638410894744,-33.47284985767049],[-70.75637227343317,-33.47286557093965],[-70.75636233268872,-33.472882180762284],[-70.7563543824498,-33.4728995271772],[-70.75629518729113,-33.47305041971374],[-70.75605475327707,-33.47355537696667],[-70.75604784382054,-33.47357212556632],[-70.75591892930599,-33.47393944765237],[-70.75591366937736,-33.47395775238593],[-70.7559106046267,-33.47397640440085],[-70.7559097653574,-33.47399521928011],[-70.75591115986893,-33.474014010996214],[-70.75591477437487,-33.47403259375062],[-70.75592057313902,-33.47405078381076],[-70.75592337409059,-33.474058091590024],[-70.75565899786095,-33.47407838880186],[-70.75565857876337,-33.47407842130709],[-70.75545859356163,-33.47409408945919],[-70.75529391459452,-33.47410447096943],[-70.7552922519765,-33.47410464487486],[-70.75529057785371,-33.47410470216647],[-70.75486071485916,-33.47413717498001],[-70.75486016230536,-33.47413723975601],[-70.75460358696243,-33.47415578499028],[-70.75459721276998,-33.47415611833332],[-70.75459531051057,-33.474156296677144],[-70.75459339725502,-33.47415634505568],[-70.7545760605597,-33.47415749890133],[-70.75457579232143,-33.47415752791064],[-70.75457164833128,-33.474157829063664],[-70.7541797467528,-33.47419040224232],[-70.75393582484595,-33.47421003648776],[-70.7539138839974,-33.474212718542105],[-70.7538923624888,-33.4742171899613],[-70.75387146758281,-33.474223407683475],[-70.7538514005078,-33.47423131182896],[-70.75383235451979,-33.474240826276954],[-70.75381451304148,-33.474251859398684],[-70.75379804789566,-33.474264304939695],[-70.75378311765064,-33.47427804304322],[-70.75376986609298,-33.474292941404364],[-70.7537584208429,-33.47430885654429],[-70.7537488921251,-33.47432563519201],[-70.75374137170729,-33.474343115760384],[-70.75373593201626,-33.47436112990232],[-70.75373262544046,-33.474379504132],[-70.7537314838254,-33.4743980614957],[-70.75373251816683,-33.474416623275836],[-70.75373571850484,-33.47443501071224],[-70.75374105401974,-33.47445304672367],[-70.75374847332884,-33.47447055761314],[-70.75375790498113,-33.47448737474081],[-70.75376925814552,-33.474503336148096],[-70.75378242348545,-33.47451828811739],[-70.75379727421183,-33.47453208665245],[-70.75381366730416,-33.47454459886536],[-70.7538314448878,-33.474555704255984],[-70.75385043575444,-33.4745652958729],[-70.75387045701102,-33.47457328134306],[-70.7538913158409,-33.47457958376162],[-70.75391281136109,-33.474584142432484],[-70.7539347365567,-33.474586913452974],[-70.75395688027483,-33.47458787013649],[-70.7539790292579,-33.47458700326964],[-70.75404380659329,-33.47458178912244],[-70.7540251235455,-33.47466469573116],[-70.75402500932968,-33.4746651801806],[-70.7540247023282,-33.474666446541654],[-70.75402455488455,-33.47466705992967],[-70.7539478079755,-33.47498908516844],[-70.75394744875568,-33.47499056908014],[-70.75394684332954,-33.47499390210427],[-70.75394599035917,-33.474997196873595],[-70.75394517581775,-33.475003082177615],[-70.75394411187295,-33.47500893946126],[-70.75394389919335,-33.47501230616696],[-70.75394343568719,-33.47501565513579],[-70.75394331341467,-33.47502157900859],[-70.75394293966251,-33.475027495482415],[-70.75394312177791,-33.47503086344643],[-70.75394305220004,-33.47503423436241],[-70.75394312062699,-33.47503603751893],[-70.75394321729149,-33.475038196875516],[-70.75395199972438,-33.475208446879904],[-70.75395200755405,-33.47520869212281],[-70.75395219357496,-33.47521074382133],[-70.75395219205124,-33.475212801433436],[-70.75395303319038,-33.47522000427201],[-70.75395368748275,-33.475227220719816],[-70.75395411257588,-33.47522924725874],[-70.75395435171909,-33.47523129508802],[-70.75395603125664,-33.47523839415016],[-70.75395752643901,-33.47524552210391],[-70.75395818651063,-33.4752475039665],[-70.75395866401784,-33.475249522291236],[-70.75396116577943,-33.47525644920897],[-70.75396348745285,-33.4752634200225],[-70.75396437614624,-33.47526533812233],[-70.75396508741892,-33.47526730750491],[-70.75396838731169,-33.47527399556812],[-70.75397151311763,-33.475280742108545],[-70.7539726218743,-33.47528257797322],[-70.75397356006262,-33.47528447944734],[-70.75397762630716,-33.47529086424612],[-70.75398152614278,-33.47529732154041],[-70.75398284428489,-33.47529905748951],[-70.75398400035373,-33.47530087274292],[-70.75398879379016,-33.475306892788005],[-70.7539934300982,-33.47531299864867],[-70.75399494493138,-33.47531461796395],[-70.75399630774717,-33.47531632951472],[-70.75400178221231,-33.47532192682955],[-70.7540071103428,-33.475327622453605],[-70.75400880727844,-33.475329109540176],[-70.75401036371659,-33.47533070090503],[-70.75401646648842,-33.475335821584224],[-70.75402243512863,-33.47534105211948],[-70.7540242978243,-33.47534239265579],[-70.7540260328955,-33.475343848508984],[-70.75403270520104,-33.47534844323741],[-70.75403925686966,-33.47535315831065],[-70.75404126738653,-33.47535433938653],[-70.7540431643811,-33.475355645707324],[-70.75405034196245,-33.47535967023508],[-70.75405741356305,-33.47536382443731],[-70.75405955253866,-33.47536483467827],[-70.75406159318749,-33.47536597888608],[-70.75406920692012,-33.47536939445442],[-70.75407673034938,-33.475372947778354],[-70.75407897718429,-33.47537377745523],[-70.75408114183459,-33.47537474853057],[-70.7540891183939,-33.47537752224554],[-70.75409702119667,-33.475380440470495],[-70.75409935425239,-33.47538108159296],[-70.75410162205748,-33.475381870183845],[-70.75410365784192,-33.475382481812375],[-70.75410409534902,-33.475382612831204],[-70.75432566091311,-33.47544874889995],[-70.75433310574172,-33.47545117506043],[-70.75452450225298,-33.475504646878015],[-70.75452742271534,-33.475505444342616],[-70.75452939214573,-33.475505969735146],[-70.75479939450985,-33.47558592448153]]]}},{"type":"Feature","properties":{"numpos":"62465","TIPO":"DESCARGO","TENSION":"MT","INCIDENCIA":"DF202671762244","CLITOTAL":"198","CANTAVISOS":"","FECHA_INICIO":"","FECHA_FIN":"","DESCARGO":"DF202671762244(TP20267213815840)","ESTADODESC":"789","ESTADOINC":" ","CLI_PLAN":"1","FECHA_INIDESC":"04-08-2026 09:30","FECHA_FINDESC":"04-08-2026 15:30","FECHA_REPOSICION":"04-08-2026 15:30","id_alim":"2734"},"geometry":{"type":"Polygon","coordinates":[[[-70.76707051920086,-33.45623216466458],[-70.76707355716279,-33.456229719476674],[-70.76707356600956,-33.456229713015],[-70.76707410950884,-33.45622927490756],[-70.7670767874702,-33.45622711955971],[-70.76708734758881,-33.45621913686287],[-70.76708811232245,-33.45621849902912],[-70.76708894140987,-33.45621792043965],[-70.76710013813677,-33.456209292704116],[-70.76710928782325,-33.456201831684574],[-70.76742749144645,-33.45592726558037],[-70.76774560368173,-33.4556557791777],[-70.76805187847219,-33.45539654149108],[-70.76805198606033,-33.45539644101074],[-70.76805210472494,-33.45539634971197],[-70.76833232415215,-33.4551584871654],[-70.76859230835403,-33.45493794927766],[-70.76884293093998,-33.45473614074634],[-70.76884476833969,-33.45473450852111],[-70.76884674555228,-33.454732995438235],[-70.76885234977358,-33.45472826375083],[-70.768867177477,-33.45471445048103],[-70.76888031855411,-33.454699485458576],[-70.76889164644956,-33.454683512805296],[-70.76890105207025,-33.454666686347096],[-70.76890844483583,-33.45464916813237],[-70.76891375355106,-33.45463112687139],[-70.76891692709135,-33.454612736311645],[-70.76891793489511,-33.45459417356438],[-70.76891676725805,-33.45457561739899],[-70.7689134354265,-33.454557246521375],[-70.76890797148914,-33.454539237852934],[-70.76890042806787,-33.45452176482668],[-70.76889087781097,-33.45450499571701],[-70.7688794126935,-33.45448909201912],[-70.76886614313136,-33.454474206893806],[-70.76885119691808,-33.45446048369238],[-70.7688347179939,-33.45444805457622],[-70.76881686505966,-33.45443703924392],[-70.76879781004847,-33.45442754377864],[-70.76877773646972,-33.45441965962642],[-70.76875683764206,-33.454413462715515],[-70.7687353148315,-33.45440901272525],[-70.76871337531323,-33.45440635251126],[-70.76869123037547,-33.454405507692734],[-70.76866909328463,-33.45440648640572],[-70.7686471772317,-33.45440927922477],[-70.76862569327889,-33.45441385925376],[-70.76860484832724,-33.454420182384766],[-70.76858484312399,-33.45442818772305],[-70.76856587032937,-33.45443779817326],[-70.76854811266114,-33.45444892118201],[-70.76853174113502,-33.454461449629285],[-70.7685280219964,-33.45446458971648],[-70.76827720806119,-33.45466655169055],[-70.76827518856199,-33.45466834566269],[-70.768273020061,-33.45467001295838],[-70.76801094169437,-33.45489232653827],[-70.76801091608301,-33.45489235051004],[-70.7680108878006,-33.45489237227017],[-70.76773075439442,-33.455130161006366],[-70.76742426475342,-33.45538957968444],[-70.76742395308696,-33.455389870757166],[-70.76742361018792,-33.455390136009925],[-70.76710473599493,-33.45566227177583],[-70.76710432257265,-33.45566266109724],[-70.76710386794221,-33.455663016677995],[-70.76686423368257,-33.45586978772212],[-70.766812522223,-33.45582938928407],[-70.76692517302043,-33.45573171053801],[-70.7669310046137,-33.455726653994304],[-70.76723326618514,-33.455470312933045],[-70.7672345063651,-33.45546915240746],[-70.76723585543647,-33.45546808062572],[-70.76752035508616,-33.455218730682404],[-70.7675203550862,-33.455218730682354],[-70.76752183642233,-33.45521743235901],[-70.76769982174645,-33.455071382030134],[-70.76794848025537,-33.45487194978799],[-70.76794848025585,-33.454871949787545],[-70.76794848025649,-33.45487194978709],[-70.76795381569316,-33.45486767057748],[-70.76795803379615,-33.45486393837456],[-70.76796244508193,-33.4548603632026],[-70.7682487157075,-33.454604404847004],[-70.76824877659182,-33.454604344753065],[-70.76824884415548,-33.45460428990374],[-70.76825595133151,-33.45459726315186],[-70.76826306547608,-33.45459024135764],[-70.76826311904026,-33.454590176550745],[-70.7682631798649,-33.454590116414366],[-70.7682668781276,-33.45458607343832],[-70.76827200600397,-33.454580547683996],[-70.76828474194772,-33.4545653385442],[-70.76829563811825,-33.45454915623388],[-70.76830458958025,-33.454532156598056],[-70.7683115101272,-33.45451450335284],[-70.76831633311161,-33.45449636650898],[-70.7683190120868,-33.454477920734384],[-70.76831952125411,-33.454459343672006],[-70.76831785571137,-33.45444081422916],[-70.76831403150007,-33.45442251085434],[-70.7683080854507,-33.45440460981879],[-70.76830007482812,-33.45438728351899],[-70.76829007677999,-33.4543706988162],[-70.76827818759381,-33.45435501542973],[-70.76826452176944,-33.454340384398606],[-70.76824921091651,-33.454326946627106],[-70.76823240248693,-33.4543148315277],[-70.76821425835482,-33.4543041557749],[-70.76819495325752,-33.454295022181505],[-70.76817467311297,-33.45428751870852],[-70.76815361322903,-33.454281717618144],[-70.76813197642275,-33.45427767477772],[-70.76810997106715,-33.454275429121815],[-70.76808780908443,-33.454275002277214],[-70.76806570390526,-33.4542763983547],[-70.7680438684132,-33.4542796039094],[-70.76802251289473,-33.45428458807031],[-70.76800184301395,-33.45429130283758],[-70.76798205783216,-33.45429968354477],[-70.76796334789069,-33.45430964948152],[-70.76794589337597,-33.45432110467103],[-70.76792986238424,-33.45433393879405],[-70.76791540930269,-33.45434802825158],[-70.7679116540793,-33.454352074828655],[-70.76770623858084,-33.454535739062585],[-70.76748624965586,-33.45451367596694],[-70.7674641360376,-33.454512376406115],[-70.76744197694153,-33.45451289999096],[-70.76741998577042,-33.45451524167919],[-70.76739837430998,-33.4545193789192],[-70.76737735068915,-33.454525271867396],[-70.76735711737581,-33.45453286377189],[-70.76733786922696,-33.454542081518895],[-70.76731979161214,-33.454552836337065],[-70.76730305862823,-33.4545650246521],[-70.76728783142289,-33.454578529084465],[-70.76727425664257,-33.45459321957964],[-70.76726246502022,-33.454608954660735],[-70.76725257011626,-33.45462558279076],[-70.76724466722489,-33.454642943832184],[-70.76723883245636,-33.45466087058902],[-70.76723512200388,-33.45467919041707],[-70.7672335716025,-33.454697726886515],[-70.76723419618477,-33.45471630148105],[-70.76723698973706,-33.454734735317096],[-70.7672419253572,-33.454752850866576],[-70.76724895551374,-33.45477047366651],[-70.76725801250348,-33.45478743399935],[-70.76726900910356,-33.45480356852735],[-70.76728183941134,-33.45481872186569],[-70.76729637986439,-33.45483274807886],[-70.7673124904303,-33.45484551208618],[-70.76732184624665,-33.454851586579856],[-70.76729988562549,-33.45486960687005],[-70.7671925253811,-33.45483837469104],[-70.76717125135954,-33.45483315097217],[-70.76714946895581,-33.45482970030575],[-70.76712738794507,-33.45482805592342],[-70.76710522097814,-33.45482823366143],[-70.76708318153365,-33.45483023180809],[-70.76706148186216,-33.45483403112035],[-70.76704033094212,-33.45483959500901],[-70.76701993246735,-33.454846869891156],[-70.76700048288536,-33.45485578570615],[-70.76698216950558,-33.45486625659031],[-70.76696516869545,-33.45487818170385],[-70.76694964418179,-33.45489144620198],[-70.76693574547429,-33.45490592234091],[-70.76692360642542,-33.45492147070805],[-70.7669133439415,-33.454937941564665],[-70.76690505685667,-33.45495517628781],[-70.76689882498114,-33.454973008898065],[-70.76689470833244,-33.45499126765789],[-70.76689274655752,-33.455009776725625],[-70.76689295855064,-33.45502835784892],[-70.76689534227167,-33.45504683208131],[-70.76689987476533,-33.45506502150564],[-70.7669065123825,-33.45508275094761],[-70.76691519120044,-33.455099849662595],[-70.76692582763827,-33.45511615298017],[-70.76693831926204,-33.45513150389],[-70.76695254577096,-33.455145754553854],[-70.76696592184793,-33.455156754364744],[-70.76691063891717,-33.455205206806966],[-70.7668312820398,-33.45527250752905],[-70.7666750064762,-33.45514593944635],[-70.76667406800412,-33.455145250710984],[-70.76667320460264,-33.455144496125236],[-70.76653949207089,-33.45503856740246],[-70.76637262368092,-33.45480570824096],[-70.7663605099928,-33.45479051623897],[-70.76634670574094,-33.45477637374458],[-70.76633133948394,-33.45476341246565],[-70.766314554327,-33.454751753109406],[-70.76616956125385,-33.45466055928962],[-70.76616444063184,-33.45465724332253],[-70.76614625402472,-33.454646618363],[-70.76612691259136,-33.454637538802146],[-70.76610660259959,-33.45463009208064],[-70.76608551964472,-33.4546243499141],[-70.76606386676599,-33.45462036760242],[-70.76604185249117,-33.45461818349721],[-70.76601968882841,-33.45461781863254],[-70.76599758922451,-33.45461927652231],[-70.76597576650938,-33.454622543126305],[-70.76595443084639,-33.45462758698562],[-70.76593378770852,-33.45463435952551],[-70.76591403589946,-33.45464279552308],[-70.76589536563917,-33.45465281373554],[-70.76587795673193,-33.45466431768263],[-70.76586197683474,-33.45467719657559],[-70.7658475798428,-33.45469132638422],[-70.76583490440724,-33.45470657103126],[-70.76582540141088,-33.454720794785494],[-70.7658250218986,-33.45471647630546],[-70.76582123418295,-33.454698167580496],[-70.76581532382102,-33.45468025822105],[-70.76580734773397,-33.45466292070371],[-70.76579738273689,-33.45464632199782],[-70.76578552479893,-33.45463062195751],[-70.76577188811903,-33.454615971782225],[-70.76575660402621,-33.45460251256057],[-70.76573981971464,-33.454590373911635],[-70.7657216968261,-33.45457967273671],[-70.76570240989346,-33.454570512093404],[-70.76568214465965,-33.45456298020328],[-70.76566109628898,-33.45455714960214],[-70.76563946748759,-33.454553076441556],[-70.76561746655142,-33.454550799948095],[-70.76559530536014,-33.454550342045536],[-70.76557319733676,-33.45455170714374],[-70.76555135539225,-33.45455488209623],[-70.76552998987519,-33.45455983632667],[-70.76550930654604,-33.45456652212348],[-70.76548950459556,-33.45457487509916],[-70.76547077472657,-33.454584814810495],[-70.76545329731744,-33.454596245533196],[-70.76543724068485,-33.45460905718368],[-70.76542275946295,-33.45462312637935],[-70.76540999311408,-33.454638317626724],[-70.76539906458568,-33.454654484626275],[-70.76539007912619,-33.45467147168148],[-70.76538312327152,-33.45468911519808],[-70.76537826401143,-33.45470724525964],[-70.76537554814459,-33.454725687264016],[-70.76537500182759,-33.45474426360469],[-70.7653804313294,-33.45493044165145],[-70.76537305293728,-33.45493140467088],[-70.76535158862579,-33.45493604946571],[-70.76533077079736,-33.45494243542626],[-70.76531079993805,-33.45495050105261],[-70.76529186837732,-33.454960168668876],[-70.76527415843584,-33.45497134517117],[-70.76525784066975,-33.454983922924185],[-70.76524307222796,-33.45499778079791],[-70.76522999533883,-33.45501278533396],[-70.76521873594046,-33.45502879203103],[-70.76520940246772,-33.45504564673632],[-70.76520208480797,-33.455063187130236],[-70.76519685343541,-33.455081244289495],[-70.76519375873228,-33.45509964431406],[-70.76519283050362,-33.45511821000169],[-70.76519407769013,-33.45513676255467],[-70.76519748828213,-33.4551551233017],[-70.76520302943501,-33.455173115418496],[-70.7652106477857,-33.45519056563086],[-70.76522026996628,-33.45520730588327],[-70.76523180331074,-33.455223174957474],[-70.7653507133401,-33.45537004606536],[-70.76534946457488,-33.45537245910189],[-70.76534796856261,-33.45537635884125],[-70.76534621942774,-33.45538018386599],[-70.7653445774915,-33.45538519853571],[-70.76534267840077,-33.45539014900088],[-70.76519597509329,-33.4558486570559],[-70.76519567487547,-33.45584982090435],[-70.76519525619116,-33.45585096132276],[-70.76519502874478,-33.455851900064744],[-70.76519470450188,-33.45585281603965],[-70.7651926392993,-33.45585990967396],[-70.7651926392993,-33.45585990967399],[-70.76511282594089,-33.45613405470552],[-70.76498292396752,-33.45651200850652],[-70.7649820628279,-33.456515071837366],[-70.76498096631173,-33.456518081861084],[-70.76490997697738,-33.4567537994845],[-70.76490776774149,-33.45676082612826],[-70.76490776774033,-33.456760826132836],[-70.76490776773865,-33.45676082613729],[-70.76479941170643,-33.45710545951543],[-70.76479912643389,-33.45710658916381],[-70.76479872647083,-33.45710769410185],[-70.76472659939296,-33.45734899117498],[-70.76466432997142,-33.45754322556498],[-70.7646637944224,-33.45754529678492],[-70.76466307286793,-33.45754732925221],[-70.76460364207836,-33.457750765540176],[-70.7646012359045,-33.45775878554731],[-70.76460010726154,-33.45776351848082],[-70.76459870931433,-33.457768217089395],[-70.76459793245094,-33.45777263848862],[-70.76459689068919,-33.45777700708692],[-70.76459632085164,-33.45778181065845],[-70.76459547920442,-33.457786600763676],[-70.7645952231451,-33.45779106401696],[-70.76459469716498,-33.45779549788141],[-70.76459469178481,-33.4578003259153],[-70.76459441437626,-33.45780516129665],[-70.76459468142416,-33.45780962335118],[-70.76459467645805,-33.45781407985436],[-70.76459523577634,-33.45781888591804],[-70.76459552508614,-33.45782371994025],[-70.76459631248585,-33.45782813777619],[-70.76459682876921,-33.457832574051196],[-70.7645979476083,-33.45783731189866],[-70.76459880063868,-33.45784209796447],[-70.76460010060815,-33.45784642901227],[-70.7646011333719,-33.457850802362515],[-70.76460280117904,-33.457855426376916],[-70.76460420948982,-33.457860118378726],[-70.76460600930133,-33.45786432093108],[-70.76460754881165,-33.4578685892395],[-70.76460974975402,-33.45787305487092],[-70.76461169955058,-33.45787760763619],[-70.76461398165958,-33.45788164125077],[-70.76461601330544,-33.457885763384404],[-70.76461872641549,-33.45789002757829],[-70.76462119868862,-33.457894397305445],[-70.76462394090909,-33.457898223194235],[-70.7646264453365,-33.45790215940039],[-70.76462964470701,-33.45790618101283],[-70.76463261542287,-33.457910325692225],[-70.76463579114747,-33.457913907094266],[-70.76463874443941,-33.45791761938436],[-70.76464239946625,-33.45792135957998],[-70.76464583980454,-33.45792523939701],[-70.76464941826669,-33.457928541929995],[-70.76465279216754,-33.45793199444769],[-70.76465686783828,-33.45793541707657],[-70.76466074447596,-33.457938994792066],[-70.7646646910515,-33.45794198678067],[-70.76466845323381,-33.457945146150074],[-70.76467291045952,-33.457948218099645],[-70.7646771858971,-33.457951459404875],[-70.7646814624422,-33.457954112181795],[-70.76468557681358,-33.45795694783286],[-70.76469037280083,-33.45795963935125],[-70.76469500572784,-33.4579625131938],[-70.76469957095014,-33.4579648013715],[-70.76470399799706,-33.45796728583884],[-70.76470908665684,-33.45796957082674],[-70.76471403235306,-33.45797204970431],[-70.76471884221132,-33.45797395141424],[-70.76472353937761,-33.457976060606846],[-70.7647288717674,-33.4579779168745],[-70.76473408253521,-33.4579799770941],[-70.76473909066512,-33.457981474192195],[-70.76474401276023,-33.45798318763062],[-70.76474953755432,-33.457984597117154],[-70.76475496317919,-33.45798621901763],[-70.76476012133972,-33.45798729725373],[-70.76476475560334,-33.45798847954725],[-70.7647409018542,-33.458024034340106],[-70.7647382638049,-33.458028461853004],[-70.76473538611994,-33.458032783220524],[-70.76460937516465,-33.458245962564],[-70.7646048621044,-33.45825407397633],[-70.7644763597171,-33.45850004816488],[-70.76447513112595,-33.45850275403762],[-70.76447368724743,-33.45850538415552],[-70.76439446488806,-33.45867059270946],[-70.76439158236012,-33.45867757609088],[-70.76438853290173,-33.45868450948158],[-70.76426359302926,-33.45901818780236],[-70.76425800044605,-33.45903616878513],[-70.76425453746067,-33.45905452265631],[-70.76425323742494,-33.459073072658164],[-70.76425411286027,-33.45909164014412],[-70.76425715533709,-33.45911004629899],[-70.76426233555607,-33.45912811386127],[-70.76426960363004,-33.45914566883015],[-70.76427888956454,-33.45916254214129],[-70.7642901039318,-33.45917857129504],[-70.76430313873196,-33.459193601921356],[-70.76431786843315,-33.45920748926648],[-70.7643341511804,-33.459220099587164],[-70.7643518301618,-33.45923131143854],[-70.76437073511866,-33.45924101684383],[-70.76439068398521,-33.45924912233417],[-70.7644114846421,-33.45925554984882],[-70.76443293676651,-33.45926023748699],[-70.76445483376153,-33.459263140103914],[-70.7644769647458,-33.45926422974565],[-70.76449911658445,-33.45926349591836],[-70.76452107594176,-33.459260945689266],[-70.76454263133586,-33.459256603618684],[-70.76456357517525,-33.45925051152343],[-70.76458370575828,-33.4592427280741],[-70.76460282921558,-33.45923332823001],[-70.76462076137713,-33.45922240251737],[-70.76463732954608,-33.45921005615728],[-70.76465237416177,-33.459196408052534],[-70.76466575033652,-33.45918158964238],[-70.76467732925086,-33.45916574363679],[-70.76468699939419,-33.45914902264191],[-70.76469466763866,-33.45913158769053],[-70.76481696422634,-33.45880496447398],[-70.76489160814623,-33.45864930210028],[-70.76501658254948,-33.458410078827725],[-70.76513760037925,-33.45820534497338],[-70.76527665783927,-33.45799807337086],[-70.76540786144746,-33.45781163223852],[-70.76554359956134,-33.457632622393675],[-70.76569104093167,-33.45746521296057],[-70.76581110767158,-33.457338208994756],[-70.76601436752259,-33.45713669235871],[-70.76601564624045,-33.457135548719265],[-70.7660160953424,-33.45713510532324],[-70.76601659116074,-33.457134698401916],[-70.76621823122863,-33.4569521253872],[-70.76640371402257,-33.45679615663233],[-70.76640455621462,-33.45679537525901],[-70.76640547627292,-33.456794658228404],[-70.7665994829394,-33.45662785437058],[-70.76682922532419,-33.45643774097512],[-70.7668303443216,-33.45643671936769],[-70.76683156111375,-33.456435779587956],[-70.76707051920086,-33.45623216466458]],[[-70.76650363319104,-33.45553373637263],[-70.76650944081412,-33.455547325287995],[-70.76650826792377,-33.4555483422888],[-70.7664314226802,-33.45552277912787],[-70.7662386229774,-33.45535188393239],[-70.76623580561,-33.455349620260904],[-70.76623316568589,-33.455347210985934],[-70.76594328237185,-33.4551074167908],[-70.7658720641179,-33.454997906660616],[-70.76583250501028,-33.45493572434317],[-70.765831544597,-33.454902797672396],[-70.76584229495982,-33.4549168748498],[-70.76585601898661,-33.454931467631944],[-70.76587138331004,-33.45494486256025],[-70.76588823996327,-33.45495693063364],[-70.7658946171974,-33.45496106035359],[-70.76589714392918,-33.45496267294895],[-70.7660080801636,-33.455032446769216],[-70.76616816433145,-33.45525583994461],[-70.76617296080936,-33.455261844664214],[-70.76617759976219,-33.45526793572235],[-70.76617912503627,-33.455269561669816],[-70.76618049792667,-33.45527128039329],[-70.76618597346234,-33.45527686211475],[-70.7661913023272,-33.45528254270124],[-70.76619301038477,-33.455284035501165],[-70.76619457764102,-33.455285633150325],[-70.76620067950202,-33.45529073811826],[-70.76620664695922,-33.45529595352586],[-70.7663619780038,-33.45541900905605],[-70.76650363319104,-33.45553373637263]],[[-70.76560302847656,-33.4561362279937],[-70.765712061058,-33.45622295377025],[-70.76557990629972,-33.456335633971946],[-70.76548648401626,-33.45641485203356],[-70.76554824679835,-33.45623514826255],[-70.76554931285418,-33.456231355880746],[-70.7655506350808,-33.45622762060381],[-70.7655821328288,-33.456119429621324],[-70.7656021415987,-33.45613551871657],[-70.7656026046719,-33.45613585610545],[-70.76560302847656,-33.4561362279937]],[[-70.76559262022303,-33.45696826699968],[-70.76546378001979,-33.45709600155446],[-70.76546160070716,-33.457098390727566],[-70.76545923700883,-33.45710065338171],[-70.76533454459494,-33.45723254969241],[-70.76532985341237,-33.4572376899711],[-70.76517543756896,-33.457413017564924],[-70.76517194898804,-33.45741728213958],[-70.76523664188296,-33.4572008519728],[-70.76532458921989,-33.456921125455715],[-70.76533739159622,-33.45691400210856],[-70.76551195718129,-33.45695056929785],[-70.76559262022303,-33.45696826699968]],[[-70.76628054108947,-33.456359627994985],[-70.76627907840042,-33.45636096336834],[-70.76627749448778,-33.456362197764435],[-70.76608285526702,-33.4565295449205],[-70.7659301519764,-33.45665794968354],[-70.76592400083511,-33.45665522910323],[-70.76591585926191,-33.45665148813978],[-70.76591420525531,-33.456650896627906],[-70.76591261333232,-33.45665019253806],[-70.76590400854134,-33.45664725004119],[-70.7658954690654,-33.4566441961212],[-70.76589375392375,-33.45664374336809],[-70.76589208727336,-33.45664317343954],[-70.76588317951432,-33.45664095199624],[-70.76587432436172,-33.45663861446311],[-70.76586125459927,-33.45663574694298],[-70.7659014304273,-33.456601679436645],[-70.7659016379927,-33.45660148523036],[-70.76590186668902,-33.45660130848467],[-70.76609736790573,-33.456434615961676],[-70.76610135300706,-33.45643086662195],[-70.76610553590147,-33.45642727184427],[-70.76610872195019,-33.4564239336299],[-70.76611211462169,-33.456420741670385],[-70.76611564210336,-33.45641668296917],[-70.76611938449956,-33.45641276183492],[-70.76612216485158,-33.45640917792935],[-70.76612516793364,-33.456405722598376],[-70.76612820382428,-33.456401393623274],[-70.76613146968097,-33.45639718389532],[-70.76613381756006,-33.456393388813716],[-70.76613640213158,-33.456389703388055],[-70.7661389171941,-33.456385145829536],[-70.76614167505943,-33.456380688050054],[-70.76614356785439,-33.456376718341275],[-70.76614570902471,-33.45637283831368],[-70.76614767903791,-33.45636809606365],[-70.7661499023524,-33.45636343316359],[-70.76615132183485,-33.45635932705814],[-70.76615299898351,-33.456355289795525],[-70.76615440497537,-33.45635040852455],[-70.7661560723276,-33.456345585410254],[-70.76615700482742,-33.45634138245225],[-70.76615820180282,-33.456337226835714],[-70.7661590302332,-33.45633225355322],[-70.76616012556599,-33.45632731667395],[-70.766160562103,-33.45632305734017],[-70.76616126737792,-33.45631882339066],[-70.76616151026894,-33.45631380599211],[-70.76616202303398,-33.456308802892764],[-70.76616884746956,-33.45615262480979],[-70.76616875895435,-33.456146678270656],[-70.7661689212907,-33.456140732825645],[-70.76616862074415,-33.45613739316729],[-70.76616857089549,-33.456134044281185],[-70.76616778745058,-33.456128133648654],[-70.76616725377727,-33.456122203495006],[-70.7661665641566,-33.4561189046109],[-70.76616612294757,-33.456115575946164],[-70.76616465211839,-33.45610975814283],[-70.76616342757546,-33.45610390039106],[-70.76616235552233,-33.45610067405129],[-70.76616152720227,-33.45609739766472],[-70.76615938315412,-33.45609172871914],[-70.76615747953495,-33.456085999782516],[-70.76615603537404,-33.456082877058385],[-70.76615482792033,-33.456079684503365],[-70.76615203130196,-33.456074219010404],[-70.76615080263335,-33.45607156224679],[-70.76628519146516,-33.45618181809977],[-70.7663905309258,-33.456268611102985],[-70.76628054108947,-33.456359627994985]]]}},{"type":"Feature","properties":{"numpos":"89973","TIPO":"DESCARGO","TENSION":"MT","INCIDENCIA":"DF202671764166","CLITOTAL":"1444","CANTAVISOS":"","FECHA_INICIO":"","FECHA_FIN":"","DESCARGO":"DF202671764166(TP20267213815991)","ESTADODESC":"789","ESTADOINC":" ","CLI_PLAN":"1","FECHA_INIDESC":"05-08-2026 09:30","FECHA_FINDESC":"05-08-2026 15:30","FECHA_REPOSICION":"05-08-2026 15:30","id_alim":"2734"},"geometry":{"type":"Polygon","coordinates":[[[-70.74904917812744,-33.47441965233795],[-70.74902822514015,-33.47442573145822],[-70.74900808405447,-33.474433502436064],[-70.74898894883917,-33.47444289043321],[-70.74897100377622,-33.47445380503861],[-70.74895442168602,-33.47446614113923],[-70.748939362263,-33.47447977993223],[-70.74892597053787,-33.47449459006916],[-70.74891437548064,-33.47451042892086],[-70.74890468875874,-33.474527143950965],[-70.7488970036615,-33.474544574185096],[-70.74889139420168,-33.47456255176086],[-70.74888791440269,-33.474580903544656],[-70.74888659777825,-33.474599452798856],[-70.74888745700956,-33.474618020884044],[-70.74889048382309,-33.47463642897934],[-70.74889564907033,-33.47465449980451],[-70.74890290300836,-33.47467205932734],[-70.74891217577877,-33.47468893843963],[-70.74892337808066,-33.474704974585826],[-70.74893640203032,-33.47472001332856],[-70.7489511222004,-33.47473390983595],[-70.7489673968277,-33.474746530276484],[-70.74898506917852,-33.47475775310783],[-70.74900396905804,-33.47476747024744],[-70.7490239144494,-33.474775588113495],[-70.74904471326667,-33.47478202852604],[-70.7490661652048,-33.47478672946005],[-70.74908806366865,-33.47478964564273],[-70.74911019776272,-33.47479074898953],[-70.74913235432219,-33.47479002887456],[-70.7493811370713,-33.47477166542174],[-70.74964484764787,-33.47475517826876],[-70.74964490654887,-33.47475517213878],[-70.74964496588237,-33.474755170850486],[-70.74965019207244,-33.47475484179282],[-70.74998644422186,-33.474734902208056],[-70.74998807509405,-33.47473473778084],[-70.7499897166567,-33.47473468811903],[-70.75029114852579,-33.47471312031135],[-70.75029867962324,-33.47471247477198],[-70.75062580239053,-33.4746797852033],[-70.75064766422852,-33.474676682269866],[-70.75066905787511,-33.47467179849151],[-70.75068977729678,-33.47466518090201],[-70.75070962295337,-33.474656893232726],[-70.75072840371972,-33.474647015298835],[-70.7507459387264,-33.47463564223074],[-70.75076205910158,-33.474622883557714],[-70.75077660959731,-33.474608862153254],[-70.75078945008478,-33.4745937130516],[-70.75080045690369,-33.474577582147234],[-70.75080952405317,-33.47456062478995],[-70.75081656421266,-33.47454300428862],[-70.7508215095828,-33.474524890338415],[-70.75082431253827,-33.474506457386696],[-70.7508249460865,-33.474487882952765],[-70.75082340412742,-33.47446934591841],[-70.75081970151231,-33.47445102480513],[-70.75081387390063,-33.47443309605486],[-70.75080597741659,-33.474415732330776],[-70.7507960881086,-33.47439910085447],[-70.75078430121677,-33.47438336179553],[-70.75077073025581,-33.47436866672902],[-70.75075550592162,-33.47435515717577],[-70.7507387748328,-33.47434296323945],[-70.75072069811846,-33.47433220235371],[-70.75070144986661,-33.4743229781511],[-70.75068121544747,-33.4743153794652],[-70.75066018972848,-33.47430947947505],[-70.75063857519743,-33.47430533500041],[-70.75061658001263,-33.47430298595459],[-70.7505944159982,-33.47430245496006],[-70.75057229660412,-33.47430374713061],[-70.75057229628662,-33.47430374716235],[-70.75057229628662,-33.47430374716234],[-70.75057229216958,-33.474303747573764],[-70.75024892027297,-33.47433606188571],[-70.74995291066888,-33.47435724167994],[-70.74971464449811,-33.474371370803595],[-70.74969466129612,-33.47436574720602],[-70.7496730510286,-33.47436158702772],[-70.74965105824968,-33.47435922200332],[-70.74962889476046,-33.47435867490914],[-70.74960677400612,-33.474359951014065],[-70.7495849090202,-33.4743630380286],[-70.7495635103732,-33.47436790622331],[-70.74954278414464,-33.47437450871522],[-70.74952292993835,-33.47438278191909],[-70.74952235884295,-33.47438308171317],[-70.74934601062598,-33.47439410689267],[-70.74934450816752,-33.474394263254275],[-70.74934299530592,-33.47439431242684],[-70.74909270678053,-33.4744127869924],[-70.74907074122862,-33.47441532362014],[-70.74904917812744,-33.47441965233795]]]}},{"type":"Feature","properties":{"numpos":"21375","TIPO":"DESCARGO","TENSION":"MT","INCIDENCIA":"DF202671760225","CLITOTAL":"1139","CANTAVISOS":"","FECHA_INICIO":"","FECHA_FIN":"","DESCARGO":"DF202671760225(TP20267213816126)","ESTADODESC":"789","ESTADOINC":" ","CLI_PLAN":"1","FECHA_INIDESC":"05-08-2026 10:00","FECHA_FINDESC":"05-08-2026 16:00","FECHA_REPOSICION":"05-08-2026 16:00","id_alim":"624"},"geometry":{"type":"Polygon","coordinates":[[[-70.64454469543725,-33.463386606069385],[-70.64456501047486,-33.46337916306872],[-70.6445843572684,-33.46337008696001],[-70.64460254949697,-33.463359465151626],[-70.64461941195901,-33.463347399937945],[-70.64463478225966,-33.46333400751415],[-70.64464851237462,-33.46331941685721],[-70.64466047007572,-33.46330376848363],[-70.64467054020443,-33.463287213096294],[-70.64467862578073,-33.46326991013312],[-70.64468464893716,-33.46325202623142],[-70.64468855166866,-33.46323373362324],[-70.64469029639109,-33.463215208476534],[-70.6446898663032,-33.46319662919862],[-70.64468726554834,-33.4631781747181],[-70.64468251917458,-33.46316002276148],[-70.6446756728933,-33.463142348141766],[-70.64466679263904,-33.46312532107483],[-70.6446559639344,-33.4631091055402],[-70.6446432910664,-33.46309385770181],[-70.64462889608214,-33.46307972440411],[-70.64461291761333,-33.46306684175795],[-70.64459550954129,-33.46305533382968],[-70.64457683951488,-33.46304531144636],[-70.64455708733603,-33.46303687112854],[-70.64453644322815,-33.463030094160644],[-70.64451510600426,-33.46302504580823],[-70.64449328115225,-33.463021774689444],[-70.644289895029,-33.462999858034806],[-70.64426348612585,-33.46299701221669],[-70.64403712912294,-33.462971965354356],[-70.64402193576896,-33.462970280373554],[-70.64402193576646,-33.46297028037338],[-70.64402193576396,-33.462970280373014],[-70.64397442038988,-33.46296501078807],[-70.64399782647907,-33.46276082298276],[-70.64399805402273,-33.462756741767535],[-70.64399839995465,-33.46275408729378],[-70.64399872898342,-33.46274947418174],[-70.64399873213597,-33.462749225450814],[-70.64399923935026,-33.462745613478674],[-70.6439995307687,-33.462742030873876],[-70.64399954531471,-33.46274138877379],[-70.64399962942078,-33.46274075281529],[-70.64400021099823,-33.462732812013215],[-70.64401062492719,-33.46263443541856],[-70.64401127246833,-33.462628642839775],[-70.64401131177603,-33.462627900226785],[-70.64401143084892,-33.462627163613554],[-70.64401350662936,-33.462606883405506],[-70.64401588613909,-33.46258412872468],[-70.64403215518058,-33.46244794777909],[-70.64414808794196,-33.4624576209526],[-70.64414808794201,-33.4624576209526],[-70.64416934336948,-33.462459394446824],[-70.64419180130034,-33.46246032577017],[-70.64421308583121,-33.46245943067324],[-70.64456326403779,-33.46247884476006],[-70.6445854317658,-33.46247915991224],[-70.64460752960434,-33.46247765237421],[-70.64462934473781,-33.462474336664506],[-70.64465066707324,-33.46246924471547],[-70.64467129126373,-33.462462425565676],[-70.6446910186861,-33.46245394488772],[-70.6447096593537,-33.462443884355636],[-70.64472703374616,-33.46243234085837],[-70.64474297453836,-33.46241942556673],[-70.64475732821174,-33.46240526286255],[-70.64476995653285,-33.46238998914101],[-70.6447807378846,-33.4623737514969],[-70.64478956843745,-33.46235670630812],[-70.64479636314933,-33.46233901772949],[-70.64480105658458,-33.462320856111994],[-70.6448036035442,-33.46230239636218],[-70.64480397950088,-33.462283816257596],[-70.64480218083534,-33.46226529473476],[-70.64479822487112,-33.462247010165974],[-70.64479214970757,-33.46222913864136],[-70.64478401385298,-33.462211852273114],[-70.64477389566109,-33.46219531753802],[-70.64476189257635,-33.46217969367412],[-70.64474812019559,-33.462165131147216],[-70.6447327111546,-33.462151770201864],[-70.64471581385087,-33.462139739510654],[-70.6446975910144,-33.46212915493518],[-70.64467821814057,-33.46212011841017],[-70.64465788179992,-33.462112716961826],[-70.64463677784157,-33.46210702186975],[-70.644615109507,-33.462103087980516],[-70.64459308547285,-33.4621009531794],[-70.64449618669659,-33.462095581141],[-70.6445009002877,-33.46208281040856],[-70.6445059533599,-33.462070204058335],[-70.64451078607225,-33.46205293723017],[-70.64451358251318,-33.46203590140336],[-70.64451362251248,-33.462035679742215],[-70.6445136326265,-33.46203559611462],[-70.64451367020803,-33.46203536716922],[-70.64451374947693,-33.4620346299401],[-70.64455783658552,-33.46167009563643],[-70.64455790125373,-33.46166905292792],[-70.64455807396575,-33.46166801889548],[-70.64455888117146,-33.461660522204305],[-70.64455978810952,-33.46164195497894],[-70.64455851939066,-33.461623402650446],[-70.64455508723476,-33.461605043887744],[-70.64454952469667,-33.46158705549555],[-70.64454188534782,-33.46156961071159],[-70.64453224276036,-33.46155287753829],[-70.64452068979853,-33.461537017124755],[-70.64450733772422,-33.46152218221492],[-70.64449231512552,-33.46150851567652],[-70.64447576667838,-33.461496149125196],[-70.64445785175316,-33.46148520165704],[-70.64443874287991,-33.46147577870165],[-70.64441862408682,-33.461467971006705],[-70.64439768912791,-33.4614618537642],[-70.64437613961717,-33.46145748588621],[-70.6443541830869,-33.46145490943752],[-70.64433203098918,-33.46145414923066],[-70.64430989665938,-33.461455212586834],[-70.64428799326187,-33.46145808926542],[-70.644266531737,-33.461462751562664],[-70.64424571876982,-33.46146915457843],[-70.64422575479956,-33.461477236648534],[-70.64420683208932,-33.461486919938736],[-70.64418913287459,-33.46149811119416],[-70.64417282760813,-33.46151070263751],[-70.6441580733185,-33.46152457300682],[-70.64414501209777,-33.46153958872345],[-70.64413376973316,-33.461555605178354],[-70.64412445449544,-33.4615724681248],[-70.64412443286604,-33.46157252012693],[-70.64412246201542,-33.461561631211474],[-70.64411700414314,-33.46154362030705],[-70.64410946632452,-33.461526144520676],[-70.64409992115395,-33.46150937215336],[-70.64408846055743,-33.46149346473169],[-70.64407519490737,-33.4614785754523],[-70.64406025195959,-33.46146484770653],[-70.64404377562293,-33.46145241369949],[-70.64402592457331,-33.46144139317693],[-70.64400687072565,-33.46143189227194],[-70.6439867975782,-33.46142400248297],[-70.64396589844542,-33.46141779979258],[-70.64394437459626,-33.46141334393572],[-70.64392243331592,-33.46141067782451],[-70.6439002859096,-33.46140982713494],[-70.64387814566751,-33.46141080005962],[-70.64385622581091,-33.46141358722883],[-70.64383473743872,-33.461418161800836],[-70.64381388749449,-33.461424479720286],[-70.64379387677356,-33.46143248014261],[-70.64377489798926,-33.46144208601982],[-70.64375713391706,-33.46145320484258],[-70.64374075563437,-33.461465729531106],[-70.64372592087291,-33.46147953946641],[-70.64371277249973,-33.46149450165181],[-70.64370143714132,-33.46151047199381],[-70.64369202396406,-33.46152729668981],[-70.64368462362296,-33.46154481370914],[-70.64367930738845,-33.4615628543537],[-70.64367612646,-33.46158124488245],[-70.64367508127017,-33.46159044996803],[-70.64367508126958,-33.46159044997887],[-70.64367508126773,-33.4615904499896],[-70.64367387939318,-33.46160103502329],[-70.64367387939318,-33.46160103502329],[-70.64362912677383,-33.461995174135296],[-70.6436291265046,-33.46199517905914],[-70.6436291258179,-33.46199518303058],[-70.64362892286637,-33.461996971327714],[-70.64362891475945,-33.46199711974898],[-70.64362512620814,-33.46203234507457],[-70.64318012063924,-33.46201566681614],[-70.64315795004427,-33.462015748573016],[-70.64313589576673,-33.46201765134641],[-70.64311417020002,-33.46202135681173],[-70.64309298257197,-33.462026829283545],[-70.64307253692989,-33.462034016059384],[-70.64305303017558,-33.46204284792706],[-70.64303465016903,-33.462053239831356],[-70.64301757391924,-33.462065091693134],[-70.64300196587963,-33.46207828937305],[-70.64298797636424,-33.462092705770786],[-70.6429757401001,-33.4621082020491],[-70.64296537492966,-33.4621246289709],[-70.64295698067602,-33.46214182833637],[-70.64295126507119,-33.462157874551885],[-70.6429510745363,-33.46215839589608],[-70.64295106446245,-33.462158437748705],[-70.64295063818145,-33.46215963450663],[-70.64294700777656,-33.462175291585474],[-70.64294669003131,-33.462176611684065],[-70.64294667735862,-33.46217671659972],[-70.64294640852886,-33.46217787599876],[-70.642944723411,-33.462192893082864],[-70.6429444568431,-33.462195099964106],[-70.6429444562789,-33.46219527365505],[-70.64294433245338,-33.46219637713742],[-70.64294440671624,-33.46221053143162],[-70.64294439647986,-33.46221368268409],[-70.64294442453857,-33.462213928318256],[-70.64294442995013,-33.46221495974659],[-70.64294603910531,-33.46222806270014],[-70.64294650952431,-33.46223218088222],[-70.64294658389346,-33.462232498774426],[-70.6429467000816,-33.46223344486557],[-70.64294958967304,-33.46224534702803],[-70.642950775628,-33.462250416410555],[-70.64295091446715,-33.462250803824105],[-70.64295112098648,-33.46225165447233],[-70.64295501607698,-33.46226224885905],[-70.6429571537073,-33.46226821365076],[-70.64295737490727,-33.4622686647189],[-70.64295765009031,-33.46226941319819],[-70.64296226525869,-33.462278637059846],[-70.64296558233897,-33.46228540120533],[-70.64296590276996,-33.46228590697742],[-70.64296622451535,-33.46228655001656],[-70.64297127398514,-33.462294384966114],[-70.64297598035161,-33.462301813548265],[-70.64297641513018,-33.462302362160756],[-70.64297676168617,-33.462302899890055],[-70.64298196920498,-33.46230937040518],[-70.64298824760743,-33.462317292619254],[-70.64298880941064,-33.46231786958614],[-70.64298916012477,-33.46231830535995],[-70.6429942682255,-33.462323475739744],[-70.64300226596652,-33.46233168934582],[-70.64300296442133,-33.46233227795952],[-70.64300330042785,-33.4623326180626],[-70.64300807872802,-33.46233658797458],[-70.64301790042464,-33.46234486507906],[-70.6430203736742,-33.46234675422351],[-70.6430234167976,-33.46234915243241],[-70.6430260495738,-33.46235119449444],[-70.64316729520739,-33.46245901668738],[-70.64314380333029,-33.46263353100721],[-70.64314363630677,-33.46263574085819],[-70.6431427744887,-33.462640242695464],[-70.6431136666907,-33.462861115057684],[-70.64303167696036,-33.46289791543563],[-70.64301262957267,-33.46290750343831],[-70.64299479794548,-33.46291861322766],[-70.64297835454319,-33.462931137352065],[-70.64296345840378,-33.46294495468067],[-70.64295455785017,-33.46295407481914],[-70.64294919289566,-33.46296015841288],[-70.64294368858206,-33.46296616815933],[-70.64294260137974,-33.462967632865286],[-70.64294137939153,-33.462969018539184],[-70.64293674995557,-33.46297551604819],[-70.64293197675838,-33.462981946615926],[-70.64293106642452,-33.46298349299995],[-70.64293001196314,-33.46298497295782],[-70.64292616319038,-33.4629918221222],[-70.6429221665207,-33.462998611262435],[-70.64292144168753,-33.463000224370155],[-70.64292056504023,-33.46300178442577],[-70.64291753460861,-33.46300891952762],[-70.64291435234786,-33.463016001609645],[-70.64291381985144,-33.46301766586124],[-70.64291312960282,-33.46301929103983],[-70.64291094734308,-33.4630266435291],[-70.64290860949569,-33.463033950179295],[-70.64290827431415,-33.46303564952079],[-70.6429077772593,-33.46303732420206],[-70.64290646484889,-33.46304482335265],[-70.64290499327225,-33.463052284117154],[-70.64290485848232,-33.46305400217558],[-70.64290455955691,-33.4630557102435],[-70.64290413029163,-33.46306328383359],[-70.64290353850507,-33.46307082685751],[-70.64290360525683,-33.463072547098406],[-70.64290350748523,-33.46307427209659],[-70.64290396613194,-33.463081847106494],[-70.64290425920571,-33.46308939982365],[-70.64290452671587,-33.46309110570945],[-70.6429046311777,-33.463092831000615],[-70.64290597390992,-33.46310033432133],[-70.64290714843482,-33.463107824147706],[-70.6429076139982,-33.46310949929536],[-70.64290791981388,-33.46311120822304],[-70.64291013423195,-33.463118567368944],[-70.64291217836887,-33.46312592239314],[-70.64291283738814,-33.46312755072977],[-70.64291334172376,-33.46312922678098],[-70.64291640695969,-33.463136370598534],[-70.6429193005681,-33.46314352026368],[-70.64292014660089,-33.463145086178564],[-70.64292084469254,-33.46314671314555],[-70.64292473159932,-33.463153572511935],[-70.64292844644288,-33.463160448281855],[-70.64292947126623,-33.463161936773524],[-70.6429303564636,-33.463163498913126],[-70.64293502788753,-33.46317000741654],[-70.64293952791431,-33.463176543421106],[-70.64294072160533,-33.46317794023846],[-70.64294178543419,-33.46317942242709],[-70.64294719656773,-33.46318551702206],[-70.64295243826243,-33.46319165067594],[-70.6429537892946,-33.46319294245178],[-70.64295502153773,-33.46319433033478],[-70.64296112034992,-33.46319995196572],[-70.6429670531539,-33.46320562455468],[-70.64296854850774,-33.46320679893063],[-70.64296993730359,-33.46320807906435],[-70.64297666504446,-33.463213173250836],[-70.64298323183947,-33.46321833048064],[-70.64298485712693,-33.46321937622264],[-70.64298638908494,-33.463220536207416],[-70.64299368085703,-33.4632250535837],[-70.64300081850944,-33.46322964608827],[-70.64300255811062,-33.46323055319139],[-70.6430042184419,-33.463231581794325],[-70.64301200383572,-33.46323547859916],[-70.64301964379413,-33.463239462401525],[-70.643021481005,-33.46324022218325],[-70.64302325366756,-33.46324110944952],[-70.64303145745286,-33.46324434795984],[-70.64303952639511,-33.46324768488342],[-70.6430414435851,-33.4632482900649],[-70.64304331144163,-33.463249027415976],[-70.64305185430698,-33.463251576319664],[-70.64306027483117,-33.46325423434657],[-70.64306225360934,-33.46325467912068],[-70.64306419859581,-33.46325525943892],[-70.64307299793019,-33.463257094143565],[-70.64308168928245,-33.4632590477157],[-70.64308371067023,-33.46325932780175],[-70.64308571397429,-33.46325974550024],[-70.64309468468213,-33.463260848374134],[-70.64310356351488,-33.46326207863519],[-70.64334126895487,-33.46328504092474],[-70.64335198122664,-33.46328722873516],[-70.64337393283319,-33.46328983727092],[-70.64339608379068,-33.46329062984542],[-70.64340125647274,-33.463290388930496],[-70.64359979538017,-33.46330549279647],[-70.64359994141293,-33.463305497870195],[-70.64396266501446,-33.463345725341696],[-70.6439626650145,-33.463345725341696],[-70.64397789120173,-33.463347413961785],[-70.64397792417051,-33.46334741624574],[-70.64397795671529,-33.463347421219225],[-70.64420472728129,-33.463372513812914],[-70.6442051095695,-33.463372540201306],[-70.64420548716194,-33.46337259679569],[-70.64423227619866,-33.463375483573444],[-70.64443566319333,-33.46339740029503],[-70.6444577655852,-33.463398862681096],[-70.64447993256586,-33.463398502239706],[-70.64450195065375,-33.463396322442186],[-70.64452360780136,-33.46339234428137],[-70.64454469543725,-33.463386606069385]]]}},{"type":"Feature","properties":{"numpos":"26750","TIPO":"DESCARGO","TENSION":"MT","INCIDENCIA":"DF202671760225","CLITOTAL":"1139","CANTAVISOS":"","FECHA_INICIO":"","FECHA_FIN":"","DESCARGO":"DF202671760225(TP20267213816126)","ESTADODESC":"789","ESTADOINC":" ","CLI_PLAN":"1","FECHA_INIDESC":"05-08-2026 10:00","FECHA_FINDESC":"05-08-2026 16:00","FECHA_REPOSICION":"05-08-2026 16:00","id_alim":"624"},"geometry":{"type":"Polygon","coordinates":[[[-70.64762950142206,-33.46577863170246],[-70.64764254378947,-33.46579365927799],[-70.64765728079976,-33.465807543047696],[-70.64767357052759,-33.465820149302715],[-70.64769125609381,-33.46583135663734],[-70.6477101671763,-33.465841057118304],[-70.64773012165037,-33.46584915732417],[-70.64775092734257,-33.46585557924507],[-70.64777238388167,-33.465860261034095],[-70.64779428462819,-33.46586315760281],[-70.64781641866468,-33.465864241055506],[-70.64783857282686,-33.46586350095796],[-70.64786053375663,-33.46586094443778],[-70.64788208995698,-33.46585659611584],[-70.64790303382863,-33.465850497869184],[-70.64792316366965,-33.465842708427616],[-70.64794228561776,-33.465833302808214],[-70.64796021551753,-33.46582237159275],[-70.64797678069384,-33.46581002005533],[-70.64799182161491,-33.46579636714863],[-70.64800519342857,-33.465781544358144],[-70.64801676735738,-33.46576569443601],[-70.64802643193876,-33.46574897002612],[-70.64803409409839,-33.465731532194106],[-70.64803968004661,-33.465713548876174],[-70.64804313598889,-33.46569519326173],[-70.64804442864394,-33.46567664212554],[-70.64804685330161,-33.46545689969691],[-70.6480496047446,-33.465447223545105],[-70.6480526060984,-33.46542881184836],[-70.64805343980217,-33.46541024224404],[-70.64805209782824,-33.46539169356757],[-70.64804859310192,-33.46537334445273],[-70.64804295937697,-33.465355371611324],[-70.64803525091038,-33.46533794813131],[-70.64802554193996,-33.46532124180992],[-70.6480139259692,-33.46530541353768],[-70.64800051486685,-33.46529061574899],[-70.64798543778944,-33.46527699095406],[-70.64796883993755,-33.46526467036653],[-70.64795088115734,-33.465253772639855],[-70.6479317344012,-33.46524440272457],[-70.64791158406213,-33.46523665085758],[-70.64789062419797,-33.4652305916932],[-70.64786905666256,-33.46522628358421],[-70.64784708916179,-33.46522376801976],[-70.64784097389776,-33.465223322527095],[-70.64783303385609,-33.46522307209955],[-70.6478251052031,-33.46522263659364],[-70.64782430215595,-33.46522265863217],[-70.64782350004533,-33.46522261936882],[-70.64782115911825,-33.465222697571434],[-70.6478188179894,-33.46522262373231],[-70.64781088689442,-33.465223026795],[-70.64780294548875,-33.46522324473493],[-70.64761383331759,-33.465236242054665],[-70.64761498535199,-33.46518045563392],[-70.64761428083631,-33.4651618822678],[-70.64761140761689,-33.46514345621439],[-70.6476063933657,-33.46512535492649],[-70.64759928637397,-33.46510775272909],[-70.647590155087,-33.465090819140585],[-70.64757908744491,-33.46507471724023],[-70.64756619003583,-33.46505960209762],[-70.64755158706927,-33.46504561927929],[-70.64753541917987,-33.465032903446826],[-70.64751784207314,-33.46502157706013],[-70.64749902502582,-33.4650117491979],[-70.6474791492557,-33.46500351450732],[-70.64745840617641,-33.46499695229257],[-70.64743699555409,-33.46499212575101],[-70.64741512358351,-33.46498908136462],[-70.64739300090238,-33.464987848452346],[-70.6473708405628,-33.46498843888779],[-70.6473488559796,-33.46499084698478],[-70.64732725887501,-33.46499504955227],[-70.6473062572397,-33.46500100611749],[-70.64728605332985,-33.465008659315856],[-70.64727221866859,-33.46501533923946],[-70.64727261196926,-33.464976565354306],[-70.6472894185238,-33.46472480281663],[-70.64729095745778,-33.46472014758788],[-70.64729475474934,-33.464701839408704],[-70.64729639268205,-33.464683307433546],[-70.6473051408296,-33.46438837886443],[-70.64730852946613,-33.464312708835884],[-70.64794054191053,-33.46436757783039],[-70.64796268081643,-33.46436858309831],[-70.64798483067895,-33.46436776476077],[-70.64800677818143,-33.46436513069887],[-70.64802831195608,-33.46436070628028],[-70.64804922461971,-33.46435453411486],[-70.64806931477086,-33.464346673644364],[-70.64808838892957,-33.464337200569844],[-70.64810626340059,-33.464326206122735],[-70.64812276604268,-33.46431379618611],[-70.64813773792625,-33.46430009027504],[-70.64815103486404,-33.46428522038552],[-70.64816252879973,-33.464269329723216],[-70.64817210904111,-33.464252571324394],[-70.64817968332612,-33.46423510658204],[-70.64818517871137,-33.46421710369147],[-70.64818854227454,-33.46419873603062],[-70.648189741624,-33.464180180490246],[-70.64818876521073,-33.46416161577036],[-70.64818562243954,-33.46414322065927],[-70.64818034357832,-33.46412517231171],[-70.64817297946662,-33.46410764454289],[-70.6481636010259,-33.46409080615436],[-70.6481522985765,-33.46407481930859],[-70.64815195516539,-33.464074427106155],[-70.64815404837144,-33.464071777516054],[-70.64816441794497,-33.464055352486916],[-70.64817281675158,-33.46403815466141],[-70.64817916390716,-33.46402034966434],[-70.64818339828635,-33.46400210896789],[-70.64818547911102,-33.4639836082401],[-70.64818538634313,-33.46396502565314],[-70.64818312087742,-33.46394654016744],[-70.64817870453295,-33.46392832980818],[-70.64817217984276,-33.463910569950826],[-70.64817066811837,-33.46390754686918],[-70.64830425406042,-33.4639205797664],[-70.64852553336628,-33.463942629251086],[-70.6485476514937,-33.4639439149669],[-70.64856981347438,-33.46394337742478],[-70.64859180587496,-33.46394102180167],[-70.64861341689529,-33.46393687078366],[-70.64863443840815,-33.46393096434765],[-70.64865466796384,-33.4639233593762],[-70.6486739107398,-33.463914129109774],[-70.6486919814169,-33.46390336244146],[-70.64870870596424,-33.46389116306066],[-70.64872392331515,-33.46387764845468],[-70.64873748691835,-33.46386294877713],[-70.64874926614931,-33.46384720559447],[-70.64875914756827,-33.463830570522695],[-70.64876703601264,-33.463813203767025],[-70.64877285551343,-33.46379527257918],[-70.64877655002691,-33.463776949646565],[-70.64877808397422,-33.46375841142917],[-70.648777442584,-33.46373983646021],[-70.64877463203456,-33.463721403626685],[-70.64876967939433,-33.46370329044673],[-70.64876711835582,-33.46369688730474],[-70.64877056174359,-33.4636892793476],[-70.64877635580943,-33.46367134237599],[-70.64878002433711,-33.4636530157763],[-70.64878153199801,-33.46363447604387],[-70.6487808642739,-33.46361590172651],[-70.64877802759673,-33.46359747170494],[-70.64877304928656,-33.46357936347016],[-70.64876597728846,-33.4635617514141],[-70.64875687971076,-33.46354480515009],[-70.64874584416894,-33.46352868787948],[-70.64873297694199,-33.463513554819855],[-70.6487184019487,-33.46349955171032],[-70.6487022595544,-33.46348681340787],[-70.64868470521901,-33.46347546258878],[-70.64866590800003,-33.463465608567084],[-70.64864604892423,-33.46345734624191],[-70.64862531924452,-33.46345075518352],[-70.64860391859798,-33.46344589886707],[-70.6485820530833,-33.46344282406129],[-70.64835945081974,-33.463420867496986],[-70.64835934125742,-33.463420861237616],[-70.64835923293698,-33.46342084609562],[-70.6481146887189,-33.46339692654759],[-70.64787573206505,-33.463373549465466],[-70.64763148039165,-33.46334958824873],[-70.64762980209596,-33.46334949325662],[-70.64762255065851,-33.46334878393356],[-70.64762255065529,-33.46334878393338],[-70.64762255065209,-33.46334878393292],[-70.6474871639375,-33.463335540561815],[-70.64748563844373,-33.46333545464488],[-70.64748413041009,-33.46333526133746],[-70.64734290422861,-33.463323064894006],[-70.64734267592989,-33.4633216241697],[-70.64734242145319,-33.46331846127727],[-70.64734164259777,-33.46331455314192],[-70.64734120601847,-33.463311126345374],[-70.64734066797207,-33.46330895255151],[-70.6473402548804,-33.46330634565352],[-70.64733939182219,-33.4633032592136],[-70.64733876868868,-33.463300132457405],[-70.64733754299186,-33.463296327126685],[-70.64733670240167,-33.46329293100583],[-70.64733590653935,-33.46329079525918],[-70.64733519569616,-33.463288253164514],[-70.64733397585258,-33.46328525248963],[-70.64733299006362,-33.46328219198201],[-70.64733133499765,-33.463278527236824],[-70.64733009263166,-33.463275193268196],[-70.64732904186147,-33.463273115436714],[-70.64732804506204,-33.46327066342383],[-70.64732648018102,-33.46326777741204],[-70.64732514123048,-33.463264812627315],[-70.64732307890294,-33.463261324061946],[-70.64732144036523,-33.463258083956276],[-70.64732013969522,-33.46325608404998],[-70.64731887184358,-33.46325374582994],[-70.64731697699595,-33.46325100227506],[-70.64731529777885,-33.46324816176562],[-70.6473128545163,-33.463244882379044],[-70.64731082892942,-33.463241767841616],[-70.64730928558915,-33.463239865864644],[-70.6473077643848,-33.46323766330802],[-70.6473055578191,-33.46323508863189],[-70.6473035545073,-33.46323239975332],[-70.64730076038698,-33.463229359600184],[-70.6472983605188,-33.46322640205685],[-70.64729658406667,-33.463224617830726],[-70.64729482965723,-33.46322257074106],[-70.64729233262399,-33.46322018973913],[-70.64729002451057,-33.4632176783867],[-70.6472869128525,-33.463214904292215],[-70.64728415521147,-33.46321213458231],[-70.64728215761974,-33.46321048754174],[-70.64728019222976,-33.463208613478145],[-70.64727742877677,-33.46320644908067],[-70.6472748380902,-33.46320413943999],[-70.64727144492377,-33.46320165478185],[-70.64726834981249,-33.46319910282103],[-70.64726614552262,-33.46319761178476],[-70.64726399306896,-33.4631959259348],[-70.64726098980974,-33.46319399898598],[-70.64725814149976,-33.463191913300086],[-70.64725450501733,-33.46318973785719],[-70.64725109653646,-33.4631874322754],[-70.64724870247768,-33.463186115195974],[-70.64724638818144,-33.463184630298414],[-70.64724317403902,-33.46318295935576],[-70.64724009553633,-33.46318111771082],[-70.64723625554674,-33.46317926757795],[-70.64723256154146,-33.46317723533861],[-70.64722999710645,-33.46317610903598],[-70.64722754711151,-33.46317483535163],[-70.64722415303976,-33.46317343650716],[-70.64722087399187,-33.463171856639086],[-70.64721687138713,-33.463170344204435],[-70.64721292332906,-33.46316861021223],[-70.647210210301,-33.46316769009722],[-70.64720765130828,-33.46316663542459],[-70.64720410999374,-33.46316552214987],[-70.64720066197962,-33.46316421927363],[-70.64707631213254,-33.463123259383934],[-70.6470550395423,-33.46311725647736],[-70.64703316125765,-33.463113052420454],[-70.64701089323326,-33.46311068871028],[-70.64698845527062,-33.46311018867844],[-70.64696606884867,-33.46311155726067],[-70.64694395493763,-33.463114780948075],[-70.6469223318179,-33.463119827920586],[-70.6469014129255,-33.463126648360976],[-70.64688140474539,-33.4631351749465],[-70.6468625047732,-33.463145323513615],[-70.64684489956605,-33.463156993888475],[-70.64682876290092,-33.46317007087586],[-70.64681425405942,-33.46318442539626],[-70.64680151625552,-33.463199915759766],[-70.64679067522198,-33.46321638906483],[-70.64678183796912,-33.463233682707454],[-70.64677509172864,-33.463251625986125],[-70.64677050309247,-33.46327004178687],[-70.64676826317898,-33.46328760492996],[-70.64675325982486,-33.46329310841698],[-70.64673391780957,-33.46330219162283],[-70.64671573115643,-33.46331282009777],[-70.64669887501245,-33.46332489148435],[-70.64668351171127,-33.46333828952905],[-70.64666978921004,-33.46335288520195],[-70.6466578396643,-33.4633685379393],[-70.64665458210565,-33.463373899173874],[-70.64654014919718,-33.46336245631556],[-70.64651803183838,-33.463361162930084],[-70.64649586972631,-33.46336169278069],[-70.64647387629279,-33.46336404076467],[-70.64645226334532,-33.46336818426989],[-70.64643123902714,-33.46337408339239],[-70.64641100581287,-33.4633816813208],[-70.6463917585585,-33.46339090488335],[-70.646373682625,-33.46340166525258],[-70.64635695209306,-33.463413858800855],[-70.64634172808671,-33.46342736809819],[-70.64632815722156,-33.46344206304324],[-70.64631637019288,-33.46345780211621],[-70.64630648051684,-33.4634744337417],[-70.64629858343734,-33.46349179774851],[-70.64629275500857,-33.46350972691211],[-70.64628905136277,-33.463528048565095],[-70.64628750816937,-33.46354658626011],[-70.64628814029155,-33.463565161469035],[-70.646290941643,-33.463583595302374],[-70.64629588524652,-33.463601710232055],[-70.64630292349374,-33.46361933180114],[-70.64631198860354,-33.46363629030386],[-70.6463229932749,-33.46365242242014],[-70.64633583152741,-33.46366757278835],[-70.64635037972211,-33.46368159550164],[-70.64636649775211,-33.463694355512985],[-70.6463840303918,-33.46370572993598],[-70.64640280879189,-33.46371560922815],[-70.64642265210551,-33.463723898246],[-70.64644336922977,-33.46373051716135],[-70.6464647606464,-33.46373540223006],[-70.64648662034313,-33.46373850640598],[-70.646705064123,-33.463760349834416],[-70.6467445253203,-33.463764296804044],[-70.64673801248358,-33.463895723278],[-70.64669679389942,-33.46403046443578],[-70.64668891315961,-33.46404282485411],[-70.64668043060463,-33.464059993791196],[-70.64667399672034,-33.464077776918344],[-70.64666967346977,-33.464096002974586],[-70.64666750248949,-33.46411449643323],[-70.64666750468855,-33.46413307919222],[-70.64666968004722,-33.46415157228942],[-70.64667400761694,-33.46416979762599],[-70.64668044572208,-33.46418757968174],[-70.64668893236133,-33.4642047472054],[-70.64669938580462,-33.46422113486392],[-70.64671170538034,-33.464236584834644],[-70.64672066750425,-33.46424573581249],[-70.64670753558511,-33.464510729851234],[-70.6467077035696,-33.46452931207554],[-70.64671004386292,-33.46454779102098],[-70.64671453392815,-33.464565988725056],[-70.64672113052474,-33.46458372993363],[-70.64672977012495,-33.46460084378884],[-70.64674036952567,-33.46461716547445],[-70.64675282664959,-33.46463253780318],[-70.64676702152823,-33.46464681273058],[-70.64678281745738,-33.46465985278074],[-70.6468000623135,-33.46467153237023],[-70.64681859001891,-33.4646817390177],[-70.64683822214104,-33.46469037442701],[-70.64683913462903,-33.46469068444509],[-70.64682116232375,-33.464959889025934],[-70.64682112586387,-33.46496437686238],[-70.64682081764218,-33.4649688573617],[-70.64681734195518,-33.4653113369343],[-70.64681747017089,-33.465313983511244],[-70.64681737645732,-33.46531663509048],[-70.64681792006084,-33.4653232699553],[-70.6468182414719,-33.465329904389286],[-70.64681867854036,-33.46533252745229],[-70.64681889539096,-33.46533517418617],[-70.64682021241698,-33.46534173299974],[-70.6468213080683,-33.46534830854026],[-70.64682204973086,-33.465350882854345],[-70.64682257510545,-33.46535349922849],[-70.64682465298327,-33.465359918753755],[-70.64682651221263,-33.465366372145],[-70.64682755128615,-33.465368872949625],[-70.64682838016442,-33.46537143373696],[-70.64683119897222,-33.465377652067666],[-70.64683380378743,-33.4653839212408],[-70.64683513023428,-33.465386324486786],[-70.64683625466314,-33.46538880499223],[-70.64683978731799,-33.465394762153174],[-70.64684311257183,-33.46540078681991],[-70.64684471359736,-33.465403069399365],[-70.6468461227669,-33.46540544569912],[-70.64685033528431,-33.465411084228],[-70.64685434891807,-33.46541680645711],[-70.64685620909387,-33.465418946424236],[-70.64685788944124,-33.46542119559808],[-70.64686274126268,-33.465426461103455],[-70.64686740461458,-33.465431825874006],[-70.64686950602696,-33.465433802654694],[-70.64687144136724,-33.46543590300841],[-70.64687688575142,-33.465440744697524],[-70.64688116174686,-33.46544476708863],[-70.64691436626116,-33.46550662964919],[-70.64691481605125,-33.46550736844296],[-70.6469151853246,-33.46550813795091],[-70.64691985374931,-33.46551564301245],[-70.64692444363102,-33.46552318202863],[-70.64692497765544,-33.465523880314095],[-70.6469254351427,-33.46552461578035],[-70.64693095878671,-33.46553170118597],[-70.6469364082369,-33.46553882683504],[-70.64693702135266,-33.465539477887255],[-70.64693756264805,-33.465540172228934],[-70.64694388831583,-33.465546769742005],[-70.64695014485356,-33.46555341339992],[-70.64695083115609,-33.46555401094893],[-70.64695145104663,-33.46555465747902],[-70.64695851781859,-33.46556070356152],[-70.64696552119018,-33.465566801246034],[-70.64696627406997,-33.465567339537046],[-70.64696696658582,-33.46556793202913],[-70.64697470640525,-33.46557336845393],[-70.64698238916424,-33.46557886144057],[-70.64698320137069,-33.465579335289554],[-70.64698395984249,-33.46557986803755],[-70.6469922981706,-33.46558464244864],[-70.64700058632764,-33.46558947783668],[-70.64700145003866,-33.46558988268015],[-70.64700226716197,-33.46559035055344],[-70.64701112369613,-33.46559441697049],[-70.64701993743124,-33.465598548192155],[-70.64702084432882,-33.46559888013127],[-70.64702171223422,-33.46559927862392],[-70.64703100168069,-33.46560259788476],[-70.64704025611256,-33.46560598515406],[-70.64704119746271,-33.465606240992024],[-70.64704210779182,-33.465606566266324],[-70.64705174068732,-33.46560910640437],[-70.64706134669059,-33.46561171709999],[-70.64706231342768,-33.46561189437294],[-70.64706325741334,-33.465612143296276],[-70.647073140987,-33.465613879848455],[-70.64708300605041,-33.46561568882786],[-70.64708398886411,-33.46561578582853],[-70.64708495741525,-33.46561595600365],[-70.64709499648285,-33.46561687224603],[-70.64710502559925,-33.465617862087555],[-70.64710601502442,-33.465617877881776],[-70.64710699881333,-33.46561796766977],[-70.64714466444612,-33.46561984440407],[-70.64714286641875,-33.46564516174158],[-70.64714263658917,-33.465663743494765],[-70.64714458095747,-33.46568225465237],[-70.64714868079967,-33.4657005169417],[-70.64715489663332,-33.46571835448668],[-70.64716316859771,-33.46573559550163],[-70.64717341703023,-33.46575207394574],[-70.64718554323365,-33.46576763112211],[-70.6471994304265,-33.465782117206054],[-70.64721494486778,-33.465795392688115],[-70.64723193714491,-33.46580732971757],[-70.6472502436127,-33.465817813333715],[-70.6472696879693,-33.46582674257311],[-70.6472900829541,-33.46583403144184],[-70.6473112321513,-33.46583960974368],[-70.64733293188137,-33.46584342375629],[-70.64735497316278,-33.46584543674844],[-70.64737714372455,-33.46584562933382],[-70.6473992300507,-33.46584399965777],[-70.64742101943642,-33.4658405634151],[-70.64744230203681,-33.465835353698964],[-70.64746287288759,-33.46582842068211],[-70.64748253387928,-33.4658198311337],[-70.64750109566504,-33.465809667776284],[-70.64751837948421,-33.4657980284891],[-70.64753421888389,-33.465785025365406],[-70.64754846132207,-33.465770783632955],[-70.64756096963653,-33.46575544044799],[-70.64757162336595,-33.4657391435743],[-70.64758031990985,-33.46572204996012],[-70.64758697551679,-33.46570432422669],[-70.64759152609078,-33.465686137082805],[-70.64759275636229,-33.465676674148355],[-70.64759347124001,-33.46569170709827],[-70.64759652145688,-33.46571011315657],[-70.64760170953268,-33.46572818000611],[-70.64760898550466,-33.46574573365293],[-70.64761827930229,-33.465762605045434],[-70.64762950142206,-33.46577863170246]]]}},{"type":"Feature","properties":{"numpos":"29140","TIPO":"DESCARGO","TENSION":"MT","INCIDENCIA":"DF202671760225","CLITOTAL":"1139","CANTAVISOS":"","FECHA_INICIO":"","FECHA_FIN":"","DESCARGO":"DF202671760225(TP20267213816126)","ESTADODESC":"789","ESTADOINC":" ","CLI_PLAN":"1","FECHA_INIDESC":"05-08-2026 10:00","FECHA_FINDESC":"05-08-2026 16:00","FECHA_REPOSICION":"05-08-2026 16:00","id_alim":"624"},"geometry":{"type":"Polygon","coordinates":[[[-70.64374273357664,-33.463431714995714],[-70.64376296971618,-33.463424122477846],[-70.64378222050584,-33.46341490405451],[-70.6438003005493,-33.46340414850468],[-70.64381703572546,-33.46339195941075],[-70.64383226486531,-33.46337845416091],[-70.64384584130401,-33.46336376281869],[-70.64385763429343,-33.46334802687026],[-70.64386753026129,-33.463331397861936],[-70.64387543390488,-33.46331403594058],[-70.64388126910886,-33.46329610831135],[-70.64388497967826,-33.46327778762733],[-70.6438865298796,-33.46325925032689],[-70.64388590478492,-33.46324067493445],[-70.64388311041567,-33.463222240341054],[-70.64387817368444,-33.46320412408177],[-70.64387114213592,-33.463186500625774],[-70.64386208348883,-33.46316953969621],[-70.64385108498374,-33.46315340463563],[-70.64383825254296,-33.46313825083299],[-70.64382370975034,-33.46312422422712],[-70.64380759666102,-33.46311145990136],[-70.64379006845279,-33.46310008078255],[-70.64377129393142,-33.46309019645729],[-70.6437514539052,-33.46308190211653],[-70.64373073944354,-33.463075277638865],[-70.64370935003697,-33.46307038682129],[-70.64368749167593,-33.463067276764825],[-70.64341765731555,-33.463040220107324],[-70.64341659680811,-33.46304015780113],[-70.64341554578273,-33.463040016769156],[-70.64334395242794,-33.46303340986786],[-70.6433435882113,-33.463031573157416],[-70.64334141397401,-33.463024801179834],[-70.64334068265003,-33.463022022123646],[-70.64333976249235,-33.46301965739961],[-70.64333782690971,-33.46301362874476],[-70.64333481634075,-33.46300694622418],[-70.64333380812597,-33.46300435520016],[-70.64333266634637,-33.46300217390903],[-70.64332999486278,-33.46299624405009],[-70.64332615958811,-33.462989743193944],[-70.64332490066828,-33.462987338113514],[-70.64332355982975,-33.46298533655841],[-70.64332016749837,-33.46297958649708],[-70.64331553549619,-33.46297335812205],[-70.64331404606153,-33.46297113474716],[-70.64331252329247,-33.462969307792065],[-70.64330843946018,-33.462963816506615],[-70.64330305471334,-33.462957947781895],[-70.64330134884224,-33.462955901147815],[-70.64329965588058,-33.46295424346354],[-70.64329492369622,-33.46294908595177],[-70.64328884537022,-33.462943658216936],[-70.64328693129195,-33.46294178402284],[-70.64328507485595,-33.46294029127763],[-70.64327975037095,-33.46293553669532],[-70.6432730515414,-33.46293062342528],[-70.64327093225977,-33.46292891932729],[-70.6432689147226,-33.4629275892667],[-70.64326306561186,-33.46292329922338],[-70.64325583157913,-33.46291896420777],[-70.64325350582496,-33.46291743095461],[-70.6432513261592,-33.46291626432109],[-70.64324503010204,-33.462912491388956],[-70.64323735634906,-33.46290878718713],[-70.64323481981327,-33.46290742954363],[-70.64323247475787,-33.46290643079098],[-70.64322581753282,-33.46290321727689],[-70.64321780739083,-33.462900183998116],[-70.64321505418057,-33.46289901141286],[-70.6432125395757,-33.462898189182674],[-70.64320561293106,-33.46289556620143],[-70.6431973750315,-33.46289323065043],[-70.64319439927986,-33.46289225763305],[-70.64319171150531,-33.46289162496713],[-70.64318461087706,-33.462889611846265],[-70.64317625647293,-33.46288798705938],[-70.64317305402805,-33.46288723324644],[-70.64317019147975,-33.462886807522885],[-70.64316301363101,-33.46288541155475],[-70.64315465387604,-33.46288449673999],[-70.64315122399042,-33.462883986640406],[-70.6428745984491,-33.46285449341663],[-70.64287219019485,-33.46285433679192],[-70.64287082557846,-33.46285412179866],[-70.64285458827747,-33.462852249511435],[-70.64288369850959,-33.46260108669352],[-70.64288369865743,-33.46260108410053],[-70.64288369910771,-33.462601081532156],[-70.64291922048658,-33.462294514544816],[-70.64291922462095,-33.462294441990814],[-70.6429192371544,-33.46229437011775],[-70.64295927508788,-33.46194604680719],[-70.6429593390297,-33.46194567867938],[-70.64299516597214,-33.461632135390005],[-70.64299518234384,-33.461631839827234],[-70.64299523210974,-33.46163154690104],[-70.6429952322311,-33.4616315458364],[-70.64299523233785,-33.46163154520802],[-70.64299523344678,-33.46163153517218],[-70.6429953829907,-33.461630223322764],[-70.64299548573744,-33.46162929354088],[-70.64299563585854,-33.461627897586084],[-70.64303623991313,-33.461267568033314],[-70.64304903531144,-33.46126573969541],[-70.64307084857856,-33.46126069826445],[-70.64309195076598,-33.46125385321743],[-70.64311213018783,-33.461245273220335],[-70.64313118441515,-33.4612350443432],[-70.64314892230655,-33.46122326919668],[-70.64316516592552,-33.46121006590276],[-70.64317975232565,-33.46119556690977],[-70.64319253518498,-33.46117991766373],[-70.64320338627397,-33.46116327514924],[-70.64321219674166,-33.46114580631476],[-70.64321887820766,-33.461127686397866],[-70.64322336364866,-33.46110909716721],[-70.64322560807072,-33.46109022509932],[-70.64322577195973,-33.4610874384435],[-70.64325071336928,-33.46083468792188],[-70.64325145451902,-33.4608161155174],[-70.64325002022548,-33.46079757165442],[-70.64324642430304,-33.460779234920395],[-70.64324070138376,-33.46076128190783],[-70.64323290658363,-33.46074388551373],[-70.64322311497183,-33.46072721327449],[-70.64321142084775,-33.460711425752415],[-70.64319793683276,-33.46069667498943],[-70.64318279278564,-33.46068310304287],[-70.64316613455185,-33.46067084061744],[-70.64314812255907,-33.46066000580643],[-70.64312893027216,-33.460650702954474],[-70.64310874252256,-33.460643021652615],[-70.64308775372842,-33.46063703587563],[-70.64306616602218,-33.46063280326946],[-70.64304418730394,-33.460630364596234],[-70.64302202923946,-33.46062974334159],[-70.64299990522161,-33.46063094548856],[-70.64297802831538,-33.460633959459926],[-70.6429566092061,-33.460638756229706],[-70.64293585417028,-33.46064528960271],[-70.64291596308925,-33.460653496659404],[-70.64289712752421,-33.460663298361816],[-70.64287952887135,-33.460674600314746],[-70.64286333661504,-33.46068729367474],[-70.64284870669549,-33.46070125619841],[-70.64283578000706,-33.46071635341957],[-70.64282468104133,-33.46073243994424],[-70.64281551668812,-33.46074936085091],[-70.64280929324721,-33.46076469167975],[-70.64280884416561,-33.46076475192064],[-70.64279982804361,-33.46076582701385],[-70.64279792288875,-33.4607662169267],[-70.64279597932037,-33.46076647764147],[-70.6427871389918,-33.460768423980156],[-70.64277829030983,-33.460770234967974],[-70.64277643957057,-33.460770779626664],[-70.6427745362387,-33.46077119867512],[-70.64276596783894,-33.46077386137821],[-70.64275737175332,-33.46077639114047],[-70.64275559324807,-33.460777085369536],[-70.64275374849021,-33.46077765864343],[-70.6427455345313,-33.46078101172976],[-70.64273727383011,-33.46078423624448],[-70.64273558469625,-33.46078507343107],[-70.64273381627122,-33.46078579533377],[-70.64272603578449,-33.46078980616403],[-70.64271819009338,-33.46079369472779],[-70.64271660662205,-33.46079466688323],[-70.64271493153909,-33.460795530385866],[-70.64270765931286,-33.46080015998806],[-70.6427003043293,-33.4608046755006],[-70.64269884180885,-33.46080577333474],[-70.64269727616353,-33.460806770046354],[-70.64269058202474,-33.46081197350227],[-70.64268378878718,-33.460817072812574],[-70.64268246135507,-33.46081828582104],[-70.64268102017515,-33.460819406071735],[-70.64267496832095,-33.46082513296035],[-70.64266880252063,-33.46083076727143],[-70.64266762302623,-33.46083208383439],[-70.64266632012793,-33.46083331677074],[-70.64266096851412,-33.46083951166362],[-70.64265548985577,-33.46084562699261],[-70.64265446973484,-33.460847034484836],[-70.6426533175916,-33.46084836817631],[-70.64264871738376,-33.46085497117947],[-70.64264397900126,-33.460861508869385],[-70.64264312816366,-33.460862993780225],[-70.64264213778814,-33.460864415335706],[-70.64263833287903,-33.46087136267371],[-70.64263438081362,-33.46087825995113],[-70.64263370754561,-33.460879808013104],[-70.64263288838592,-33.46088130370649],[-70.64262991498498,-33.4608885283416],[-70.6426267877295,-33.46089571891619],[-70.64262629861106,-33.460897315241716],[-70.64262565846269,-33.46089887064483],[-70.64262354476038,-33.460906302925224],[-70.6426212728756,-33.46091371762547],[-70.64262097271423,-33.46091534684994],[-70.64262051764767,-33.46091694697185],[-70.64261928355725,-33.460924515303354],[-70.64261788936422,-33.46093208274187],[-70.64261778114576,-33.46093372917142],[-70.64261751545097,-33.460935358602796],[-70.6425906719255,-33.46119408695454],[-70.64254575185076,-33.461592699644264],[-70.64254571327658,-33.46159304532809],[-70.64254548333575,-33.46159512652702],[-70.64254535109585,-33.46159632313545],[-70.64251823058409,-33.461833660572786],[-70.6424357004438,-33.4618997483905],[-70.64242044060639,-33.461913229085674],[-70.64240683071006,-33.46192789853202],[-70.64239500182597,-33.46194361545527],[-70.64238506787336,-33.46196022849341],[-70.64237712452251,-33.461977577654196],[-70.64237124827329,-33.46199549585612],[-70.64236749571839,-33.46201381053732],[-70.64236590299832,-33.46203234531756],[-70.64236648545322,-33.46205092169681],[-70.6423692374751,-33.46206936077434],[-70.64237413256181,-33.46208748497155],[-70.64238112357224,-33.46210511974223],[-70.64239014318022,-33.46212209525353],[-70.64240110452288,-33.46213824802154],[-70.64241390203715,-33.46215342248574],[-70.64242841247639,-33.46216747250722],[-70.64244449609731,-33.46218026277599],[-70.6424619980057,-33.46219167011422],[-70.64247624164098,-33.46219920114611],[-70.64246948515819,-33.46225797860237],[-70.6424339708663,-33.46256447071159],[-70.64240633443445,-33.4628029069574],[-70.64239978640477,-33.46280711481396],[-70.64231073749905,-33.46279793236803],[-70.64231073559885,-33.46279793225105],[-70.6423042488918,-33.46279726014635],[-70.64230424889172,-33.462797260146345],[-70.64213467520446,-33.46277969004339],[-70.6421125647215,-33.462778317839124],[-70.64209040023586,-33.46277876869789],[-70.64206839520223,-33.46278103827779],[-70.6420467615398,-33.46278510472171],[-70.64202570759134,-33.46279092886784],[-70.6420054361168,-33.46279845462682],[-70.64198614234063,-33.462807609521974],[-70.64196801207181,-33.46281830538716],[-70.64195121991432,-33.46283043921589],[-70.64193592758565,-33.46284389415333],[-70.64192228235937,-33.46285854062166],[-70.6419104156469,-33.462874237567945],[-70.64190044173179,-33.46289083382247],[-70.64189245666918,-33.4629081695547],[-70.64188653736062,-33.46292607781241],[-70.64188274081349,-33.462944386129536],[-70.64188110359198,-33.462962918187145],[-70.64188164146479,-33.46298149551139],[-70.64188434925329,-33.46299993919249],[-70.64188920088135,-33.46301807160745],[-70.64189614962632,-33.463035718130975],[-70.64190512856914,-33.46305270881701],[-70.64191605123852,-33.463068880035486],[-70.6419288124439,-33.46308407604825],[-70.64194328928828,-33.463098150508806],[-70.6419593423519,-33.463110967871856],[-70.64197681703487,-33.4631224046986],[-70.64199554504609,-33.46313235084561],[-70.64201534602385,-33.46314071052553],[-70.64203602927313,-33.46314740322967],[-70.64205739560182,-33.46315236450326],[-70.6420792392393,-33.463155546566256],[-70.64223236666344,-33.46317141260647],[-70.6422365346397,-33.46318754442257],[-70.6422433284326,-33.46320523328218],[-70.64225215812442,-33.463222278831374],[-70.64226293868136,-33.46323851691183],[-70.64227556628143,-33.46325379114139],[-70.64228991931432,-33.46326795442036],[-70.64230585955274,-33.46328087034801],[-70.64232323348332,-33.46329241453635],[-70.6423418737853,-33.463302475807986],[-70.64235892857587,-33.46330980831488],[-70.64236002507377,-33.463315665861984],[-70.64236559183432,-33.46333365305066],[-70.64237323525883,-33.46335109630859],[-70.64238288174045,-33.46336782765289],[-70.64239443838215,-33.46338368595641],[-70.64240779389151,-33.46339851849963],[-70.64242281965228,-33.4634121824412],[-70.64243937096302,-33.46342454619372],[-70.64245728843068,-33.4634354906909],[-70.64247639950553,-33.46344491053424],[-70.6424965201429,-33.46345271500802],[-70.64251745657552,-33.46345882895299],[-70.64253900717976,-33.46346319349014],[-70.64256096441716,-33.4634657665878],[-70.6425831168332,-33.46346652346634],[-70.64260525109371,-33.463465456836815],[-70.64262715403943,-33.46346257697123],[-70.64264861473873,-33.46345791160357],[-70.64266942651902,-33.46345150566268],[-70.64268938895718,-33.463443420839624],[-70.64270830980954,-33.46343373499354],[-70.64272600686346,-33.463422541401876],[-70.64274230969198,-33.46340994786196],[-70.64275706129513,-33.46339607565303],[-70.64277011961181,-33.46338105836817],[-70.64278135888803,-33.46336504062772],[-70.6427852427462,-33.46335800699904],[-70.64279932454433,-33.46335924601574],[-70.64304900047722,-33.463387178512555],[-70.64305048988145,-33.463387283124796],[-70.64305196332324,-33.46338749328597],[-70.64306800993486,-33.463389107829485],[-70.6430714166382,-33.46338930913689],[-70.64307479916819,-33.463389703873716],[-70.64308212908716,-33.46339025368981],[-70.64336503232107,-33.46341636126606],[-70.64363381877035,-33.46344331281114],[-70.6436559356751,-33.46344461215778],[-70.64367809803218,-33.46344408827076],[-70.64370009240459,-33.46344174619548],[-70.6437217069732,-33.46343760848757],[-70.64374273357664,-33.463431714995714]]]}},{"type":"Feature","properties":{"numpos":"79709","TIPO":"DESCARGO","TENSION":"MT","INCIDENCIA":"DF202671760225","CLITOTAL":"1139","CANTAVISOS":"","FECHA_INICIO":"","FECHA_FIN":"","DESCARGO":"DF202671760225(TP20267213816126)","ESTADODESC":"789","ESTADOINC":" ","CLI_PLAN":"1","FECHA_INIDESC":"05-08-2026 10:00","FECHA_FINDESC":"05-08-2026 16:00","FECHA_REPOSICION":"05-08-2026 16:00","id_alim":"624"},"geometry":{"type":"Polygon","coordinates":[[[-70.64488880080967,-33.46382218258074],[-70.64488978057173,-33.463821237334024],[-70.64489533286643,-33.463814678736966],[-70.64490098806712,-33.46380818219958],[-70.64490174605943,-33.463807103210236],[-70.64490261056142,-33.46380608202488],[-70.64490736912309,-33.46379909887239],[-70.64491223735284,-33.463792169026746],[-70.64491286551248,-33.463791032961836],[-70.64491360642886,-33.463789945672445],[-70.64491752543024,-33.46378260521633],[-70.64492155980571,-33.4637753088008],[-70.64492205208329,-33.463774126601194],[-70.64492266227863,-33.463772983679036],[-70.644925703978,-33.46376535661211],[-70.64492886564636,-33.46375776389533],[-70.644929217301,-33.46375654694638],[-70.64492969089889,-33.46375535939838],[-70.64493182600356,-33.463747519173445],[-70.64493408451666,-33.463739703277696],[-70.64493429216182,-33.463738463299265],[-70.64493462460135,-33.463737242562196],[-70.64493583254955,-33.463729264685206],[-70.64493716615728,-33.46372130088176],[-70.64494619954347,-33.46363773548481],[-70.64495321560213,-33.46358116247424],[-70.64504849901186,-33.463513959134],[-70.64505651339509,-33.46350771860403],[-70.64506453742061,-33.46350148679657],[-70.64506463472559,-33.46350139479642],[-70.64506474219158,-33.46350131111624],[-70.64507198818195,-33.46349444223159],[-70.64507924479358,-33.46348758123028],[-70.64507933087111,-33.46348748167916],[-70.64507942803361,-33.4634873895733],[-70.64508583584971,-33.463479958484946],[-70.6450922551611,-33.46347253436572],[-70.64509232918213,-33.46347242822243],[-70.64509241510548,-33.46347232857786],[-70.6450979230388,-33.46346440684942],[-70.64510344322667,-33.463456491112915],[-70.64510350447837,-33.46345637939967],[-70.64510357833505,-33.46345627317606],[-70.64510813334137,-33.46344793709846],[-70.64511270124383,-33.46343960597766],[-70.6451127491363,-33.46343948977035],[-70.64511281021505,-33.46343937799067],[-70.64511636842789,-33.46343070784425],[-70.64511994005377,-33.463422041573466],[-70.6451199741258,-33.46342192199121],[-70.64512002183838,-33.46342180573194],[-70.64512254899032,-33.463412885015785],[-70.6451250899439,-33.46340396705541],[-70.64512510986737,-33.463403845249864],[-70.64512514375431,-33.46340372563066],[-70.64512661550786,-33.46339464025705],[-70.64512810131923,-33.46338555649126],[-70.64512810690228,-33.46338543363544],[-70.64512812663722,-33.46338531180834],[-70.64512852881938,-33.46337614927421],[-70.64512894517992,-33.46336698718489],[-70.64512893636879,-33.463366864461996],[-70.6451289417617,-33.46336674160024],[-70.64512827049992,-33.463357590145705],[-70.64512761340053,-33.463348437968875],[-70.64512759028005,-33.46334831656081],[-70.645127581279,-33.463348193847615],[-70.6451258430386,-33.46333914160584],[-70.64512411880816,-33.46333008748225],[-70.64512408160105,-33.46332996855819],[-70.64512405829272,-33.463329847175345],[-70.6451212698146,-33.4633209813248],[-70.64511849505898,-33.46331211244993],[-70.64511844412354,-33.463311997155195],[-70.64511840673244,-33.46331187827172],[-70.6451145948717,-33.46330328419488],[-70.64511079631393,-33.46329468598104],[-70.64511073214074,-33.463294575426005],[-70.64511068102695,-33.46329446018675],[-70.64510588249426,-33.463286220648904],[-70.64510109671718,-33.46327797590156],[-70.64510101992423,-33.46327787115093],[-70.64510095558002,-33.46327776066575],[-70.64509521658776,-33.463269955017246],[-70.64508948968194,-33.463262143138266],[-70.64508940100883,-33.46326204520082],[-70.64508932405383,-33.46326194053371],[-70.64508269987228,-33.46325464394767],[-70.64507608699091,-33.463247340168735],[-70.64507598729155,-33.463247249987646],[-70.64507589846697,-33.46324715214666],[-70.64506845289276,-33.46324043489482],[-70.64506101771964,-33.46323370955311],[-70.6450609079542,-33.46323362799689],[-70.64506080811545,-33.46323353792427],[-70.64505261285274,-33.46322746469595],[-70.6450444269935,-33.46322138256111],[-70.64504430821913,-33.46322131041518],[-70.64504419832767,-33.46322122897835],[-70.64503533229926,-33.46321585826041],[-70.64502647459004,-33.46321047790784],[-70.64502634795062,-33.46321041586702],[-70.64502622906474,-33.46321034385023],[-70.6450167776564,-33.46320572736627],[-70.64500733340026,-33.46320110061052],[-70.64500720011529,-33.46320104927227],[-70.64500707338001,-33.46320098736912],[-70.64499712761659,-33.46319716957931],[-70.64498718776352,-33.463193340977206],[-70.64498704911665,-33.463193300835925],[-70.64498691575247,-33.46319324964259],[-70.64497657141426,-33.463190267312804],[-70.6449662316924,-33.46318727373698],[-70.6449660890189,-33.46318724517925],[-70.64496595031014,-33.46318720518873],[-70.64495530701308,-33.46318508703918],[-70.6449446670042,-33.46318295732035],[-70.64494452167816,-33.46318294062124],[-70.64494437896056,-33.46318291221865],[-70.64493353920675,-33.46318167864913],[-70.64492270137737,-33.46318043329654],[-70.64447329414324,-33.46314751838418],[-70.64429642532744,-33.46312849970849],[-70.64428437996106,-33.46312358237478],[-70.64426359186835,-33.46311712194873],[-70.6442421483697,-33.46311240044102],[-70.64422025597646,-33.463109463322105],[-70.64419812552303,-33.463108338877916],[-70.64417597013643,-33.463109037937414],[-70.64415400318371,-33.46311155376839],[-70.64414674657925,-33.46311300340085],[-70.64398779499605,-33.463096319556826],[-70.64398669846689,-33.46309625004064],[-70.64398561355058,-33.46309609961176],[-70.64397320675273,-33.463094899959],[-70.64397320567262,-33.46309489989939],[-70.64397320460465,-33.4630948997513],[-70.6436865454958,-33.46306718374367],[-70.64366442234719,-33.46306596257073],[-70.64364226291848,-33.463066564768035],[-70.64362028061568,-33.4630689845362],[-70.64359868713908,-33.4630731985717],[-70.6435776904444,-33.46307916629135],[-70.64355749274026,-33.46308683022319],[-70.6435382885407,-33.463096116559775],[-70.643520262792,-33.463106935869114],[-70.64350358909157,-33.46311918395596],[-70.64348842801613,-33.46313274286506],[-70.64347492557528,-33.463147482017305],[-70.64346321180531,-33.46316325946714],[-70.64345339951689,-33.46317992326957],[-70.64344558320859,-33.463197312943514],[-70.6434398381568,-33.46321526101728],[-70.64343621969077,-33.46323359464133],[-70.6434347626596,-33.463252137252994],[-70.6434354810967,-33.463270710276795],[-70.6434383680845,-33.46328913484433],[-70.64344339582107,-33.463307233516694],[-70.64345051588778,-33.46332483199353],[-70.64345965971553,-33.46334176079148],[-70.64347073924517,-33.46335785687654],[-70.64348364777544,-33.463372965234065],[-70.64349826099051,-33.46338694036175],[-70.64351443815727,-33.4633996476709],[-70.6435320234806,-33.46341096478265],[-70.64355084760383,-33.46342078270646],[-70.64357072923973,-33.463429006889854],[-70.64359147691636,-33.46343555812903],[-70.64361289082119,-33.463440373331636],[-70.64363476472536,-33.46344340612436],[-70.64392142421163,-33.4634711221302],[-70.64393273840474,-33.46347221613405],[-70.64415331680038,-33.463495368351055],[-70.6441550693837,-33.46349547945569],[-70.64415680504683,-33.463495711418936],[-70.64416951277688,-33.46349687736403],[-70.64417067301441,-33.463496935729296],[-70.64417182266034,-33.4634970792332],[-70.64417822500776,-33.46349761089146],[-70.64442032716344,-33.46352364412278],[-70.64442488193369,-33.463523944453705],[-70.64442940843324,-33.46352446460044],[-70.64449745569314,-33.46352944853121],[-70.64448853426495,-33.46359842745233],[-70.64448847122387,-33.46359932359012],[-70.64448831334707,-33.463600213666126],[-70.64447720311058,-33.46369444803631],[-70.64447708390783,-33.463696468416025],[-70.6444767800503,-33.46369847516848],[-70.64447653660802,-33.463705744656245],[-70.64447610806167,-33.463713008131386],[-70.64447622570599,-33.46371502857528],[-70.64447615799104,-33.463717050627444],[-70.6444767658506,-33.46372430511012],[-70.64447718879437,-33.46373156881592],[-70.64447754215293,-33.46373356986597],[-70.64447771123282,-33.46373558774436],[-70.64447916454077,-33.46374275735726],[-70.644480434902,-33.46374995134024],[-70.64448102057192,-33.46375191372526],[-70.64448142481848,-33.46375390799659],[-70.64448370957915,-33.463760923692355],[-70.64448581512409,-33.46376797867039],[-70.6444866274652,-33.46376988349148],[-70.64448726298545,-33.46377183494981],[-70.64449035719576,-33.463778629163265],[-70.64449327764738,-33.463785477193035],[-70.64449430883649,-33.46378730610573],[-70.64449516951012,-33.46378919595738],[-70.64449904337162,-33.46379570325642],[-70.64450275060472,-33.463802278387405],[-70.64450399071096,-33.46380401377817],[-70.64450506824939,-33.46380582382285],[-70.64450968445495,-33.463811981538484],[-70.64451414276715,-33.46381822044838],[-70.6445155798478,-33.46381984560447],[-70.64451686387373,-33.46382155841032],[-70.64452217796699,-33.46382730724008],[-70.6445273444226,-33.463833149844646],[-70.64452896463773,-33.46383464911479],[-70.64453044278542,-33.46383624818658],[-70.64453640358906,-33.463841532766075],[-70.64454222843224,-33.46384692279742],[-70.6445440161783,-33.463848281742756],[-70.64454567421242,-33.463849751680485],[-70.64455222432056,-33.463854521115984],[-70.64455865145497,-33.46385940666506],[-70.64456058951505,-33.46386061219819],[-70.64456241146777,-33.46386193884542],[-70.64456948779906,-33.46386614720434],[-70.64457645532796,-33.46387048122051],[-70.64457852503746,-33.463871521731434],[-70.64458049336231,-33.46387269231177],[-70.64458802776761,-33.46387629906511],[-70.64459546858974,-33.463880039809226],[-70.64459765001611,-33.46388090527716],[-70.64459974575702,-33.463881908517266],[-70.64460766567595,-33.46388487893],[-70.64461550813145,-33.46388799037625],[-70.64461778026617,-33.46388867246623],[-70.64461998324005,-33.46388949870432],[-70.644628212399,-33.46389180416952],[-70.6446363809605,-33.4638942563529],[-70.64463872192174,-33.46389474849603],[-70.64464101091242,-33.46389538977487],[-70.64464947005943,-33.46389700808948],[-70.644657886059,-33.46389877739406],[-70.64466027330171,-33.46389907485068],[-70.644662626265,-33.4638995249944],[-70.64467123393374,-33.46390044057311],[-70.64467981631981,-33.463901509959406],[-70.64468222685346,-33.463901609864806],[-70.64468462112889,-33.46390186453827],[-70.64469329442188,-33.46390206856347],[-70.64470196054127,-33.463902427732684],[-70.64470437115106,-33.463902329124764],[-70.64470678368012,-33.46390238587528],[-70.64471543906828,-33.46390187638213],[-70.64472410546095,-33.46390152187524],[-70.64472649293116,-33.46390122570361],[-70.64472890047988,-33.46390108398469],[-70.64473745460653,-33.463899865879945],[-70.64474603780987,-33.463898801111064],[-70.6447483791478,-33.46389831022806],[-70.64475075852987,-33.46389797140452],[-70.6447591290137,-33.4638960564193],[-70.64476754636615,-33.46389429164283],[-70.64476981902313,-33.463893610775976],[-70.64477214732386,-33.46389307811089],[-70.64478025355221,-33.463890484687624],[-70.64478842398947,-33.46388803689946],[-70.64479060607857,-33.46388717260589],[-70.64479286087492,-33.463886451229186],[-70.64480062477973,-33.46388320434417],[-70.64480846961584,-33.463880097117965],[-70.64481054012221,-33.46387905772136],[-70.64481269969917,-33.463878154580335],[-70.64482004650978,-33.46387428550294],[-70.64482749019409,-33.46387054876325],[-70.6448294291775,-33.46386934427365],[-70.64483147273715,-33.46386826806603],[-70.64483833169933,-33.46386381405791],[-70.64484530254504,-33.46385948379174],[-70.64484709133207,-33.46385812580903],[-70.64484899919366,-33.463856886899435],[-70.64485530425178,-33.46385189085523],[-70.64486173512566,-33.46384700876566],[-70.64486335648922,-33.46384551036809],[-70.64486511027906,-33.463844120687895],[-70.64487524001915,-33.46383526564541],[-70.64488153257548,-33.46382919476686],[-70.6448879202846,-33.4638231941032],[-70.64488880080967,-33.46382218258074]]]}},{"type":"Feature","properties":{"numpos":"80872","TIPO":"DESCARGO","TENSION":"MT","INCIDENCIA":"DF202671760225","CLITOTAL":"1139","CANTAVISOS":"","FECHA_INICIO":"","FECHA_FIN":"","DESCARGO":"DF202671760225(TP20267213816126)","ESTADODESC":"789","ESTADOINC":" ","CLI_PLAN":"1","FECHA_INIDESC":"05-08-2026 10:00","FECHA_FINDESC":"05-08-2026 16:00","FECHA_REPOSICION":"05-08-2026 16:00","id_alim":"624"},"geometry":{"type":"Polygon","coordinates":[[[-70.64669516046021,-33.46493648890306],[-70.64669429315644,-33.46493961934368],[-70.64669335240879,-33.46494565073636],[-70.64669216810037,-33.4649516519123],[-70.64669191619453,-33.464954858700835],[-70.64669141916117,-33.46495804531799],[-70.64669118829403,-33.46496412495189],[-70.64669071150522,-33.464970194523424],[-70.64669083583537,-33.46497340656487],[-70.64669071385934,-33.46497661866972],[-70.64669119509655,-33.46498268799463],[-70.64669143041955,-33.4649887675085],[-70.64669192978857,-33.46499195386913],[-70.64669218404482,-33.46499516052733],[-70.64669317592396,-33.465000167508116],[-70.64669279984228,-33.4650089512129],[-70.64669418034038,-33.465027497912935],[-70.64669772316739,-33.46504584189521],[-70.64670339420528,-33.46506380649693],[-70.64671113883999,-33.46508121870885],[-70.64672088248753,-33.46509791084144],[-70.64673253131201,-33.465113722139826],[-70.6467459731295,-33.46512850033209],[-70.64676107848823,-33.465142103095566],[-70.6467777019154,-33.46515439942761],[-70.6467956833181,-33.46516527090729],[-70.64681484952513,-33.46517461283576],[-70.64683501595468,-33.4651823352447],[-70.64685598839208,-33.46518836376263],[-70.64687756486012,-33.46519264033135],[-70.6468995375644,-33.46519512376492],[-70.64692169489443,-33.46519579014646],[-70.64694382346158,-33.46519463305829],[-70.64696571015429,-33.46519166364394],[-70.64698714419048,-33.4651869105007],[-70.64700791914743,-33.465180419404284],[-70.64702783494997,-33.465172252867895],[-70.6470466997972,-33.46516248954022],[-70.64706433200976,-33.46515122344796],[-70.6470805617795,-33.465138563090335],[-70.6470952328048,-33.46512463039407],[-70.6471082037959,-33.46510955953921],[-70.64711934983555,-33.465093495666835],[-70.647128563582,-33.465076593481335],[-70.64713575630282,-33.46505901576039],[-70.64714085872926,-33.46504093178737],[-70.64714382172347,-33.46502251572103],[-70.64714698161725,-33.4649914156856],[-70.64714721780489,-33.46498589865098],[-70.64714783529058,-33.46498033600299],[-70.6471494107076,-33.464949061267156],[-70.64715969885468,-33.46474482329042],[-70.64716254716255,-33.464733493647536],[-70.64716497004189,-33.46471502218368],[-70.64716522108529,-33.464696440620784],[-70.64716329787643,-33.464677927909364],[-70.64715921893827,-33.46465966233687],[-70.64715639942561,-33.46465154222286],[-70.64715632283784,-33.46465058015473],[-70.64715268554242,-33.46463224916868],[-70.64714692202534,-33.46461430526205],[-70.64713908779363,-33.46459692124416],[-70.64712925829623,-33.46458026453217],[-70.64711752819738,-33.46456449553883],[-70.64710401046489,-33.46454976612768],[-70.64708883528223,-33.46453621815039],[-70.64707214879476,-33.46452398208083],[-70.64705411170223,-33.46451317575848],[-70.64703489771118,-33.46450390325361],[-70.64701469186213,-33.464496253865015],[-70.6469936887475,-33.46449030126008],[-70.6469720906376,-33.46448610276536],[-70.64695010553284,-33.46448369881441],[-70.64692794516036,-33.464483112558526],[-70.64690582293531,-33.46448434964364],[-70.64688395190545,-33.46448739815608],[-70.64686254269945,-33.464492228737235],[-70.6468418014985,-33.46449879486628],[-70.64682192805064,-33.46450703330821],[-70.64680311374732,-33.46451686472284],[-70.64678553977997,-33.464528194428745],[-70.64676937539517,-33.46454091331532],[-70.64675477626476,-33.464554898893205],[-70.64674188298657,-33.46457001647429],[-70.64673081973045,-33.46458612046848],[-70.64672169304232,-33.464603055786014],[-70.64671459081812,-33.46462065933092],[-70.64671359302879,-33.46462426502561],[-70.64670982652817,-33.46463266899996],[-70.64670519164213,-33.46464720427181],[-70.64669899652479,-33.4646641387495],[-70.64669460607902,-33.46468235352164],[-70.64669236692198,-33.46470084126829],[-70.64669230061934,-33.46471942394244],[-70.64669440781103,-33.464737922582735],[-70.64669866820498,-33.464756159036995],[-70.64670504077255,-33.464773957677956],[-70.64670588654775,-33.46477568363605],[-70.64669836880627,-33.464924908717734],[-70.64669766659787,-33.464927443264834],[-70.64669578617581,-33.46493331825056],[-70.64669516046021,-33.46493648890306]]]}},{"type":"Feature","properties":{"numpos":"83358","TIPO":"DESCARGO","TENSION":"MT","INCIDENCIA":"DF202671760225","CLITOTAL":"1139","CANTAVISOS":"","FECHA_INICIO":"","FECHA_FIN":"","DESCARGO":"DF202671760225(TP20267213816126)","ESTADODESC":"789","ESTADOINC":" ","CLI_PLAN":"1","FECHA_INIDESC":"05-08-2026 10:00","FECHA_FINDESC":"05-08-2026 16:00","FECHA_REPOSICION":"05-08-2026 16:00","id_alim":"624"},"geometry":{"type":"Polygon","coordinates":[[[-70.64520399719247,-33.46532579150974],[-70.64522519460789,-33.46532034358334],[-70.64524565282949,-33.465313180490874],[-70.64526517483247,-33.46530437121731],[-70.64528357260853,-33.465294000601226],[-70.64530066897659,-33.46528216851789],[-70.64531629928902,-33.4652689889173],[-70.64533031301745,-33.46525458872681],[-70.64534257520233,-33.465239106628644],[-70.64535296775274,-33.465222691724385],[-70.6453613905835,-33.46520550209902],[-70.6453677625792,-33.46518770329838],[-70.64537202237523,-33.46516946673495],[-70.64537412894872,-33.46515096803696],[-70.64537406201359,-33.465132385357045],[-70.64537182221585,-33.46511389765656],[-70.64536743112733,-33.46509568298197],[-70.64536093103784,-33.46507791675034],[-70.64535238454795,-33.465060770059765],[-70.64534187396596,-33.46504440804186],[-70.64532950051526,-33.46502898827128],[-70.6453153833594,-33.46501465924833],[-70.6452996584545,-33.465001558968716],[-70.64528247723999,-33.464989813594755],[-70.64526400517995,-33.46497953624024],[-70.6452444201699,-33.464970825881224],[-70.64524393223995,-33.464970633969514],[-70.64521997638339,-33.464962576903005],[-70.6451950803665,-33.464956862646616],[-70.64516956916617,-33.46495356579067],[-70.64504156078095,-33.464943252919554],[-70.64478166675954,-33.46492230944903],[-70.64478516438248,-33.464891994286816],[-70.64480400493149,-33.46473642171061],[-70.6448188648521,-33.46462463285798],[-70.64481937029747,-33.46462083046946],[-70.64481944910106,-33.46461967015554],[-70.64482035879857,-33.46461495169464],[-70.64482072282091,-33.464612188640196],[-70.6448424029911,-33.464447629211946],[-70.64485876689415,-33.46432583765693],[-70.64486254535255,-33.464318938356605],[-70.64486268604799,-33.464318596482094],[-70.6448628652672,-33.46431826590785],[-70.64486630763916,-33.46430979641128],[-70.644869774934,-33.46430137126203],[-70.64486987498034,-33.46430101944285],[-70.6448700146619,-33.46430067577493],[-70.64487244971767,-33.4642919652203],[-70.64487491530443,-33.46428329483081],[-70.64487497373175,-33.46428293644688],[-70.64487507253754,-33.46428258300383],[-70.6448764770258,-33.46427371548071],[-70.6448779169605,-33.464264883149085],[-70.64487793319712,-33.46426452164434],[-70.64487799018526,-33.46426416183807],[-70.64487835083972,-33.464255222924194],[-70.64487875099601,-33.46424631353151],[-70.64487872487425,-33.464245952381056],[-70.64487873950785,-33.4642455896836],[-70.64487805316851,-33.46423666561071],[-70.64487740938013,-33.46422776481369],[-70.64487734113823,-33.464227407490746],[-70.64487731329031,-33.46422704540047],[-70.644875586925,-33.46421822221542],[-70.6448739050347,-33.464209415629774],[-70.64487379531494,-33.464209065572575],[-70.64487372526932,-33.4642087075801],[-70.64487097589586,-33.46420007030979],[-70.64487034354599,-33.46419805281835],[-70.64488680029812,-33.46407114641703],[-70.64491075271818,-33.46390036676908],[-70.6449111353281,-33.463897443125305],[-70.64492884851819,-33.46375165274476],[-70.64493000487366,-33.463731086107614],[-70.64492849023668,-33.463710535820404],[-70.64492622313354,-33.46369949819663],[-70.64492308942623,-33.46368154589649],[-70.64491774502338,-33.46366351108694],[-70.6449103172802,-33.463646002177654],[-70.64490087773098,-33.46362918778861],[-70.64488951728457,-33.463613229851134],[-70.64487634534888,-33.46359828204834],[-70.64486148877721,-33.46358448833519],[-70.6448450906466,-33.463571981552086],[-70.6448273088798,-33.463560882145636],[-70.64480831472449,-33.46355129700865],[-70.64478829110409,-33.46354331845073],[-70.64476743085609,-33.463537023309364],[-70.64474593487499,-33.46353247220987],[-70.64472401017758,-33.46352970898156],[-70.64470186790935,-33.46352876023575],[-70.64467972131108,-33.46352963510931],[-70.64465778366518,-33.463532325176864],[-70.64463626624192,-33.463536804531785],[-70.64461537626462,-33.46354303003574],[-70.64459531491416,-33.46355094173413],[-70.64457627539143,-33.46356046343343],[-70.64455844105683,-33.46357150343498],[-70.64454198366444,-33.46358395541813],[-70.64452706170779,-33.46359769946402],[-70.6445138188937,-33.46361260321054],[-70.64450238275813,-33.46362852312703],[-70.64449286343806,-33.46364530589645],[-70.64448535261063,-33.463662789892005],[-70.64447992261029,-33.46368080673356],[-70.64447662573217,-33.46369918290932],[-70.64447589138597,-33.46370530699728],[-70.6444758873944,-33.46370537243651],[-70.64447587543785,-33.46370543939999],[-70.64445778394332,-33.46385738616527],[-70.64444743823682,-33.46393391404444],[-70.64443973114763,-33.46393530683461],[-70.64441862031946,-33.463940985172805],[-70.64439827519672,-33.46394837047559],[-70.64437889171315,-33.463957391618926],[-70.64436065654164,-33.463967961724784],[-70.64434374529635,-33.46397997899782],[-70.64432832084168,-33.46399332770573],[-70.64431453172367,-33.46400787929366],[-70.6443025107394,-33.46402349362248],[-70.64429237365813,-33.46404002031814],[-70.64428421810639,-33.46405730021998],[-70.64427812262758,-33.46407516691343],[-70.64427414592576,-33.464093448332775],[-70.64427232630004,-33.464111968418095],[-70.64427268127577,-33.464130548810914],[-70.64427520743571,-33.46414901057179],[-70.64427988045296,-33.464167175903754],[-70.64428665532499,-33.4641848698644],[-70.64429094619749,-33.46419443536441],[-70.64429998003914,-33.4642118647434],[-70.6443110526595,-33.46422844746367],[-70.64432405254682,-33.46424401651988],[-70.6443388487795,-33.46425841511525],[-70.64439897714391,-33.46431131012583],[-70.64439413808368,-33.464350439729834],[-70.6443855830659,-33.46435256589205],[-70.64436504664732,-33.464359569584765],[-70.64434542816564,-33.46436822666291],[-70.64432691655682,-33.46437845375456],[-70.64430969009723,-33.46439015236781],[-70.6442939146869,-33.46440320983914],[-70.64427974225167,-33.46441750041859],[-70.64426730928017,-33.464432886480594],[-70.6442567355092,-33.46444921984948],[-70.64424812277083,-33.46446634322644],[-70.6442415540114,-33.46448409170439],[-70.64423709249286,-33.46450229435607],[-70.64423478118333,-33.46452077588015],[-70.64423464234336,-33.46453935828955],[-70.64423667731148,-33.4645578626255],[-70.64424086649115,-33.46457611068093],[-70.64424716953957,-33.46459392671688],[-70.64425552575605,-33.46461113915482],[-70.64426585466664,-33.46462758222915],[-70.64427805679902,-33.46464309758354],[-70.64429201464048,-33.464657535796114],[-70.64430759376962,-33.46467075781847],[-70.64432464415088,-33.46468263631466],[-70.64434300157947,-33.46469305688778],[-70.64435131105779,-33.46469729073826],[-70.64433321102321,-33.464854573497405],[-70.64430097227694,-33.46511678107353],[-70.64430090378558,-33.465117851034236],[-70.64426763068694,-33.46529375245812],[-70.64426523763927,-33.46531222667241],[-70.64426501661981,-33.46533080852036],[-70.64426696975845,-33.4653493190486],[-70.64427107824676,-33.465367579990485],[-70.64427730251903,-33.465385415482885],[-70.64428558263326,-33.46540265375995],[-70.64429583884841,-33.46541912880719],[-70.64430797239223,-33.46543468196041],[-70.6443218664126,-33.46544916343372],[-70.64433738710275,-33.465462433762035],[-70.64435438498992,-33.465474365144246],[-70.64437269637489,-33.46548484267406],[-70.64439212654966,-33.465493757023836],[-70.64439246680281,-33.465493935663844],[-70.64441231956384,-33.465502209485656],[-70.64443304433296,-33.46550881253577],[-70.64445444151823,-33.465513681222845],[-70.64447630505191,-33.46551676865852],[-70.6444984243748,-33.465518045108965],[-70.64452058646442,-33.46551749828117],[-70.64454257788631,-33.465515133441535],[-70.64456418684973,-33.465510973364914],[-70.64458520524735,-33.46550505811538],[-70.64460543065941,-33.46549744466046],[-70.64462466830327,-33.465488206322284],[-70.6446427329092,-33.46547743207164],[-70.6446594505048,-33.46546522567102],[-70.64467466009036,-33.46545170467529],[-70.64468821518936,-33.4654369992996],[-70.64469998525921,-33.465421251165324],[-70.64470985694831,-33.46540461193605],[-70.64471773518783,-33.465387241857144],[-70.64472354410705,-33.465369308212274],[-70.64472722776414,-33.46535098371252],[-70.64473457303602,-33.46529897801522],[-70.64499831828357,-33.4653202318041],[-70.64499832082507,-33.465320231903775],[-70.64499832334268,-33.465320232211724],[-70.6451263348389,-33.46533054531624],[-70.64512634349917,-33.465330469803654],[-70.64513803497049,-33.46533140508209],[-70.64516020650834,-33.465331349020246],[-70.64518226472703,-33.4653294718032],[-70.64520399719247,-33.46532579150974]]]}},{"type":"Feature","properties":{"numpos":"103877","TIPO":"DESCARGO","TENSION":"MT","INCIDENCIA":"DF202671757770","CLITOTAL":"479","CANTAVISOS":"","FECHA_INICIO":"","FECHA_FIN":"","DESCARGO":"DF202671757770(TP20267213816041)","ESTADODESC":"789","ESTADOINC":" ","CLI_PLAN":"1","FECHA_INIDESC":"03-08-2026 10:00","FECHA_FINDESC":"03-08-2026 17:00","FECHA_REPOSICION":"03-08-2026 17:00","id_alim":"926"},"geometry":{"type":"Polygon","coordinates":[[[-70.5697410292063,-33.451606380428785],[-70.56975802726677,-33.45159445253634],[-70.56977354883634,-33.45158118550211],[-70.56978744444801,-33.45156670708338],[-70.56979958029244,-33.45155115670256],[-70.56980983950652,-33.45153468410465],[-70.56981440290964,-33.45152518897573],[-70.5698169760036,-33.45152047882481],[-70.56982520592811,-33.451503223564856],[-70.56983137859262,-33.451485375185385],[-70.5698354345522,-33.45146710557631],[-70.56983733474708,-33.45144859068412],[-70.56983706087865,-33.4514300088174],[-70.56983461558588,-33.45141153892965],[-70.56983002241958,-33.45139335889579],[-70.5698233256157,-33.451375643799246],[-70.56981458966922,-33.451358564245695],[-70.56980389871302,-33.45134228472013],[-70.56979135570754,-33.451326962002796],[-70.56977708144925,-33.45131274365927],[-70.5697612134072,-33.451299766619414],[-70.56974390439929,-33.45128815585864],[-70.56972532112036,-33.45127802319438],[-70.5697056425369,-33.451269466209176],[-70.56968505816364,-33.451262567311076],[-70.56966376623829,-33.45125739293987],[-70.56964197181253,-33.45125399292729],[-70.56961988477728,-33.45125240001715],[-70.56959771784138,-33.451252629550005],[-70.56957568448318,-33.45125467931538],[-70.56955399689461,-33.45125852957305],[-70.56954090310012,-33.4512620077543],[-70.56940404280294,-33.451247948225806],[-70.5693816090211,-33.45124658929],[-70.56937495431356,-33.45124674257975],[-70.56903901833333,-33.451202991247726],[-70.56901642043486,-33.451201017401345],[-70.56899370030803,-33.451200956373185],[-70.56897108778327,-33.45120280878065],[-70.56894881160261,-33.451206555885335],[-70.56892709710576,-33.451212159782564],[-70.56890616395074,-33.451219563784946],[-70.56888622389188,-33.451228692995656],[-70.56886747863777,-33.45123945506604],[-70.56885011781092,-33.45125174112991],[-70.56883431702953,-33.451265426904676],[-70.56882606693986,-33.45127418447537],[-70.56882277488111,-33.451277500018946],[-70.56882174862488,-33.45127876841843],[-70.56882023613105,-33.451280373948606],[-70.56881918114121,-33.45128161766431],[-70.56881484172773,-33.45128730498398],[-70.5688103313214,-33.45129287961044],[-70.5688088788992,-33.45129511998154],[-70.56880723638103,-33.45129727269711],[-70.56880358318905,-33.45130328864929],[-70.56879974598145,-33.45130920756622],[-70.56879856240715,-33.45131155670053],[-70.5687971796458,-33.45131383378415],[-70.56879424776417,-33.45132012031548],[-70.56879112080466,-33.45132632663959],[-70.56879021751779,-33.45132876195561],[-70.5687891077882,-33.45133114143356],[-70.56878692532902,-33.45133763789444],[-70.5687845388572,-33.451344071964854],[-70.56878392460897,-33.451346570046475],[-70.5687830985457,-33.45134902896356],[-70.5687816863764,-33.45135567269688],[-70.568780063528,-33.45136227264518],[-70.56877974429567,-33.45136480946566],[-70.56877920979178,-33.45136732410771],[-70.56877858133801,-33.45137405105642],[-70.56877773791818,-33.451380753398254],[-70.56877771684597,-33.45138330455002],[-70.5687774789786,-33.45138585067393],[-70.56877764009967,-33.45139259600153],[-70.56877758442606,-33.45139933624437],[-70.56877786179278,-33.45140187717301],[-70.56877792277622,-33.451404430241325],[-70.56877887171404,-33.45141112895882],[-70.5687796045312,-33.45141784222055],[-70.5687801777455,-33.451420348460395],[-70.568780536912,-33.45142288387845],[-70.56878226431411,-33.45142947147199],[-70.56878377878024,-33.45143609310398],[-70.56878464240317,-33.45143854051327],[-70.56878529621173,-33.4514410338665],[-70.56878778522746,-33.451447446919346],[-70.56879006697419,-33.451453913128425],[-70.56879121276916,-33.451456278121796],[-70.56879215484197,-33.451458705410865],[-70.56879538129114,-33.45146488221392],[-70.5687984085554,-33.45147113067694],[-70.56879982556521,-33.45147339045281],[-70.56880104675147,-33.45147572832461],[-70.56880497936326,-33.45148160946915],[-70.56880872319083,-33.45148757993472],[-70.56881039784093,-33.45148971269563],[-70.56881188630719,-33.451491938667274],[-70.56881648702701,-33.451497467614864],[-70.5688209115457,-33.45150310248594],[-70.56882282777282,-33.451505087649565],[-70.56882456911896,-33.45150718032388],[-70.56882979347976,-33.451512303947574],[-70.56883485623997,-33.45151754883938],[-70.56883699564521,-33.4515193672381],[-70.56883897304479,-33.451521306508404],[-70.56884477059963,-33.45152597560047],[-70.56885042297883,-33.451530779868165],[-70.56885276500334,-33.45153241393528],[-70.56885495936719,-33.45153418117742],[-70.56886127417837,-33.4515383509188],[-70.56886746184608,-33.451542668149735],[-70.56886998396794,-33.45154410209035],[-70.56887237412901,-33.451545680340224],[-70.56887914530864,-33.45154931072704],[-70.5688858087478,-33.451553099192836],[-70.56888848669868,-33.45155431913821],[-70.56889104961623,-33.45155569325302],[-70.56889821191326,-33.45155874947646],[-70.56890528699275,-33.45156197254034],[-70.5689080949914,-33.451562966683234],[-70.56891080597303,-33.451564123485554],[-70.56891829040141,-33.45156657626192],[-70.56892570899397,-33.4515692027366],[-70.5689286199949,-33.45156996144699],[-70.56893145293408,-33.451570889849584],[-70.56893918743575,-33.451572715697324],[-70.56894687807544,-33.45157472015044],[-70.56894986403013,-33.45157523607025],[-70.56895279165681,-33.451575927181],[-70.5689607017925,-33.45157710864196],[-70.56896859036614,-33.45157847164592],[-70.56934176713746,-33.45162708904788],[-70.56934887393358,-33.451627918236674],[-70.56956513696699,-33.45165022183707],[-70.56958618400903,-33.45165155957922],[-70.56960728812368,-33.45165124476145],[-70.5696282650594,-33.45164928013239],[-70.56964893167502,-33.45164568284438],[-70.56966910753874,-33.45164048430397],[-70.56968861650337,-33.451633729897544],[-70.56970728824432,-33.45162547859507],[-70.5697249597465,-33.45161580243532],[-70.56972738356657,-33.45161418578991],[-70.5697410292063,-33.451606380428785]]]}},{"type":"Feature","properties":{"numpos":"107369","TIPO":"DESCARGO","TENSION":"MT","INCIDENCIA":"DF202671757770","CLITOTAL":"479","CANTAVISOS":"","FECHA_INICIO":"","FECHA_FIN":"","DESCARGO":"DF202671757770(TP20267213816041)","ESTADODESC":"789","ESTADOINC":" ","CLI_PLAN":"1","FECHA_INIDESC":"03-08-2026 10:00","FECHA_FINDESC":"03-08-2026 17:00","FECHA_REPOSICION":"03-08-2026 17:00","id_alim":"926"},"geometry":{"type":"Polygon","coordinates":[[[-70.57072128220435,-33.451716341410425],[-70.57073854679724,-33.45170421298033],[-70.57075428461991,-33.45169070353172],[-70.5707683391894,-33.45167594739119],[-70.57078057075992,-33.451660091281276],[-70.57079085771225,-33.45164329286165],[-70.57079909776292,-33.45162571916137],[-70.57080520898123,-33.45160754491811],[-70.57080913060393,-33.45158895084074],[-70.57081125055626,-33.45157482082303],[-70.57081293425034,-33.45155629121887],[-70.57081244320081,-33.45153771249991],[-70.57080978213811,-33.45151926358927],[-70.57080497669106,-33.4515011221599],[-70.57079807314,-33.451483462923406],[-70.57078913797096,-33.45146645594749],[-70.57077825723545,-33.45145026501819],[-70.57076830313024,-33.45143835675951],[-70.57076903342173,-33.451434413297015],[-70.57076927464904,-33.451430795447294],[-70.57076977389262,-33.451427196199525],[-70.57076989286742,-33.451421523606186],[-70.57077027056772,-33.45141585897762],[-70.57077008760488,-33.45141223872849],[-70.57077016359096,-33.451408615791884],[-70.57076961870706,-33.451402960738136],[-70.57076933223414,-33.45139729235264],[-70.57076872684348,-33.45139370456903],[-70.57076837884054,-33.45139009283449],[-70.57076717534586,-33.4513845097815],[-70.57076622745907,-33.451378892228746],[-70.57076520547106,-33.45137537146297],[-70.57076443683084,-33.451371805713414],[-70.57076258631614,-33.451366348429005],[-70.57076098614449,-33.451360835809],[-70.57075955740169,-33.45135741596792],[-70.57075837552685,-33.451353930543405],[-70.57075589581392,-33.45134865158405],[-70.57075365876833,-33.45134329698628],[-70.57075183703054,-33.45134001100472],[-70.5707502533034,-33.45133663947174],[-70.57074716827356,-33.45133158967667],[-70.57074431589831,-33.45132644466865],[-70.57074211870999,-33.451323324192344],[-70.57074014838291,-33.451320099020506],[-70.57073648774696,-33.45131532702186],[-70.5707330475122,-33.45131044115268],[-70.57073044750493,-33.45130713115508],[-70.57072844242037,-33.45130483914583],[-70.57072815808208,-33.4513044684828],[-70.57072761635106,-33.45130389486719],[-70.570716975131,-33.45129173090095],[-70.57070172086105,-33.45127754646267],[-70.570684839843,-33.451264722106494],[-70.57066650376986,-33.45125338826551],[-70.57064689913332,-33.45124366021321],[-70.57062622532715,-33.451235636890964],[-70.57060469261911,-33.451229399901784],[-70.57058252001247,-33.451225012680396],[-70.57055993301866,-33.451222519848045],[-70.57047723317147,-33.451216929899054],[-70.57045562503515,-33.45121633937625],[-70.57043404851517,-33.45121748311744],[-70.57041270123952,-33.451220350646686],[-70.57039177873655,-33.45122491569917],[-70.57037147264403,-33.451231136461764],[-70.57035196895384,-33.451238955956],[-70.57033344630852,-33.45124830256],[-70.57031607436494,-33.451259090664344],[-70.57030001224044,-33.45127122145633],[-70.57028540705527,-33.451284583825014],[-70.57027239258527,-33.45129905537882],[-70.57026108803635,-33.45131450356659],[-70.57025159695269,-33.451330786891724],[-70.57024400626837,-33.451347756208136],[-70.5702383855109,-33.45136525608635],[-70.57023478616459,-33.45138312623717],[-70.57021353590599,-33.45153161636737],[-70.57021198617963,-33.45154986489388],[-70.570212544399,-33.451568153616414],[-70.57021520535517,-33.45158631183226],[-70.57021994421264,-33.451604170056584],[-70.57022671674117,-33.45162156160461],[-70.57023545972864,-33.451638324147275],[-70.57024609157084,-33.45165430122647],[-70.57025851303327,-33.451669343715324],[-70.5702726081773,-33.45168331121018],[-70.57028824544228,-33.45169607334114],[-70.57030527887352,-33.45170751098888],[-70.57032354948454,-33.45171751739646],[-70.57034288674113,-33.451725999165966],[-70.57036311015297,-33.45173287713004],[-70.57038403095848,-33.45173808709104],[-70.5704054538865,-33.45174158042006],[-70.57054229422756,-33.45175819038083],[-70.57056396217891,-33.4517599321811],[-70.57058572952465,-33.45175991771876],[-70.57060739415464,-33.45175814712817],[-70.5706287549125,-33.4517546368493],[-70.57064961346337,-33.451749419475185],[-70.57066977613546,-33.45174254344924],[-70.57068905571839,-33.45173407261545],[-70.57069882239729,-33.45172871843385],[-70.57070266250521,-33.45172696822702],[-70.57072128220435,-33.451716341410425]]]}},{"type":"Feature","properties":{"numpos":"98254","TIPO":"DESCARGO","TENSION":"MT","INCIDENCIA":"DF202671757770","CLITOTAL":"479","CANTAVISOS":"","FECHA_INICIO":"","FECHA_FIN":"","DESCARGO":"DF202671757770(TP20267213816041)","ESTADODESC":"789","ESTADOINC":" ","CLI_PLAN":"1","FECHA_INIDESC":"03-08-2026 10:00","FECHA_FINDESC":"03-08-2026 17:00","FECHA_REPOSICION":"03-08-2026 17:00","id_alim":"926"},"geometry":{"type":"Polygon","coordinates":[[[-70.5709514318648,-33.451958685141605],[-70.57113494739079,-33.45198540233922],[-70.5711672655069,-33.45198812067319],[-70.57134804646515,-33.45199237280633],[-70.57137021036235,-33.451991981906346],[-70.57139222182575,-33.451989771808435],[-70.57141386887162,-33.45198576379721],[-70.57143494302579,-33.45197999647228],[-70.57145524133156,-33.45197252537653],[-70.57147456830427,-33.451963422461134],[-70.57149273781388,-33.45195277539263],[-70.57150957487771,-33.45194068670871],[-70.57152491734543,-33.451927272830545],[-70.57153861746077,-33.451912662941695],[-70.57155054328456,-33.45189699774394],[-70.5715605799652,-33.45188042810216],[-70.57156863084481,-33.45186311359153],[-70.5715746183901,-33.451845220960614],[-70.57157848493891,-33.45182692252546],[-70.57158019325561,-33.45180839451023],[-70.57157972688955,-33.45178981534982],[-70.57157709033348,-33.45177136397168],[-70.57157230898017,-33.45175321807246],[-70.57156542887795,-33.45173555240684],[-70.57155651628705,-33.45171853710442],[-70.57154565704147,-33.451702336031474],[-70.57153295572239,-33.451687105212635],[-70.57151853465086,-33.45167299132848],[-70.57150253270989,-33.451660130302855],[-70.57148510400675,-33.4516486459939],[-70.57146641638906,-33.45163864900123],[-70.57144664982813,-33.45163023560086],[-70.57142599468592,-33.45162348681799],[-70.57140464988167,-33.45161846764672],[-70.5713828209763,-33.45161522642417],[-70.57136071819279,-33.451613794364924],[-70.57119621387602,-33.45160992506299],[-70.57102367831776,-33.451584806353274],[-70.57102403302456,-33.451576056822994],[-70.57102385046294,-33.451565934239596],[-70.57102242811233,-33.45154738925139],[-70.57101884417726,-33.45152905042892],[-70.57101313317426,-33.45151109438488],[-70.57100535010461,-33.45149369404547],[-70.57099556992452,-33.451477016985024],[-70.5709838868233,-33.451461223812316],[-70.57097041331615,-33.451446466623665],[-70.57095527916064,-33.451432887538324],[-70.57093863010701,-33.45142061732974],[-70.57092062649448,-33.45140977416615],[-70.57090144170728,-33.451400462472606],[-70.57088126050459,-33.451392771925356],[-70.5708602772415,-33.45138677658815],[-70.57083869399717,-33.451382534199055],[-70.57081671862878,-33.45138008561437],[-70.5707945627698,-33.45137945441521],[-70.5707724397919,-33.451380646680335],[-70.57075056275004,-33.45138365092772],[-70.57072914233078,-33.45138843822505],[-70.57070838482333,-33.45139496246834],[-70.57068849013282,-33.45140316082598],[-70.57066964985515,-33.45141295434375],[-70.57066251739803,-33.45141753027105],[-70.57065841732792,-33.451417245390296],[-70.57063625132143,-33.451417532977516],[-70.5706142256764,-33.45141964043785],[-70.57059255251043,-33.45142354747544],[-70.57057144054676,-33.451429216463694],[-70.57055109310402,-33.4514365928075],[-70.57053170613827,-33.4514456054691],[-70.57051346635593,-33.451456167652104],[-70.57049654941562,-33.45146817763748],[-70.57048111823654,-33.45148151976311],[-70.57046732142946,-33.45149606553756],[-70.57046535793579,-33.45149861333117],[-70.570314048568,-33.45148172172586],[-70.57019462266688,-33.45146801848919],[-70.57019101050174,-33.451459248066215],[-70.57018175676255,-33.45144236121845],[-70.57017057303786,-33.45142631601418],[-70.57015756703373,-33.451411266977],[-70.57014286400542,-33.45139735903676],[-70.57012660555128,-33.451384726134016],[-70.57010894824894,-33.45137348992995],[-70.57009006214747,-33.451363758634784],[-70.57007012912968,-33.451355625965704],[-70.57004934116054,-33.45134917024436],[-70.57002789843845,-33.451344453642534],[-70.57000600746734,-33.45134152158342],[-70.56998387906789,-33.451340402304226],[-70.56996172634729,-33.45134110658418],[-70.56993976264697,-33.45134362764077],[-70.56991819948806,-33.45134794119503],[-70.56989724453435,-33.45135400570537],[-70.56987709959243,-33.45136176276762],[-70.56985795866825,-33.45137113767753],[-70.56984000609872,-33.45138204015007],[-70.56982341477651,-33.451394365189024],[-70.56980834448503,-33.45140799409816],[-70.56979494035956,-33.45142279562412],[-70.56979451618562,-33.45142337409143],[-70.56857412653297,-33.451291420969206],[-70.56856704140237,-33.45129061926137],[-70.56854495295701,-33.45128903998095],[-70.56852278621139,-33.451289283192985],[-70.56850075464205,-33.451291346555216],[-70.56847907042366,-33.45129521019656],[-70.56845794238588,-33.45130083690828],[-70.56843757400215,-33.451308172502436],[-70.5684181614302,-33.45131714633368],[-70.56839989162305,-33.45132767197966],[-70.56838294052844,-33.451339648073144],[-70.56836747139452,-33.4513529592784],[-70.56835363319756,-33.451367477401845],[-70.56834155920734,-33.45138306262652],[-70.56833136570359,-33.451399564858725],[-70.56832315085616,-33.45141682517336],[-70.56831699377956,-33.45143467734456],[-70.56831295377098,-33.45145294944641],[-70.56831106973927,-33.45147146550875],[-70.56831135983,-33.45149004721184],[-70.5683138212509,-33.45150851560367],[-70.56831843029842,-33.45152669282336],[-70.56832514258616,-33.45154440381407],[-70.56833389347226,-33.45156147800892],[-70.56834459868182,-33.451577750973634],[-70.56835715511848,-33.451593065990146],[-70.56837144185737,-33.45160727556597],[-70.56838732130957,-33.45162024285451],[-70.56840464054721,-33.451631842973136],[-70.56842323277618,-33.45164196420579],[-70.56844291894255,-33.45165050907901],[-70.56846350945693,-33.45165739530048],[-70.56848480602041,-33.45166255655183],[-70.5685066035342,-33.45166594312707],[-70.56851428921276,-33.45166681278805],[-70.56851494919147,-33.45166685997517],[-70.56851560864897,-33.45166695906678],[-70.56992595534012,-33.45181944976743],[-70.57025318463933,-33.45185699714717],[-70.57025359445797,-33.45185702709233],[-70.57025399907457,-33.45185708933224],[-70.57050793325422,-33.45188543744275],[-70.57044798556184,-33.45219095250224],[-70.5704478438953,-33.45219199027401],[-70.57044759518435,-33.45219301301839],[-70.57037700445395,-33.45257929314436],[-70.57037673514621,-33.452581478863365],[-70.5703762712636,-33.45258364152926],[-70.57031098557715,-33.453006132942555],[-70.57031098557714,-33.45300613294274],[-70.5703109855771,-33.45300613294293],[-70.5703099891733,-33.45301258106738],[-70.57030822356487,-33.45303110531422],[-70.57030863250503,-33.453049685429534],[-70.57031121205688,-33.45306814247665],[-70.57031593737922,-33.45308629870391],[-70.57032276296589,-33.45310397925665],[-70.57033162308382,-33.45312101386111],[-70.57034243240616,-33.45313723846427],[-70.57035508683393,-33.45315249681388],[-70.57036946449847,-33.453166641963065],[-70.57038542693525,-33.45317953768579],[-70.57040282041709,-33.4531910597886],[-70.57042147743493,-33.45320109730682],[-70.57044121831088,-33.45320955357314],[-70.57046185292864,-33.45321634714864],[-70.57048318256453,-33.45322141260713],[-70.5705050018013,-33.4532247011652],[-70.5705271005064,-33.4532261811521],[-70.57054926585589,-33.45322583831467],[-70.57057128438393,-33.4532236759547],[-70.57059294403874,-33.45321971489707],[-70.57061403622478,-33.45321399328919],[-70.57063435781164,-33.45320656623364],[-70.57065371309041,-33.4531975052575],[-70.57067191565854,-33.4531868976234],[-70.57068879021485,-33.45317484548922],[-70.570704174248,-33.45316146492418],[-70.57071791960144,-33.453146884790996],[-70.57072989390026,-33.453131245504885],[-70.57073998182605,-33.45311469768121],[-70.57074808622741,-33.453097400685],[-70.57075412905559,-33.45307952109617],[-70.57075805211603,-33.45306123110515],[-70.57075904848685,-33.453054782978484],[-70.5708239955101,-33.45263446915154],[-70.57089399974674,-33.45225138757274],[-70.5709514318648,-33.451958685141605]]]}}]}