{"type":"FeatureCollection","features":[{"type":"Feature","properties":{"numpos":"104876","TIPO":"TRAFO","TENSION":"MT","INCIDENCIA":"DF202671768786","CLITOTAL":"1","CANTAVISOS":"","FECHA_INICIO":"02-08-2026 15:15","FECHA_FIN":"","DESCARGO":"","ESTADODESC":" ","ESTADOINC":"Activo","CLI_PLAN":"0","FECHA_INIDESC":"","FECHA_FINDESC":"","FECHA_REPOSICION":"02-08-2026 18:24","id_alim":"122"},"geometry":{"type":"Polygon","coordinates":[[[-70.66350657183163,-33.40645512401369],[-70.66348446221058,-33.40645633244652],[-70.66346260027788,-33.40645935263557],[-70.66344119657467,-33.40646415549499],[-70.6634204572291,-33.40647069477096],[-70.66340058197137,-33.40647890748705],[-70.6633817622103,-33.40648871455084],[-70.66336417918994,-33.40650002151545],[-70.66334800224404,-33.40651271948918],[-70.6633333871654,-33.40652668618419],[-70.66332047470544,-33.406541787094156],[-70.66330938921874,-33.40655787678957],[-70.66330023746528,-33.40657480031834],[-70.66329310758242,-33.406592394698016],[-70.66328806823597,-33.40661049048549],[-70.66328516795883,-33.40662891340855],[-70.66328443468362,-33.40664748604456],[-70.66328587547353,-33.40666602952884],[-70.66328947645441,-33.40668436527741],[-70.66329520294808,-33.406702316706756],[-70.66330299980645,-33.406719710934446],[-70.66331279194252,-33.40673638044419],[-70.6633244850535,-33.406752164698986],[-70.66333796652886,-33.40676691168732],[-70.66335310653497,-33.40678047938708],[-70.66336975926534,-33.4067927371333],[-70.66338776434479,-33.40680356687663],[-70.66340694837412,-33.40681286432021],[-70.6634271265999,-33.406820539924055],[-70.66344810469381,-33.40682651976756],[-70.66346968062425,-33.40683074626121],[-70.6634916466019,-33.40683317870136],[-70.66351379108107,-33.40683379366218],[-70.66352454094906,-33.406833649498346],[-70.66354665066466,-33.406832441055506],[-70.66356851268671,-33.406829420849],[-70.66358991647071,-33.40682461796532],[-70.66361065588532,-33.40681807865915],[-70.66363053119765,-33.40680986590803],[-70.66364935099679,-33.40680005880571],[-70.66366693403718,-33.40678875180048],[-70.66368311098424,-33.406776053785535],[-70.66369772604511,-33.40676208705026],[-70.66371063846894,-33.40674698610254],[-70.66372172390258,-33.40673089637328],[-70.66373087558792,-33.40671397281585],[-70.66373800539023,-33.40669637841373],[-70.66374304464672,-33.406678282610976],[-70.66374594482787,-33.40665985968027],[-70.66374667800469,-33.406641287044614],[-70.66374523711767,-33.406622743568626],[-70.66374163604469,-33.406604407836014],[-70.66373590946738,-33.40658645642966],[-70.66372811253696,-33.40656906223112],[-70.66371832034314,-33.40655239275562],[-70.6637066271909,-33.406536608538865],[-70.66369314569228,-33.40652186159088],[-70.66367800568176,-33.406508293932355],[-70.66366135296599,-33.406496036226656],[-70.66364334791945,-33.406485206521616],[-70.66362416394014,-33.4064759091127],[-70.66360398577947,-33.406468233538554],[-70.6635830077633,-33.406462253718765],[-70.66356143192017,-33.40645802724194],[-70.66353946603604,-33.40645559481115],[-70.66351732165302,-33.40645497985193],[-70.66350657183163,-33.40645512401369]]]}},{"type":"Feature","properties":{"numpos":"30590","TIPO":"TRAFO","TENSION":"MT","INCIDENCIA":"DF202671768690","CLITOTAL":"238","CANTAVISOS":"29","FECHA_INICIO":"02-08-2026 15:15","FECHA_FIN":"","DESCARGO":"","ESTADODESC":" ","ESTADOINC":"Activo","CLI_PLAN":"0","FECHA_INIDESC":"","FECHA_FINDESC":"","FECHA_REPOSICION":"02-08-2026 18:32","id_alim":"2011"},"geometry":{"type":"Polygon","coordinates":[[[-70.74058915674367,-33.46054004532986],[-70.74060996669974,-33.46054645284375],[-70.74063142575098,-33.46055111983915],[-70.74065332723369,-33.460554001370106],[-70.74067546022334,-33.46055506968575],[-70.74069761156572,-33.460554314497664],[-70.74071956792997,-33.460551743078746],[-70.74074111786292,-33.460547380193375],[-70.74076205382575,-33.46054126785885],[-70.74078217419265,-33.46053346494063],[-70.74080128519259,-33.46052404658563],[-70.74081920277561,-33.46051310349823],[-70.7408357543852,-33.46050074106691],[-70.7408507806202,-33.46048707834921],[-70.74086413676993,-33.46047224692516],[-70.7408756942078,-33.46045638962999],[-70.74088534163003,-33.460439659178654],[-70.74089298612758,-33.460422216694916],[-70.74089855408086,-33.460404230159796],[-70.74090199186867,-33.46038587279371],[-70.74090326638455,-33.46036732138823],[-70.74090236535564,-33.46034875460358],[-70.7408992974607,-33.460330351247954],[-70.74089409224655,-33.460312288555485],[-70.74089348756958,-33.46031056558614],[-70.74089322120614,-33.46030981238367],[-70.74088910900753,-33.460298272129734],[-70.74085302413481,-33.46016075327301],[-70.74085264869731,-33.460159299483394],[-70.74084994627823,-33.46015086139144],[-70.74084730291037,-33.460142410168096],[-70.74084707281445,-33.46014188922378],[-70.74084690099123,-33.46014135271906],[-70.7408432248355,-33.460133177279346],[-70.7408396059112,-33.460124983919904],[-70.74083931600411,-33.46012448438789],[-70.74083908226949,-33.46012396458293],[-70.74083446778094,-33.46011613052907],[-70.74082990815293,-33.460108273939994],[-70.74082956122668,-33.460107800631036],[-70.74082926783164,-33.4601073025318],[-70.74082375945062,-33.46009988530967],[-70.74081830303109,-33.4600924411541],[-70.74081790242677,-33.46009199862641],[-70.74081755219694,-33.46009152702988],[-70.74081120297234,-33.46008459807112],[-70.74080490230993,-33.46007763804009],[-70.74080445188561,-33.46007723055544],[-70.74080404819385,-33.4600767900033],[-70.74079691927247,-33.46007041603752],[-70.74078983504603,-33.460064007159474],[-70.74078933913954,-33.460063638642126],[-70.74078888587366,-33.460063233377156],[-70.74078104591106,-33.46005747578895],[-70.74077324634544,-33.46005167978452],[-70.74077270973261,-33.460051353783484],[-70.74077221125782,-33.460050987708556],[-70.74076373575664,-33.46004590194614],[-70.74075529596621,-33.460040774634024],[-70.74075472381494,-33.46004049428884],[-70.74075418493177,-33.460040170929474],[-70.7407451555159,-33.46003580597153],[-70.74073615677979,-33.460031396729995],[-70.7407355546001,-33.46003116474054],[-70.74073498049839,-33.460030887210856],[-70.74072548412633,-33.4600272850943],[-70.7407160131063,-33.46002363638632],[-70.74071538669753,-33.460023454986754],[-70.7407147829061,-33.46002322595948],[-70.74070491103232,-33.460020421374246],[-70.74069505893938,-33.46001756833892],[-70.74069441433416,-33.46001743927622],[-70.7406937866678,-33.460017260957],[-70.74068363436315,-33.46001528091254],[-70.740673496078,-33.460013251026126],[-70.74067283948418,-33.460013175543224],[-70.74067219398766,-33.46001304964937],[-70.74066185902313,-33.460011913214366],[-70.74065153218301,-33.46001072602574],[-70.74065086992401,-33.46001070484962],[-70.74065021281368,-33.46001063259352],[-70.74063979472022,-33.46001035071252],[-70.7406293787774,-33.46001001765485],[-70.74062871723099,-33.460010050989396],[-70.74062805483524,-33.460010033066965],[-70.74061765394437,-33.46001060845466],[-70.7406072492092,-33.46001113273545],[-70.74060659474642,-33.46001122025963],[-70.7406059334444,-33.46001125684343],[-70.74059564992186,-33.46001268395859],[-70.74058535659685,-33.46001406052877],[-70.74058359294901,-33.460014371448224],[-70.74051892485923,-33.460025593680484],[-70.74050625047084,-33.4600105235523],[-70.74048181079269,-33.45992660677392],[-70.74048171957175,-33.459926278589634],[-70.74048143159806,-33.45992521905499],[-70.74043148692239,-33.45973923239486],[-70.74043559807379,-33.45973879566147],[-70.74043831699838,-33.45973827587926],[-70.74044107412104,-33.45973792485702],[-70.74044911929259,-33.45973621078256],[-70.74045721246641,-33.45973466359332],[-70.74045985751525,-33.45973392293573],[-70.74046256031293,-33.45973334708728],[-70.7404703663006,-33.459730980300726],[-70.74047823957508,-33.459728775651975],[-70.74048078527483,-33.459727821251995],[-70.7404834077179,-33.45972702612309],[-70.74049089934545,-33.45972402941804],[-70.74049847689618,-33.459721188541906],[-70.74050089873015,-33.459720029590976],[-70.74050341556304,-33.459719022839224],[-70.7405105206818,-33.45971542507566],[-70.74051772953237,-33.4597119753316],[-70.74052000417683,-33.45971062299116],[-70.740522391161,-33.45970941431215],[-70.74052904134464,-33.45970525013863],[-70.74053581206958,-33.45970122474979],[-70.74053791761844,-33.4596996920437],[-70.74054015176581,-33.45969829307772],[-70.74054628296904,-33.459693602597895],[-70.74055255036266,-33.45968904033106],[-70.74055446653838,-33.45968734202013],[-70.74055652633282,-33.45968576624012],[-70.74056207950875,-33.45968059462607],[-70.7405677832126,-33.459675539418576],[-70.74056949156132,-33.45967369185855],[-70.74057135716588,-33.459671954440175],[-70.74057271711183,-33.45967055558247],[-70.74057298181116,-33.45967028279253],[-70.74071482107811,-33.459523830274556],[-70.74071604851733,-33.45952256770942],[-70.74071605467992,-33.45952256066995],[-70.74072919253558,-33.459507604115714],[-70.74072938207203,-33.4595073369559],[-70.74072959499043,-33.45950709374181],[-70.74073322700914,-33.45950191735035],[-70.74074052358576,-33.45949163250716],[-70.74074083844039,-33.459491069455815],[-70.74074120303028,-33.45949054983825],[-70.74074466594895,-33.45948422476031],[-70.74074993236358,-33.45947480688154],[-70.74075030376802,-33.45947392718891],[-70.74075075337605,-33.45947310597221],[-70.74075352482423,-33.45946629793269],[-70.74075732825835,-33.45945728927923],[-70.74075768409978,-33.459456080704776],[-70.74075768409979,-33.45945608070476],[-70.74075814790797,-33.45945494136342],[-70.74076008133595,-33.45944793876701],[-70.74076264004466,-33.459439248404664],[-70.74076290619499,-33.4594377075343],[-70.74076331065552,-33.45943624263632],[-70.74076437120223,-33.45942922591278],[-70.74076581656831,-33.459420858001586],[-70.74076591825018,-33.459418990427814],[-70.74076618857772,-33.45941720190292],[-70.74076639114719,-33.45941030480719],[-70.74076682723904,-33.45940229517967],[-70.7407666904085,-33.459400115541634],[-70.74076675210814,-33.459398014788846],[-70.74076613977368,-33.4593913442189],[-70.7407656623249,-33.45938373870911],[-70.74076521505097,-33.45938127059169],[-70.74076499545859,-33.4593788784235],[-70.7407636296526,-33.45937252214996],[-70.74076233304605,-33.45936536729872],[-70.74076150686646,-33.459362642992495],[-70.74076093667846,-33.45935998941479],[-70.74076050045343,-33.45935842002059],[-70.74074197530932,-33.45929117126238],[-70.74074489076217,-33.45929039303388],[-70.7407652536802,-33.459283046012786],[-70.74078465938884,-33.45927406140814],[-70.74080292099985,-33.4592635257471],[-70.74081986264346,-33.45925154049443],[-70.74083532116222,-33.459238221075175],[-70.74084472594676,-33.45922834097376],[-70.74085992576896,-33.45923070200996],[-70.7408820149268,-33.459232280804635],[-70.74090418234157,-33.459232037210505],[-70.74092621452759,-33.45922997357362],[-70.74094789930152,-33.45922610976804],[-70.74096902782587,-33.45922048300463],[-70.74098939662032,-33.45921314747255],[-70.7410088095213,-33.45920417381747],[-70.74102707957131,-33.459193648461046],[-70.74104403081931,-33.45918167276882],[-70.74105950001531,-33.4591683620738],[-70.74107333818263,-33.459153844565805],[-70.7410833553786,-33.459140914736686],[-70.74109113893839,-33.459141720265706],[-70.7411133014861,-33.4591421786902],[-70.74113541092198,-33.45914081408942],[-70.74115725431875,-33.459137639605316],[-70.74117862131122,-33.459132685810204],[-70.74119930612245,-33.45912600041211],[-70.74121910954541,-33.45911764779551],[-70.7412378408615,-33.45910770840116],[-70.74125531967738,-33.45909627795141],[-70.74126073881432,-33.45909195444216],[-70.74126306456641,-33.4590939143051],[-70.74128016405886,-33.459105740982395],[-70.74129856421229,-33.45911610586032],[-70.74131808782262,-33.459124909118884],[-70.74133854686599,-33.45913206597746],[-70.74135974430958,-33.45913750751119],[-70.74138147600928,-33.45914118131486],[-70.74140353267565,-33.45914305200757],[-70.74142570188954,-33.459143101573424],[-70.74144777014791,-33.459141329535136],[-70.74146952492005,-33.45913775295855],[-70.74149075669432,-33.45913240628831],[-70.74151126099599,-33.459125341016126],[-70.74153084035652,-33.45911662518487],[-70.7415493062152,-33.459106342733264],[-70.74156648073522,-33.459094592687485],[-70.74158219851635,-33.45908148820746],[-70.74159630818784,-33.45906715549707],[-70.74160867386611,-33.45905173258872],[-70.74161917646353,-33.459035368013936],[-70.74162771483512,-33.459018219373],[-70.74163420675272,-33.459000451817055],[-70.7416385896968,-33.45898223645768],[-70.74164082145852,-33.4589637487189],[-70.74164130096689,-33.458955989462105],[-70.74164130736484,-33.45895397740263],[-70.74164149824895,-33.45895197170756],[-70.74164133689656,-33.45894469016431],[-70.74164136005449,-33.458937407391026],[-70.74164113113467,-33.45893540449452],[-70.74164108655681,-33.45893339277486],[-70.74164007448964,-33.458926159550494],[-70.74163924590053,-33.458918909943115],[-70.74163878386769,-33.45891693549854],[-70.74163850425735,-33.45891493712827],[-70.74163665122266,-33.45890782188264],[-70.74163497886684,-33.45890067525879],[-70.74163428817074,-33.45889874828111],[-70.74163377622088,-33.45889678250556],[-70.74163110006491,-33.45888985376225],[-70.74162860004854,-33.45888287894769],[-70.74162768734107,-33.458881017994734],[-70.7416269479822,-33.458879103745396],[-70.74162347447817,-33.45887242823183],[-70.74162017087829,-33.458865692397744],[-70.74161904494946,-33.4588639153915],[-70.74161808530204,-33.458862071103546],[-70.74161384790206,-33.45885571310832],[-70.7416097725345,-33.45884928112436],[-70.74160844422771,-33.458847605178256],[-70.74160727353379,-33.45884584861318],[-70.74148016207515,-33.45867535198436],[-70.74147673902729,-33.458671225909335],[-70.74147354139208,-33.458666974673534],[-70.74147041447364,-33.45866360241459],[-70.74146750539059,-33.45866009586156],[-70.7414636163318,-33.458656270884006],[-70.74145993696415,-33.458652302828916],[-70.74145643075839,-33.45864920370832],[-70.74145312563512,-33.45864595304347],[-70.74144880801916,-33.45864246599982],[-70.74144468235349,-33.45863881933992],[-70.74144083062721,-33.45863602320381],[-70.74143716129379,-33.45863305973265],[-70.74143245670166,-33.45862994420491],[-70.74142792447037,-33.45862665405933],[-70.74142376431766,-33.45862418783582],[-70.74141976611183,-33.45862154009814],[-70.74141471985138,-33.45861882609044],[-70.74140982470216,-33.45861592414487],[-70.74140539618742,-33.45861381158493],[-70.74140110761402,-33.45861150507977],[-70.74139576828317,-33.458609218729265],[-70.74139055735894,-33.458606732930996],[-70.74138590313125,-33.45860499437968],[-70.74138136549124,-33.458603051319734],[-70.7413757845104,-33.458601214645114],[-70.74137030799506,-33.458599168933596],[-70.74136547287678,-33.45859782113399],[-70.74136072987005,-33.458596260231936],[-70.74135496098702,-33.45859489092136],[-70.74134927162196,-33.458593304997734],[-70.74134430217762,-33.45859236092979],[-70.74133939948172,-33.45859119721793],[-70.74133349825362,-33.45859030845846],[-70.74132765083027,-33.458589197596005],[-70.74132259491822,-33.45858866635159],[-70.74131757974837,-33.458587911037],[-70.74131160300676,-33.458587511387854],[-70.7413056538388,-33.45858688628475],[-70.7413005601499,-33.458586772980006],[-70.74129548080461,-33.45858643333672],[-70.74129337385357,-33.45858646613235],[-70.74129381103664,-33.458583149679576],[-70.74129407422699,-33.45856456884858],[-70.74129216334732,-33.45854605586616],[-70.74128809680184,-33.45852778902227],[-70.74128191375485,-33.4585099442364],[-70.74127367375364,-33.45849269336324],[-70.74126345615488,-33.458476202537646],[-70.74125135936038,-33.45846063057487],[-70.74123749986938,-33.45844612744084],[-70.74122599827975,-33.458436255129044],[-70.74123079972152,-33.458428641951464],[-70.74123918949168,-33.45841144187311],[-70.74124552752265,-33.45839363533126],[-70.74124975277694,-33.458375393812965],[-70.74125182456432,-33.45835689299419],[-70.74125172293374,-33.458338311047974],[-70.74124944886533,-33.45831982692858],[-70.74124502426098,-33.458301618647994],[-70.74123849173327,-33.45828386156168],[-70.74122991419516,-33.458266726679724],[-70.74121937425393,-33.45825037901995],[-70.74120697341574,-33.45823497601876],[-70.74119283110787,-33.458220666014945],[-70.7411770835287,-33.458207586821054],[-70.74116984347663,-33.45820265280546],[-70.74117165403186,-33.458199511386205],[-70.74117929445835,-33.45818206770595],[-70.74118485827346,-33.458164080298154],[-70.74118829189582,-33.45814572239161],[-70.74118956225911,-33.458127170783186],[-70.74118865713044,-33.458108604135],[-70.74118558522805,-33.45809020125392],[-70.7411803761374,-33.458072139369555],[-70.74117308002603,-33.45805459242742],[-70.74116376716059,-33.45803772941378],[-70.74115252722987,-33.458021712728225],[-70.74113946848122,-33.45800669661963],[-70.7411292426143,-33.457997081377556],[-70.74113156942913,-33.457995738911436],[-70.74114851063464,-33.457983753469875],[-70.74116396871604,-33.457970433878124],[-70.74117779480359,-33.45795590841172],[-70.74118985574488,-33.457940316959345],[-70.7412000353871,-33.45792380967577],[-70.74120823569552,-33.457906545535565],[-70.74121437769779,-33.4578886908022],[-70.74121840224423,-33.45787041742681],[-70.74122027057759,-33.457851901392154],[-70.74121996470618,-33.457833321017766],[-70.74121748757709,-33.457814855242816],[-70.74121286304778,-33.457796681902586],[-70.7412061356562,-33.45777897601603],[-70.74119737019194,-33.45776190810017],[-70.74118665107213,-33.45774564252786],[-70.74117408152841,-33.45773033594499],[-70.74115978261287,-33.45771613576173],[-70.74114389203201,-33.45770317873306],[-70.74112656282071,-33.45769158964172],[-70.74110796186844,-33.457681480096376],[-70.74108826831188,-33.45767294745696],[-70.74106767180993,-33.45766607389709],[-70.74104637071709,-33.45766092561247],[-70.74102457017334,-33.45765755218368],[-70.7410024801285,-33.457655986098494],[-70.74098031332045,-33.45765624243914],[-70.74097287915075,-33.457656634801914],[-70.74096642207617,-33.45765724336991],[-70.74095993983711,-33.45765763156107],[-70.74095541268926,-33.45765828098458],[-70.7409508490562,-33.4576587110984],[-70.74094449405936,-33.45765984727138],[-70.74093808860857,-33.45766076613828],[-70.7405191643979,-33.45773876682211],[-70.74051911076869,-33.45773877915027],[-70.74051905596065,-33.45773878703561],[-70.74051772424117,-33.45773903556581],[-70.74051637460259,-33.4577392792845],[-70.74050489585127,-33.457741351894896],[-70.74050178268367,-33.45774193331641],[-70.740389747031,-33.45776355424252],[-70.74038448149757,-33.45776429326294],[-70.74038404246946,-33.45776435525361],[-70.74038192899818,-33.457764655470804],[-70.74037639145169,-33.45776567862105],[-70.74037080173306,-33.45776647797078],[-70.74036870081918,-33.45776686819181],[-70.7401711866876,-33.4578035593931],[-70.74015664308668,-33.45780626123035],[-70.74015454696577,-33.45780665055713],[-70.74015443739005,-33.457806675695174],[-70.74015432542174,-33.45780669180387],[-70.74015229114639,-33.45780707144111],[-70.73993891284195,-33.45784679686268],[-70.739921622125,-33.45785001922289],[-70.73991960007578,-33.457850394787684],[-70.73991949050837,-33.457850419923595],[-70.73991937854838,-33.45785043603087],[-70.73991734139463,-33.45785081620098],[-70.73961903123252,-33.457906359734444],[-70.73959508936512,-33.457910816085054],[-70.73959303861112,-33.457911196975544],[-70.73959303861108,-33.45791119697556],[-70.73959093771239,-33.4579115871793],[-70.73926989308336,-33.457971361887495],[-70.73926469410634,-33.45797231642633],[-70.7392432973501,-33.457977178295856],[-70.73922257215487,-33.45798377467319],[-70.7392027181146,-33.45799204203204],[-70.73918392643372,-33.458001900753686],[-70.73916637808588,-33.4580132558938],[-70.73915024207093,-33.458025998096716],[-70.73913567378752,-33.45804000464865],[-70.73912281353638,-33.45805514065941],[-70.7391117851693,-33.45807126036147],[-70.7391026948962,-33.45808820851373],[-70.73909563026238,-33.45810582189666],[-70.73909065930522,-33.45812393088406],[-70.73908782989906,-33.458142361076646],[-70.73908716929395,-33.45816093498174],[-70.7390886838533,-33.45817947372245],[-70.73909235899241,-33.45819779876047],[-70.73909815931901,-33.458215733615404],[-70.73910602897392,-33.45823310556446],[-70.73911589216908,-33.45824974730591],[-70.73912765391732,-33.458265498570135],[-70.73914120094715,-33.45828020766339],[-70.73915640279355,-33.45829373292843],[-70.73917311305446,-33.45830594410904],[-70.73919117080068,-33.45831672360427],[-70.73921040212576,-33.45832596760119],[-70.73923062182078,-33.458333587074556],[-70.73925163515803,-33.4583395086443],[-70.73927323976649,-33.45834367528213],[-70.73929522758067,-33.45834604686088],[-70.73931738684456,-33.458346600540814],[-70.73933950415095,-33.45834533098971],[-70.73936136649671,-33.458342250434164],[-70.73936685995521,-33.458341241827185],[-70.73936717997327,-33.45834116911117],[-70.7393675086723,-33.45834112196142],[-70.73937983889444,-33.45833882623373],[-70.73943239672913,-33.4585628484382],[-70.73943277405088,-33.45856447043901],[-70.7394334634208,-33.45856681480219],[-70.73943394784786,-33.45856919493903],[-70.73943441337718,-33.458570955941646],[-70.7394345564619,-33.45857149349921],[-70.73952864546042,-33.45892257332286],[-70.73952744659907,-33.45892312995778],[-70.73952219685982,-33.458925307514576],[-70.73951775604138,-33.458927629312115],[-70.73951317763353,-33.45892975507988],[-70.7395083567015,-33.45893254357745],[-70.73950338687999,-33.45893514195321],[-70.73949923895147,-33.45893781741643],[-70.73949493117271,-33.45894030909774],[-70.73949045953592,-33.45894348024285],[-70.7394858174942,-33.45894647441388],[-70.73948200240248,-33.45894947777659],[-70.73947800673886,-33.458952311375434],[-70.73947392746159,-33.458955834628334],[-70.73946965790495,-33.45895919575931],[-70.73946621239128,-33.458962498097755],[-70.73946256732333,-33.45896564632505],[-70.73945891969129,-33.45896948775506],[-70.73945506373788,-33.45897318347658],[-70.7394520209845,-33.45897675298756],[-70.73944876161625,-33.458980185524304],[-70.73944558075824,-33.458984308136436],[-70.73944217554303,-33.4589883028569],[-70.7394395648534,-33.45899210516425],[-70.73943672257445,-33.4589957889533],[-70.73943403912405,-33.45900015304467],[-70.73943111744126,-33.4590044082929],[-70.73942896395793,-33.45900840677838],[-70.73942656614115,-33.459012306343034],[-70.73942440594159,-33.45901686988525],[-70.7394219959289,-33.459021344680885],[-70.73942032039135,-33.459025500836944],[-70.73941839012916,-33.45902957862238],[-70.73941677398463,-33.45903429766617],[-70.73941489885203,-33.459038948914596],[-70.73941371739684,-33.459043222715295],[-70.73941227327903,-33.45904743945026],[-70.73941121675419,-33.459052268548675],[-70.73940989456052,-33.45905705145594],[-70.73940921856604,-33.45906140174236],[-70.73940827450052,-33.45906571681743],[-70.73940778777067,-33.4590706094636],[-70.73940703124971,-33.45907547796778],[-70.73940686722646,-33.45907986284425],[-70.73940643230544,-33.459084234702914],[-70.7394065200584,-33.4590891437781],[-70.73940633649622,-33.45909405099281],[-70.73940668602414,-33.45909842823062],[-70.73940676443647,-33.45910281476951],[-70.73940742582747,-33.45910769299657],[-70.73940781699224,-33.45911259166264],[-70.73940867670552,-33.45911691910656],[-70.73940926769637,-33.4591212780809],[-70.73941049635624,-33.45912607847982],[-70.73941145848121,-33.459130921420396],[-70.73941282010067,-33.4591351573947],[-70.73941391797878,-33.45913944682514],[-70.73941570207518,-33.45914412316541],[-70.73941722589488,-33.45914886374023],[-70.73941907630764,-33.459152967450095],[-70.73942067050014,-33.459157146027],[-70.73942299285153,-33.45916165327282],[-70.73942506369106,-33.459166245827475],[-70.73942738507688,-33.45917017775187],[-70.73942946023107,-33.45917420523316],[-70.73943229847221,-33.45917849997714],[-70.7394348963885,-33.459182900282734],[-70.73943766639138,-33.45918662255496],[-70.7394402025226,-33.45919046015367],[-70.73944352931983,-33.459194501034936],[-70.73944662929375,-33.45919866671397],[-70.73944982123719,-33.45920214348643],[-70.73945279392125,-33.45920575424425],[-70.7394565772359,-33.459209502346816],[-70.73946014941309,-33.459213393281345],[-70.73946373255697,-33.459216591070614],[-70.73946711316542,-33.4592199402139],[-70.7394713165621,-33.459223359441275],[-70.73947532654066,-33.45922693815938],[-70.73947926637743,-33.45922982616892],[-70.73948302235314,-33.45923288144338],[-70.73948760535085,-33.45923593886643],[-70.73949201451246,-33.45923917090293],[-70.7394962730993,-33.45924172131946],[-70.73950036827016,-33.459244453301025],[-70.73950928380826,-33.45924982394235],[-70.73955651849096,-33.459425167446796],[-70.73955678600565,-33.459426427957645],[-70.73965710633072,-33.45979872742573],[-70.73965719119228,-33.45979904111453],[-70.73965752264596,-33.459800261518026],[-70.73965783848693,-33.45980145615468],[-70.73974059119493,-33.4601150162376],[-70.73974107678067,-33.46011685268855],[-70.73974172176463,-33.460118827574554],[-70.73974218464048,-33.46012083802587],[-70.73974269277264,-33.46012258052871],[-70.73974456656805,-33.46012775531736],[-70.73976555447076,-33.46020139487552],[-70.73976449191362,-33.46020250306567],[-70.73975236474114,-33.46021805856002],[-70.73974211502195,-33.46023453547228],[-70.73973384146731,-33.460251775121236],[-70.73972762375713,-33.46026961148],[-70.7397235217725,-33.46028787277498],[-70.73972157501912,-33.46030638314007],[-70.73972180224665,-33.46032496431035],[-70.73972420126816,-33.46034343733902],[-70.73972874898112,-33.4603616243205],[-70.73973540158978,-33.46037935010394],[-70.739744095027,-33.46039644398004],[-70.73975474557119,-33.46041274132491],[-70.73976725065243,-33.460428085185754],[-70.73978148984044,-33.46044232779223],[-70.73979732600425,-33.460455331979695],[-70.73981460663283,-33.460466972510126],[-70.73983316530398,-33.460477137278325],[-70.73985282328691,-33.4604857283915],[-70.73987339126367,-33.46049266311205],[-70.73989467115236,-33.46049787465452],[-70.73990948003332,-33.46050021163723],[-70.73991288793361,-33.46051107449242],[-70.73992060029201,-33.4605284959855],[-70.73993031279606,-33.46054519997251],[-70.7399419319098,-33.46056102558444],[-70.73995534573541,-33.460575820411485],[-70.7399704250907,-33.46058944197079],[-70.73998702475336,-33.46060175907875],[-70.7400049848593,-33.460612653114275],[-70.7400241324424,-33.46062201916131],[-70.74004428310025,-33.460629767019284],[-70.74006524277003,-33.460635822071644],[-70.74008680959754,-33.4606401260046],[-70.74010877588123,-33.46064263736873],[-70.74013093007235,-33.460643331978105],[-70.74015305881258,-33.46064220314325],[-70.74017494898872,-33.46063926173559],[-70.74019638978505,-33.46063453608269],[-70.74021717471382,-33.460628071695524],[-70.74023710360379,-33.46061993083005],[-70.74025598452806,-33.460610191887746],[-70.74027232386084,-33.460599784231846],[-70.7402772550372,-33.46060175818905],[-70.7402981004661,-33.46060808421802],[-70.74031958529096,-33.46061266720779],[-70.74034150259988,-33.46061546302142],[-70.74036364131588,-33.46061644473359],[-70.74038578822962,-33.460615602889845],[-70.74040773005282,-33.460612945597696],[-70.74042925547248,-33.46060849844855],[-70.74045015718575,-33.46060230427117],[-70.74047023389673,-33.46059442271926],[-70.74048929225484,-33.460584929696964],[-70.74050714871706,-33.46057391662777],[-70.74052363131554,-33.46056148957413],[-70.74053858131374,-33.46054776821596],[-70.74055185473522,-33.46053288469798],[-70.74055701928,-33.46052572380899],[-70.74056919629507,-33.460531959005685],[-70.74058915674367,-33.46054004532986]]]}},{"type":"Feature","properties":{"numpos":"50929","TIPO":"TRAFO","TENSION":"MT","INCIDENCIA":"DF202671768690","CLITOTAL":"194","CANTAVISOS":"34","FECHA_INICIO":"02-08-2026 15:15","FECHA_FIN":"","DESCARGO":"","ESTADODESC":" ","ESTADOINC":"Activo","CLI_PLAN":"0","FECHA_INIDESC":"","FECHA_FINDESC":"","FECHA_REPOSICION":"02-08-2026 18:32","id_alim":"2011"},"geometry":{"type":"Polygon","coordinates":[[[-70.74342085323921,-33.459429489612006],[-70.74342278849205,-33.45942911193667],[-70.74342388859087,-33.45942884893858],[-70.74342501202122,-33.45942866805091],[-70.74342595690423,-33.45942847518362],[-70.74373808725066,-33.459367647078686],[-70.74373803918792,-33.45936747380894],[-70.74374512529458,-33.45936620344804],[-70.74374676832096,-33.45936576399802],[-70.74374844912552,-33.459365440120486],[-70.74375732504726,-33.45936294045556],[-70.74376624542982,-33.45936055457504],[-70.74376782915549,-33.45935998225463],[-70.74376946399238,-33.4593595218465],[-70.74377800486437,-33.45935630499734],[-70.743786603289,-33.4593531977319],[-70.74378811246174,-33.459352498052944],[-70.74378968558649,-33.45935190554817],[-70.7437978091551,-33.45934800249502],[-70.74380600281387,-33.45934420376952],[-70.74380742289945,-33.45934338347029],[-70.74380891916199,-33.459342664575104],[-70.74381654719261,-33.45933811290664],[-70.74382425717575,-33.45933365930511],[-70.74382557449796,-33.45933272628564],[-70.74382697948835,-33.459331887923405],[-70.74383403851844,-33.459326731475095],[-70.74384119057466,-33.45932166588826],[-70.74384239244695,-33.45932062913399],[-70.74384369263434,-33.45931967937869],[-70.7438501146819,-33.45931396780994],[-70.74385663993256,-33.45930833902264],[-70.74385771478016,-33.45930720851829],[-70.74385889764314,-33.459306156516504],[-70.74386462086034,-33.45929994483305],[-70.7438704564638,-33.45929380705386],[-70.74387139393542,-33.45929259368674],[-70.7438724480823,-33.45929144956996],[-70.74387741735129,-33.45928479759423],[-70.74388250710794,-33.459278209933274],[-70.74388329817532,-33.45927692538881],[-70.74388421345411,-33.45927570017557],[-70.74388838091848,-33.45926867196983],[-70.74389267581135,-33.45926169787019],[-70.74389331285607,-33.45926035451929],[-70.74389408045224,-33.45925906000904],[-70.74389740597746,-33.459251723258824],[-70.74390086464471,-33.45924442988521],[-70.74390134153177,-33.45924304066514],[-70.74390195405299,-33.45924168932475],[-70.74390440561282,-33.45923411468728],[-70.74390699474611,-33.45922657227886],[-70.74390730688292,-33.45922515056855],[-70.74390775843037,-33.459223755412246],[-70.74390931241544,-33.45921601583555],[-70.7439110070805,-33.459208297029896],[-70.74391115146113,-33.459206856521206],[-70.74391143768625,-33.4592054309851],[-70.74391207913142,-33.45919760100555],[-70.74391286300825,-33.45918978013913],[-70.74391283824234,-33.45918833470498],[-70.74391295638874,-33.459186892517764],[-70.74391267911713,-33.45917904754235],[-70.74391254465714,-33.4591711999344],[-70.7439123509833,-33.45916976349511],[-70.74391229991325,-33.45916831854582],[-70.74391110659573,-33.459160534125914],[-70.74391005509445,-33.45915273535314],[-70.74390969437795,-33.45915132174239],[-70.74390947458343,-33.45914988794672],[-70.74390737671285,-33.459142239050486],[-70.74390541829735,-33.45913456421926],[-70.74390489401222,-33.459133187050845],[-70.74390450761004,-33.45913177821698],[-70.74386749893772,-33.45902185691447],[-70.74380442032471,-33.4587759109221],[-70.7438038117669,-33.458773608023215],[-70.74380187845586,-33.45876650191957],[-70.74380005882902,-33.45875732355065],[-70.74379601456668,-33.45874466575927],[-70.7437579336655,-33.458605139383856],[-70.74375747239955,-33.458603444541076],[-70.74375737077449,-33.45860314074513],[-70.74375730393058,-33.45860283024761],[-70.74375689909226,-33.45860136524553],[-70.74372091888614,-33.458469234893215],[-70.74373327151076,-33.45845670825001],[-70.74374582440427,-33.458441025767186],[-70.74375645115416,-33.458424373185565],[-70.74376504605472,-33.458406916152406],[-70.74377152361173,-33.45838882831691],[-70.74377581939284,-33.45837028960291],[-70.74377789066831,-33.45835148441914],[-70.74377771683619,-33.45833259982479],[-70.7437752996271,-33.4583138236689],[-70.7437706630869,-33.45829534272173],[-70.74376385333761,-33.45827734081687],[-70.74375493811837,-33.458259997022715],[-70.74374400611173,-33.45824348386123],[-70.7437311660614,-33.45822796559178],[-70.74371654569056,-33.458213596577345],[-70.74366086383442,-33.45816410004067],[-70.74360597328337,-33.457962528476905],[-70.74360573325397,-33.457961656529996],[-70.74360540709687,-33.45796048435938],[-70.74360508779854,-33.45795930334673],[-70.74360495904054,-33.45795882991687],[-70.74354132487869,-33.45772622964508],[-70.74354128756153,-33.457726118572396],[-70.74354126324752,-33.457726004993326],[-70.7435000339568,-33.457576137605244],[-70.74357077414673,-33.45756330067534],[-70.74359218481376,-33.45755848245704],[-70.74361292895378,-33.457551928362484],[-70.7436328067884,-33.45754370151164],[-70.74365162688237,-33.457533881134005],[-70.74366920798734,-33.45752256180578],[-70.74368538078737,-33.45750985253882],[-70.74369998952952,-33.45749587573089],[-70.74371289352383,-33.45748076598683],[-70.7437239684983,-33.457464668822304],[-70.74373310779559,-33.457447739262264],[-70.74374022340025,-33.45743014034802],[-70.74374524678625,-33.45741204156707],[-70.7437481295769,-33.45739361722075],[-70.7437488440107,-33.45737504474572],[-70.74374738320864,-33.45735650300505],[-70.74374376124042,-33.457338170565706],[-70.74373801298887,-33.4573202239789],[-70.74373019381399,-33.457302836079734],[-70.74372037901966,-33.45728617432275],[-70.74370866312857,-33.45727039916933],[-70.74369515897172,-33.45725566254226],[-70.74367999660177,-33.45724210636276],[-70.74366332204072,-33.457229861183684],[-70.74364529587346,-33.45721904493222],[-70.74362609170133,-33.45720976177428],[-70.74360589447028,-33.45720210111124],[-70.7435848986897,-33.45719613671909],[-70.74356330655935,-33.45719192603789],[-70.74354132602191,-33.45718950961856],[-70.7435191687607,-33.457188910732455],[-70.7434970481608,-33.45719013514717],[-70.74347517725435,-33.45719317107106],[-70.74328312062032,-33.45722802265997],[-70.74327503834712,-33.45722948930362],[-70.74326724002391,-33.457231244208856],[-70.74325938862674,-33.45723282411998],[-70.74287600875068,-33.45732686589276],[-70.74248263479178,-33.45739617253219],[-70.74248261960443,-33.4573961758678],[-70.7424826041006,-33.45739617794133],[-70.74246183022004,-33.457399840476874],[-70.74221656059167,-33.457443055557434],[-70.74219225371066,-33.45744733851801],[-70.74219225154692,-33.457447338807185],[-70.74202157781266,-33.45747741339348],[-70.74202002646105,-33.45747767987903],[-70.74201932319983,-33.45747783116507],[-70.74201860635971,-33.45747792780378],[-70.7420166563179,-33.45747827372609],[-70.74173461945867,-33.4575279672676],[-70.74170681577057,-33.45753286194867],[-70.74170666738449,-33.45753289451755],[-70.74170663355069,-33.457532899038405],[-70.74149543115081,-33.45757010816206],[-70.74149319733188,-33.45757050334965],[-70.74149126790815,-33.45757084388573],[-70.74125929800337,-33.45761154526846],[-70.74125538281751,-33.457612402256316],[-70.74125141152186,-33.45761305304478],[-70.7412459575904,-33.45761418222707],[-70.74122472227197,-33.45761951797105],[-70.74120421314788,-33.45762657268488],[-70.74118462773124,-33.45763527842824],[-70.74116615463961,-33.457645551360564],[-70.74114897177847,-33.45765729254847],[-70.74113324462793,-33.45767038891843],[-70.74111912464909,-33.45768471434584],[-70.74110674782537,-33.45770013086955],[-70.74109623335296,-33.457716490020545],[-70.74108768249275,-33.457733634251674],[-70.74108117759522,-33.45775139845499],[-70.74107678130726,-33.45776961155185],[-70.74107453596883,-33.4577880981403],[-70.74107446320514,-33.45780668018449],[-70.74107656371832,-33.457825178729124],[-70.74108081728065,-33.45784341562293],[-70.74108718292925,-33.45786121523445],[-70.74109559936059,-33.45787840614331],[-70.74110598552073,-33.4578948227912],[-70.74111824138608,-33.45791030707637],[-70.74113224892642,-33.45792470987612],[-70.74114787324169,-33.457937892483045],[-70.74116496386115,-33.45794972794087],[-70.74118335619251,-33.4579601022671],[-70.74120287310694,-33.4579689155508],[-70.74122332664511,-33.45797608291478],[-70.74124451982728,-33.457981535333],[-70.74126624855028,-33.457985220295434],[-70.7412793058546,-33.45798633451408],[-70.74126275814673,-33.45799653749333],[-70.74124627380354,-33.45800896246557],[-70.7412313217728,-33.458022681932626],[-70.74121804605093,-33.45803756376907],[-70.74120657449082,-33.45805346465526],[-70.74119701757056,-33.45807023145743],[-70.74118946732943,-33.45808770270252],[-70.74118399648147,-33.45810571013323],[-70.7411806577152,-33.4581240803284],[-70.7411794831861,-33.458142636373154],[-70.74118048420691,-33.45816119956262],[-70.74118365113861,-33.45817959112304],[-70.74118895348325,-33.45819763393345],[-70.74119634017757,-33.45821515423142],[-70.74120574008467,-33.45823198328647],[-70.7412170626792,-33.458247959025165],[-70.74123019891897,-33.45826292759188],[-70.74124502229517,-33.45827674483056],[-70.74126139005071,-33.45828927767309],[-70.74127914455495,-33.45830040542075],[-70.74129811482186,-33.45831002090673],[-70.74131811815674,-33.458318031528144],[-70.7413389619156,-33.45832436013793],[-70.74136044536056,-33.45832894578775],[-70.74138236159304,-33.45833174431508],[-70.74140449954643,-33.45833272876846],[-70.74141606201559,-33.4583322906818],[-70.7414106909001,-33.45833354664673],[-70.74139002391789,-33.45834027026311],[-70.7413702426925,-33.45834865945861],[-70.74135153772718,-33.45835863344114],[-70.74133408916042,-33.45837009615637],[-70.74131806503117,-33.45838293721263],[-70.74130361966057,-33.458397032944134],[-70.74129089216568,-33.45841224760181],[-70.74128000511976,-33.45842843466074],[-70.74127106337177,-33.45844543823113],[-70.74126415303661,-33.45846309455975],[-70.74125934066575,-33.458481233606726],[-70.7412566726062,-33.458499680683396],[-70.74125617455421,-33.45851825813439],[-70.7412578513077,-33.458536787048665],[-70.74126168671995,-33.458555088982564],[-70.74126764385514,-33.458572987678195],[-70.74127566534395,-33.45859031076097],[-70.74127882722148,-33.45859554885606],[-70.74127182260155,-33.45859920943844],[-70.7412543902524,-33.45861042918254],[-70.74123834116803,-33.458623015746106],[-70.74122382726446,-33.45863684998885],[-70.74121098592647,-33.458651800960254],[-70.74119993870701,-33.45866772713919],[-70.74119079017665,-33.4586844777734],[-70.74118362693372,-33.45870189430647],[-70.74117851678456,-33.45871981187875],[-70.74117550810162,-33.458738060887775],[-70.74117462936555,-33.45875646859364],[-70.74117588889561,-33.458774860754254],[-70.74117927477073,-33.4587930632745],[-70.74118475494248,-33.45881090385421],[-70.74119227753825,-33.458828213619185],[-70.74120177135227,-33.45884482871971],[-70.74125899424016,-33.458933610026754],[-70.74127047605002,-33.45894950577179],[-70.74128376139943,-33.458964381656855],[-70.74129872234354,-33.458978094418526],[-70.74131521480034,-33.45899051199478],[-70.74133307993826,-33.459001514797045],[-70.7413521457058,-33.45901099686177],[-70.74137222848847,-33.45901886687101],[-70.74139313487717,-33.459025049031865],[-70.74141466353083,-33.459029483806425],[-70.7414366071155,-33.45903212848514],[-70.74145875430112,-33.45903295759822],[-70.74148089179681,-33.45903196316082],[-70.74150280640498,-33.45902915475005],[-70.74152428707468,-33.45902455941262],[-70.74154512693413,-33.459018221404484],[-70.74156512528306,-33.4590102017645],[-70.74158408952562,-33.459000577726684],[-70.74160183702516,-33.4589894419763],[-70.74161819686326,-33.458976901757275],[-70.74163301148563,-33.45896307783936],[-70.7416461382196,-33.45894810335499],[-70.74165745064793,-33.458932122517176],[-70.74166683982655,-33.45891528923061],[-70.74167357931547,-33.45889927673815],[-70.74172488681033,-33.45889031314866],[-70.74173230177813,-33.45890065973976],[-70.74174552528116,-33.458915574281356],[-70.7417604291961,-33.458929330593946],[-70.74177686999023,-33.458941796196115],[-70.74179468932951,-33.458952851036734],[-70.7418137156035,-33.45896238865113],[-70.74183376557808,-33.45897031718635],[-70.74185464616012,-33.458976560285876],[-70.74187615625708,-33.45898105782491],[-70.74189808871373,-33.45898376648945],[-70.74192023230715,-33.45898466019349],[-70.74194237378109,-33.45898373033012],[-70.74196429989965,-33.458980985854545],[-70.74198579950102,-33.458976453197785],[-70.74200666553106,-33.45897017601212],[-70.74202669703752,-33.45896221475066],[-70.74204570110514,-33.45895264608519],[-70.74206349471379,-33.45894156216771],[-70.74207990650093,-33.45892906974297],[-70.74209477841202,-33.45891528912043],[-70.74210796722261,-33.45890035301556],[-70.74211934591767,-33.458884405271775],[-70.74212880491488,-33.45886759947505],[-70.74213625311987,-33.4588500974748],[-70.74214161880342,-33.458832067825156],[-70.74214485029232,-33.45881368416179],[-70.74214518913627,-33.45880778535559],[-70.74218978210821,-33.45879947169518],[-70.74222776024602,-33.45894006915457],[-70.74222784041243,-33.45894036483569],[-70.74222831700811,-33.458942116193114],[-70.7422292303262,-33.45894484669045],[-70.74222991939757,-33.458947623031705],[-70.7422304594831,-33.45894936539855],[-70.7422306396976,-33.458949943044125],[-70.74227361208446,-33.459086801233106],[-70.74233267220097,-33.45930889865939],[-70.74233428549998,-33.459401645734054],[-70.74233494315214,-33.45941029225227],[-70.74233554042533,-33.45941900735362],[-70.74233565095368,-33.45941959810937],[-70.74233569598928,-33.45942019021726],[-70.74233736106814,-33.45942873838596],[-70.74233897510031,-33.45943736511677],[-70.7423391542343,-33.45943794412606],[-70.7423392682623,-33.459438529521975],[-70.74234192420953,-33.459446897432],[-70.74234453997838,-33.45945535229943],[-70.74234478602504,-33.45945591395506],[-70.74234496791736,-33.459456487030465],[-70.74234858876953,-33.45946459455417],[-70.74235218146784,-33.45947279567491],[-70.74235249208016,-33.45947333453436],[-70.74235274006486,-33.45947388980179],[-70.74235729071145,-33.459481659341236],[-70.74236182597804,-33.45948952725356],[-70.74236219817705,-33.45949003809327],[-70.74236250985578,-33.45949057023731],[-70.74236794637928,-33.459497927446975],[-70.74237338062787,-33.45950538590064],[-70.74237381083144,-33.459505863767845],[-70.7423741832025,-33.459506367694836],[-70.74238045329818,-33.45951324217384],[-70.74238673414033,-33.45952021888819],[-70.7423872181981,-33.4595206591503],[-70.74238764768485,-33.459521130035704],[-70.74239469115501,-33.45952745598207],[-70.74240175791411,-33.459533883365864],[-70.74240229114828,-33.459534281756596],[-70.74240277363285,-33.459534715089916],[-70.7424105229538,-33.45954043191468],[-70.74241830726214,-33.45954624773672],[-70.7424203578141,-33.45954763458166],[-70.74243877294718,-33.45955885378183],[-70.74245844174116,-33.45956846248858],[-70.74247916444702,-33.459576363119304],[-70.74250073061239,-33.45958247543795],[-70.74252292121884,-33.459586737369975],[-70.74254551090623,-33.4595891056327],[-70.74256827026143,-33.45958955617491],[-70.7425909681482,-33.45958808442113],[-70.74261337405463,-33.45958470531799],[-70.74283841309325,-33.459540851731596],[-70.74285269692238,-33.4595374409107],[-70.74309701996786,-33.459492459797765],[-70.74311227786406,-33.45949009213616],[-70.74342085323921,-33.459429489612006]],[[-70.74297565684331,-33.457696288204964],[-70.74297775815246,-33.45769591624719],[-70.7429945290938,-33.45769238051792],[-70.74306368713111,-33.45767541637974],[-70.74308233969155,-33.45774321922747],[-70.74307922859447,-33.457748247678424],[-70.74303143043875,-33.45775848543798],[-70.74302944679141,-33.457758909759555],[-70.74302742902992,-33.45775934038114],[-70.74296519534884,-33.457772669391645],[-70.74295339912133,-33.45776483882725],[-70.74293780717504,-33.45770295746862],[-70.74297333649717,-33.45769669766789],[-70.74297551565456,-33.45769631315762],[-70.74297558552247,-33.45769629779327],[-70.74297565684331,-33.457696288204964]],[[-70.74313899988003,-33.45812631582312],[-70.74314098483882,-33.45812589220177],[-70.74314104468588,-33.45812587677207],[-70.74314110604232,-33.45812586630509],[-70.7431431842819,-33.45812542174892],[-70.7431844969185,-33.45811657309497],[-70.74321164007898,-33.45821625122161],[-70.74310458666729,-33.45823740489681],[-70.74310447541484,-33.45823743177258],[-70.74310436157683,-33.45823744947638],[-70.74308053775798,-33.45824217861818],[-70.74305435204042,-33.45814444545344],[-70.74313899988003,-33.45812631582312]],[[-70.7425610934514,-33.458342710122],[-70.74251146384397,-33.45815898300513],[-70.7425113940078,-33.458158725308486],[-70.74251091787848,-33.458156974041096],[-70.74251091755053,-33.458156973059886],[-70.74251091733888,-33.45815697205647],[-70.74251047623846,-33.45815534971057],[-70.74244063833883,-33.45789680729432],[-70.74244028822254,-33.457895489647534],[-70.74243993742591,-33.45789416201531],[-70.74241422402862,-33.45779520889332],[-70.7424956662505,-33.457780859218204],[-70.74252373710289,-33.45789226904775],[-70.74252441147408,-33.45789485594216],[-70.74252841287152,-33.45790970666616],[-70.74252870296431,-33.457911169956525],[-70.74252917540952,-33.45791264173281],[-70.74258910469545,-33.45813628599538],[-70.74258952465763,-33.45813786688835],[-70.74258967195613,-33.45813831618171],[-70.74258976869848,-33.45813877502034],[-70.74259016710084,-33.45814024075089],[-70.74263668253737,-33.45831385414224],[-70.74262777347921,-33.45833049711422],[-70.7425610934514,-33.458342710122]],[[-70.74285498515714,-33.45914928809112],[-70.7427578803277,-33.45916716550555],[-70.74271410952457,-33.45900256699873],[-70.74271388429315,-33.45900172897884],[-70.74271340850284,-33.458999977245675],[-70.74271247101537,-33.458997170032276],[-70.74271176121835,-33.45899431626975],[-70.74271122030753,-33.458992574283386],[-70.74271106398767,-33.4589920736675],[-70.74266804479596,-33.45885506858463],[-70.74263090146617,-33.45871756418918],[-70.74272205188298,-33.45870086921987],[-70.74273325094323,-33.45870310051164],[-70.74274120455779,-33.458704007340465],[-70.7427706073038,-33.45881402854967],[-70.7427707775078,-33.45881466036165],[-70.7427757658926,-33.45883303136822],[-70.7428110721247,-33.45896467879499],[-70.74285498515714,-33.45914928809112]],[[-70.74331824449847,-33.45906068107379],[-70.74331793579893,-33.459060741509575],[-70.74329566584274,-33.45906511523215],[-70.74327224383862,-33.45896665188234],[-70.74332056777641,-33.458956829379744],[-70.7433209284661,-33.458956755801466],[-70.74332133076993,-33.45895667344068],[-70.74332164358835,-33.45895661363005],[-70.74338551491664,-33.45894444943433],[-70.74341069867374,-33.459042643780016],[-70.74332249262135,-33.45905983331171],[-70.74332020024211,-33.45906029062402],[-70.74331922101659,-33.45906049050103],[-70.74331824449847,-33.45906068107379]],[[-70.74211995272012,-33.45842453154829],[-70.74203857992461,-33.45843970222317],[-70.74201647220994,-33.45833536382335],[-70.74201576360707,-33.45833276702117],[-70.74201567236175,-33.458332237203805],[-70.74201529708262,-33.45833096031997],[-70.74201454527808,-33.458327292669225],[-70.74197312565182,-33.458171483613114],[-70.74197268092468,-33.4581698037726],[-70.74197266553254,-33.45816975668996],[-70.74197265569067,-33.4581697085737],[-70.74197219060187,-33.45816795609025],[-70.74192239226055,-33.45798036571293],[-70.74192214980599,-33.457979625741395],[-70.74189874883734,-33.45788602912147],[-70.74197207041227,-33.45787311022145],[-70.74199856748028,-33.45797508112555],[-70.74199873692386,-33.45797572777015],[-70.74199920210306,-33.45797748833052],[-70.74199923752579,-33.45797759686167],[-70.74199926024369,-33.45797770775799],[-70.74199972585866,-33.45797946011178],[-70.74199989993588,-33.45798010986904],[-70.74206985948516,-33.45823910744292],[-70.74206993000064,-33.45823936764632],[-70.74207040615906,-33.4582411189661],[-70.74207084701771,-33.45824274053307],[-70.74211995272012,-33.45842453154829]]]}},{"type":"Feature","properties":{"numpos":"50930","TIPO":"TRAFO","TENSION":"MT","INCIDENCIA":"DF202671768690","CLITOTAL":"216","CANTAVISOS":"25","FECHA_INICIO":"02-08-2026 15:15","FECHA_FIN":"","DESCARGO":"","ESTADODESC":" ","ESTADOINC":"Activo","CLI_PLAN":"0","FECHA_INIDESC":"","FECHA_FINDESC":"","FECHA_REPOSICION":"02-08-2026 18:32","id_alim":"2011"},"geometry":{"type":"Polygon","coordinates":[[[-70.74531498999146,-33.459070798702385],[-70.74556077878188,-33.45902180925137],[-70.74556628828401,-33.459031216083666],[-70.74557796144067,-33.45904701358234],[-70.74559142572879,-33.45906177597469],[-70.74560655148022,-33.45907536109021],[-70.74562319302578,-33.45908763809625],[-70.74564119009803,-33.459098488757995],[-70.74566036937487,-33.459107808577095],[-70.74568054614866,-33.459115507798145],[-70.74570152610508,-33.459121512273015],[-70.74572310719458,-33.45912576417505],[-70.74574508157819,-33.45912822255587],[-70.74576723762928,-33.45912886373982],[-70.74578936197157,-33.45912768155198],[-70.74581124153421,-33.459124687377546],[-70.74583266560373,-33.459119910052294],[-70.7458534278535,-33.4591133955848],[-70.74587332833067,-33.45910520671337],[-70.74589217538202,-33.45909542230175],[-70.74590978749953,-33.45908413657972],[-70.74592599506862,-33.45907145823554],[-70.74594064200149,-33.4590575093691],[-70.74595358724038,-33.45904242431625],[-70.74596470611613,-33.459026348354726],[-70.74597389154856,-33.459009436305365],[-70.74598105507792,-33.45899185104079],[-70.74598612771665,-33.45897376191705],[-70.74598906061374,-33.458955343142485],[-70.7459898255251,-33.45893677210005],[-70.74598841508565,-33.458918227639046],[-70.74598484288005,-33.45889988835261],[-70.74592851486187,-33.45867937699029],[-70.745928354784,-33.45867857401955],[-70.74592756887007,-33.45867555246338],[-70.74588054117325,-33.4584898863117],[-70.74587848098342,-33.458482611702934],[-70.74587815407914,-33.458481214515146],[-70.74587742269748,-33.45847788268077],[-70.74587727135399,-33.45847744175073],[-70.74587687634995,-33.458475753504565],[-70.74587251610629,-33.4584635876219],[-70.7458712932624,-33.4584600249388],[-70.74587084580956,-33.45845892718548],[-70.74587049812502,-33.458457957081315],[-70.74587021540017,-33.458457380577705],[-70.74580233036811,-33.45829083523603],[-70.7458016733602,-33.45828796739782],[-70.74575806376605,-33.45813781960203],[-70.74575741388523,-33.45813545543222],[-70.74575709688888,-33.458134515670025],[-70.74575687938088,-33.45813355568461],[-70.74570096967447,-33.45793933650172],[-70.74570067758492,-33.45793833383089],[-70.74570046531174,-33.457937613672854],[-70.74569898616193,-33.45793185732496],[-70.74569866911327,-33.45793086326806],[-70.74569845669302,-33.45792984982312],[-70.74569799408432,-33.45792813992076],[-70.74561639045083,-33.45762574209385],[-70.74561588664206,-33.457623879758835],[-70.74561585086934,-33.4576237722887],[-70.74561582768177,-33.457623662419785],[-70.74561536979897,-33.457621979157366],[-70.74555660284943,-33.457405197454605],[-70.7455563279418,-33.45740419594808],[-70.74555599134224,-33.45740298474479],[-70.74555566140755,-33.457401765215074],[-70.74555537165024,-33.45740070823576],[-70.74550674835652,-33.457225637957436],[-70.74550638525366,-33.45722430331949],[-70.7455058471091,-33.45722269411526],[-70.74550546515677,-33.45722105383783],[-70.74550285640501,-33.45721375106437],[-70.74550040171982,-33.45720641086],[-70.74549967799283,-33.457204853617945],[-70.74549910607237,-33.457203252619706],[-70.74549565592622,-33.4571961993435],[-70.74549235472789,-33.45718909615867],[-70.74549145238845,-33.457187605875845],[-70.74549069600785,-33.457186059575236],[-70.74548843383894,-33.457182481248914],[-70.74549905609133,-33.457170253289],[-70.74551028589106,-33.457154231699135],[-70.74551958811224,-33.45713736462621],[-70.74552687317035,-33.45711981450982],[-70.7455320709074,-33.45710175036741],[-70.74553513126764,-33.45708334616683],[-70.74553602477943,-33.45706477915069],[-70.74553474283917,-33.45704622812951],[-70.74553129779403,-33.457027871759664],[-70.74552572282295,-33.45700988682276],[-70.74551807161717,-33.456992446523316],[-70.74550841786298,-33.4569757188205],[-70.74549685453213,-33.45695986481079],[-70.74548349298644,-33.45694503717641],[-70.74546846190518,-33.45693137871504],[-70.74545190604594,-33.456919020964534],[-70.74543398485051,-33.45690808293622],[-70.7454148709093,-33.456898669968794],[-70.7453947482993,-33.456890872713764],[-70.74537381081132,-33.45688476626255],[-70.74535226008366,-33.45688040942332],[-70.74533030366037,-33.45687784415459],[-70.74530815299245,-33.45687709516114],[-70.74528602140158,-33.45687816965623],[-70.74526412202567,-33.45688105729202],[-70.74499768856754,-33.45692751916878],[-70.74499750399156,-33.456927559367244],[-70.74499731565382,-33.45692758447375],[-70.74498857290298,-33.45692912196203],[-70.7449883772802,-33.45692916460037],[-70.74498818917434,-33.45692918973555],[-70.74471278282869,-33.45697804051914],[-70.74471116595859,-33.456978397605916],[-70.74470951922497,-33.456978640574036],[-70.74470121415425,-33.45698022161418],[-70.74446751100345,-33.45701736351132],[-70.74446025053606,-33.45701883003012],[-70.74426319745768,-33.45705398117863],[-70.7442556539058,-33.457055075206824],[-70.74423990997788,-33.457058031967556],[-70.74396240789507,-33.457109487073524],[-70.74396079646016,-33.45710985623639],[-70.7439591530139,-33.457110111749266],[-70.74375740113265,-33.45715015144219],[-70.74375694801252,-33.45715021589044],[-70.74374421002632,-33.45715257181364],[-70.74348532187422,-33.45719153810247],[-70.74346372060795,-33.457195715734045],[-70.7434427118705,-33.4572016479865],[-70.74342249798639,-33.457209277729355],[-70.74340327362555,-33.45721853148446],[-70.74338522392839,-33.457229320133635],[-70.74336852272297,-33.457241539776845],[-70.7433533308509,-33.457255072732806],[-70.74333979461834,-33.45726978867233],[-70.74332804438703,-33.45728554587344],[-70.74331819331876,-33.457302192586155],[-70.74331033628556,-33.45731956849395],[-70.74330454895609,-33.45733750625768],[-70.7433008870667,-33.45735583312716],[-70.7432993858847,-33.457374372604704],[-70.74330005986866,-33.4573929461451],[-70.74330290252917,-33.4574113748749],[-70.74330788649115,-33.45742948131515],[-70.74331496375756,-33.457447091090664],[-70.74332406617152,-33.457464034609295],[-70.74333510607269,-33.45748014869525],[-70.74334797714145,-33.457495278160515],[-70.74336255542276,-33.45750927729954],[-70.74337870051993,-33.45752201129239],[-70.74339625694672,-33.45753335750318],[-70.74341505562474,-33.45754320666113],[-70.74343491551178,-33.45755146391301],[-70.7434556453454,-33.457558049736505],[-70.74347704548491,-33.45756290070622],[-70.7434907252577,-33.457564821123775],[-70.74356495541603,-33.457845638682954],[-70.74356500716615,-33.45784583396791],[-70.74356544793231,-33.457847493107785],[-70.74356588899026,-33.45784916124241],[-70.7436072084191,-33.45800542770255],[-70.74360754583228,-33.45800673412309],[-70.74360771902307,-33.458007274855916],[-70.74360783203909,-33.45800782666404],[-70.74360827188404,-33.45800948232961],[-70.74364117561423,-33.458133949670234],[-70.74352217262162,-33.458156575150475],[-70.74351945675897,-33.45815711739776],[-70.74350759469726,-33.45815929607868],[-70.74348619837168,-33.45816415930973],[-70.74346547376547,-33.45817075700285],[-70.74344562046689,-33.45817902561902],[-70.74342682967331,-33.458188885527456],[-70.74340928234977,-33.45820024177237],[-70.74339314748629,-33.458212984987505],[-70.74337858047038,-33.45822699244927],[-70.74336572159062,-33.45824212925877],[-70.74335469468555,-33.45825824964072],[-70.74334560595106,-33.45827519834754],[-70.74333854291758,-33.458292812154305],[-70.74333357360712,-33.45831092143075],[-70.74333074587811,-33.458329351774836],[-70.74333008696453,-33.45834792569237],[-70.7433316032134,-33.458366464306394],[-70.74333528002384,-33.458384789079794],[-70.74334108198741,-33.45840272353471],[-70.74334895322923,-33.45842009495226],[-70.74335881794592,-33.45843673603575],[-70.74337058113566,-33.45845248652198],[-70.74338412951306,-33.45846719472464],[-70.74339933260015,-33.458480718995084],[-70.74341604398292,-33.458492929086646],[-70.74343410272138,-33.458503707408916],[-70.74345333489946,-33.45851295016023],[-70.74347355530008,-33.45852056832735],[-70.74349456918874,-33.45852648854278],[-70.74351617418907,-33.45853065379128],[-70.74353816223183,-33.458533023959056],[-70.7435603215588,-33.458533576219956],[-70.74358243876216,-33.458532305255446],[-70.74360430083982,-33.45852922330569],[-70.74361604783385,-33.458527065757025],[-70.74361787972263,-33.45852673322314],[-70.74362130267825,-33.45852596272236],[-70.7436220967507,-33.45852583088336],[-70.74362211479948,-33.45852589757976],[-70.74373892470359,-33.45850368904184],[-70.74376884918927,-33.4586168953507],[-70.74376931757531,-33.458618666810054],[-70.74376978319194,-33.4586204277934],[-70.7438242953264,-33.45882659713785],[-70.74382476106918,-33.458828358589194],[-70.74382602715936,-33.45883223546972],[-70.74382703363857,-33.4588361654454],[-70.74382758476271,-33.458837898171296],[-70.74382771185729,-33.45883829601588],[-70.74386577214732,-33.458956919606834],[-70.74381473936701,-33.458966719170554],[-70.74381473936701,-33.45896671917055],[-70.74381473561044,-33.45896671973077],[-70.74380759742074,-33.458968090129154],[-70.7436400297662,-33.4589980085858],[-70.74361859973132,-33.459002767042726],[-70.74359782933159,-33.45900926321851],[-70.74357791859632,-33.45901743455183],[-70.74355905927595,-33.45902720234876],[-70.74354143299547,-33.4590384725406],[-70.7435252095053,-33.459051136589814],[-70.74351054504645,-33.45906507253526],[-70.74349758084593,-33.459080146166755],[-70.74348644175653,-33.45909621231746],[-70.74347723505454,-33.45911311626209],[-70.74347004940645,-33.459130695206795],[-70.74346495401514,-33.45914877985704],[-70.74346199795326,-33.459167196048],[-70.74346120969065,-33.45918576642178],[-70.7434625968201,-33.459204312135526],[-70.74346614598416,-33.459222654583755],[-70.74347182300376,-33.45924061711846],[-70.74347957320725,-33.45925802675025],[-70.74348932195697,-33.45927471581448],[-70.74350097536794,-33.459290523585864],[-70.74351442121198,-33.45930529782635],[-70.74352952999861,-33.459318896251396],[-70.74354615622198,-33.45933118790015],[-70.74356413976228,-33.459342054396735],[-70.74358330742766,-33.45935139109034],[-70.74360347462229,-33.459359108063005],[-70.74362444712413,-33.459365130995685],[-70.7436460229554,-33.459369401883905],[-70.74366799432778,-33.459371879596496],[-70.74369014964357,-33.45937254027158],[-70.7437122755336,-33.45937137754654],[-70.74373415891208,-33.45936840261914],[-70.74390341549075,-33.45933818258293],[-70.74390678089192,-33.45933755913375],[-70.74390678174085,-33.45933755900716],[-70.74391560242435,-33.459335865761446],[-70.74391560610688,-33.45933586489312],[-70.74391560708808,-33.45933586470475],[-70.74391561053359,-33.45933586389226],[-70.74391561782514,-33.459335862804586],[-70.74425930223933,-33.459269866339405],[-70.74425932226555,-33.45926986161602],[-70.74425934274691,-33.45926985855753],[-70.74426906365906,-33.459267990293355],[-70.74427002111327,-33.45926776430864],[-70.7442709988107,-33.45926761085841],[-70.74440762077809,-33.459240290777096],[-70.74463232811479,-33.45919830937388],[-70.74463314279458,-33.459198121565684],[-70.74463397442067,-33.459197996381235],[-70.74478593601282,-33.459168604796666],[-70.74478600287745,-33.45916858893086],[-70.74478607126795,-33.45916857859959],[-70.74479678112593,-33.45916650133848],[-70.74504404629563,-33.459121059376166],[-70.74504405862027,-33.459121056573466],[-70.74504407121312,-33.45912105479561],[-70.74529166265222,-33.459075527772185],[-70.74529237259887,-33.45907540505089],[-70.74529743053765,-33.45907431138093],[-70.74530254939656,-33.45907343929158],[-70.74530456658728,-33.45907300825947],[-70.74531420109336,-33.45907095436546],[-70.74531498999146,-33.459070798702385]],[[-70.74498763513566,-33.457316378363366],[-70.74508493704353,-33.45737711515949],[-70.74511519051413,-33.457486045963726],[-70.745115523791,-33.457487277869824],[-70.74511570190403,-33.45748781297669],[-70.7451158204102,-33.457488359567584],[-70.74511616813214,-33.457489610815664],[-70.74517481682163,-33.45770596027373],[-70.74517530034612,-33.45770773805364],[-70.74517573424009,-33.45770934186589],[-70.74520976138132,-33.45783543855563],[-70.74517191605864,-33.45784180498058],[-70.74515086018641,-33.4578462389129],[-70.74514962195481,-33.45784660871149],[-70.74503393142781,-33.45786855636699],[-70.74499214887787,-33.45772016993489],[-70.7449917347412,-33.4577186802492],[-70.74499158281203,-33.45771823406832],[-70.74499148112427,-33.45771777796544],[-70.74499103704453,-33.45771621522596],[-70.74492299379567,-33.457474570538324],[-70.74489465448754,-33.45734202211419],[-70.74490086066875,-33.45733177018284],[-70.74498763513566,-33.457316378363366]],[[-70.7442264599204,-33.45854179768397],[-70.74422694233297,-33.4585435330025],[-70.74422742928934,-33.45854528466583],[-70.7442746314543,-33.45871490208028],[-70.74427511252547,-33.458716632565796],[-70.74427559948258,-33.45871838422396],[-70.74431754944376,-33.45886912149917],[-70.74430768709183,-33.45887096404187],[-70.74430616813964,-33.45887131420286],[-70.7442647978193,-33.45874237616108],[-70.74421088711237,-33.45853848532854],[-70.74421042136123,-33.45853672386994],[-70.7442099571244,-33.45853496813786],[-70.74417952209828,-33.458419832603646],[-70.74419186970661,-33.45841747043062],[-70.7442264599204,-33.45854179768397]],[[-70.74473353689613,-33.458450383957455],[-70.74473390649023,-33.458451684579344],[-70.74473426796354,-33.45845298483227],[-70.74473441389299,-33.45845350641449],[-70.74479010531945,-33.45865129946415],[-70.7447902130107,-33.458651680178264],[-70.74479061036907,-33.45865307849695],[-70.74479099840764,-33.45865446763159],[-70.74479108984835,-33.45865479367964],[-70.7448245684088,-33.45877369508981],[-70.7447882561822,-33.458780368475885],[-70.74475146798193,-33.45876125422977],[-70.74471561280684,-33.458632419408396],[-70.744715131958,-33.45863068975369],[-70.74471464499,-33.458628938087934],[-70.74466744203123,-33.45845932087052],[-70.74466696095507,-33.458457590390466],[-70.74466647399025,-33.45845583872816],[-70.74463893721145,-33.45835686536642],[-70.74464124802321,-33.4583563817448],[-70.74466212680137,-33.45835013481445],[-70.74468217453783,-33.4583422026029],[-70.74470049354865,-33.458333014893256],[-70.74473342782207,-33.45844999832986],[-70.74473353689613,-33.458450383957455]],[[-70.74528229699429,-33.45868805163743],[-70.74526185494686,-33.45867803908943],[-70.74523086237453,-33.458567968779235],[-70.7452304211279,-33.45856638919405],[-70.74523030166921,-33.45856603978321],[-70.74523022200988,-33.45856568249385],[-70.74522977835903,-33.458564121297734],[-70.74517421302495,-33.45836677958017],[-70.74517379857681,-33.45836528879873],[-70.74517364664355,-33.458364842612504],[-70.74517354495262,-33.458364386504044],[-70.74517310200144,-33.45836282776192],[-70.74513771912635,-33.45823714904237],[-70.7452420322911,-33.45821735977005],[-70.74524919221406,-33.45821632915446],[-70.74525468718207,-33.45821561349385],[-70.7452562678193,-33.45821543322452],[-70.74525663852445,-33.45821535935237],[-70.74525837031942,-33.45821513380459],[-70.74526011323313,-33.458214757157236],[-70.745261887173,-33.45821450181205],[-70.74526397734697,-33.45821411158558],[-70.74527087559916,-33.45821252226306],[-70.74527783570501,-33.45821113528913],[-70.74528155780676,-33.45821006113538],[-70.74528535355923,-33.458209186612585],[-70.74528671641637,-33.458208748237595],[-70.7453125049472,-33.45820441002454],[-70.74531740532775,-33.45822143322721],[-70.74531810749299,-33.45822398764641],[-70.74531848724413,-33.45822511346726],[-70.74531875045916,-33.45822626243034],[-70.74535949750617,-33.45836655691022],[-70.74536189080537,-33.45837829900684],[-70.7453684517382,-33.45839772449361],[-70.74543942359857,-33.45857184500412],[-70.74545682407496,-33.45864054384491],[-70.7454297611602,-33.45865865977917],[-70.74528229699429,-33.45868805163743]],[[-70.74447939835531,-33.457546617966734],[-70.74448232113407,-33.45755819313651],[-70.74448253732638,-33.45755893421866],[-70.74448274521006,-33.457559682012686],[-70.74448289200217,-33.45756020667054],[-70.74455136927584,-33.45780339704854],[-70.74455147609632,-33.45780377467846],[-70.7445518456861,-33.45780507530686],[-70.74455220715532,-33.45780637556648],[-70.74455235369999,-33.457806899342195],[-70.74459281920403,-33.45795061098201],[-70.74458275310278,-33.45795236515107],[-70.74451899051368,-33.45792583086745],[-70.7444803010062,-33.457786802177814],[-70.74447981990036,-33.45778507156091],[-70.74447981989961,-33.4577850715587],[-70.74447981989913,-33.457785071556465],[-70.74447933294266,-33.45778331989402],[-70.74442322745588,-33.45758169767232],[-70.74442274609483,-33.45757996612788],[-70.74442259416678,-33.45757951994005],[-70.7444224924808,-33.45757906383033],[-70.74442207553531,-33.457577596539195],[-70.74438897965895,-33.457459511648075],[-70.7444279942131,-33.45741176890994],[-70.74444973855493,-33.45740789006329],[-70.74447939835531,-33.457546617966734]],[[-70.7440402913799,-33.45787276507774],[-70.74408923985854,-33.45804866192065],[-70.74408177048434,-33.45805009085671],[-70.74404935100159,-33.45792745763892],[-70.74404929995225,-33.457927265009445],[-70.74404897954597,-33.45792605895806],[-70.74404866586477,-33.457924844448335],[-70.74404842831464,-33.45792393550785],[-70.74400698885273,-33.457767218068334],[-70.74400652352108,-33.45776545816104],[-70.74400649352977,-33.45776536632431],[-70.74400647430949,-33.457765272481865],[-70.74400603481143,-33.45776361814672],[-70.7439409861703,-33.45751753965067],[-70.74394108975889,-33.45751735415634],[-70.74398232701306,-33.457664489868314],[-70.74398248749166,-33.45766505851703],[-70.74398285707062,-33.45766635914138],[-70.74398321852888,-33.45766765939673],[-70.7440393230754,-33.4578692818645],[-70.74403980443167,-33.45787101341333],[-70.74403980443168,-33.45787101341335],[-70.7440402913799,-33.45787276507774]]]}},{"type":"Feature","properties":{"numpos":"50931","TIPO":"TRAFO","TENSION":"MT","INCIDENCIA":"DF202671768690","CLITOTAL":"138","CANTAVISOS":"34","FECHA_INICIO":"02-08-2026 15:15","FECHA_FIN":"","DESCARGO":"","ESTADODESC":" ","ESTADOINC":"Activo","CLI_PLAN":"0","FECHA_INIDESC":"","FECHA_FINDESC":"","FECHA_REPOSICION":"02-08-2026 18:32","id_alim":"2011"},"geometry":{"type":"Polygon","coordinates":[[[-70.74603909686665,-33.460588689395564],[-70.7460407712091,-33.460589703890406],[-70.74604234360741,-33.46059082715891],[-70.74604975132942,-33.46059514500211],[-70.7460570636705,-33.46059957559481],[-70.74605884858664,-33.46060044764726],[-70.74606054476955,-33.46060143632489],[-70.7460684217543,-33.46060512478744],[-70.7460762170027,-33.460608933292825],[-70.74607809530274,-33.46060965450451],[-70.74607989893502,-33.46061049906972],[-70.74608816932269,-33.46061352262961],[-70.74609637240542,-33.460616672369376],[-70.74609832600015,-33.46061723579455],[-70.74610021971183,-33.460617928113734],[-70.74610880385379,-33.46062025765226],[-70.74611733577018,-33.46062271829252],[-70.74611934584544,-33.46062311850513],[-70.74612131139887,-33.460623651910765],[-70.7461301266242,-33.46062526499299],[-70.74613890520723,-33.46062701283644],[-70.74614095240474,-33.46062724598213],[-70.74614297087044,-33.46062761533724],[-70.74615193228345,-33.46062849642828],[-70.74616087298979,-33.460629514642044],[-70.74616293759378,-33.46062957847552],[-70.74616498953273,-33.460629780223],[-70.74617401082986,-33.46062992083744],[-70.74618302755478,-33.46063019961551],[-70.74618508968172,-33.460630093522006],[-70.74618715533265,-33.4606301257189],[-70.7461961496332,-33.460629524502544],[-70.74620515554022,-33.46062906116016],[-70.74620719533078,-33.4606287861614],[-70.7462092548,-33.46062864849766],[-70.74621813548329,-33.4606273112406],[-70.7462270438402,-33.46062611024006],[-70.74622904164976,-33.460625668984505],[-70.74623107510348,-33.46062536278587],[-70.74623975664313,-33.4606233023667],[-70.74624848165705,-33.46062137527441],[-70.74625041824567,-33.46062077201156],[-70.74625240610037,-33.46062030022697],[-70.74626080488794,-33.460617536488805],[-70.74626926253171,-33.46061490186381],[-70.74627111924877,-33.460614142403514],[-70.74627304236036,-33.460613509576504],[-70.74628107751045,-33.46061006913582],[-70.74628918633202,-33.460606752351175],[-70.74629094529637,-33.46060584400743],[-70.74629278514398,-33.46060505623258],[-70.74630037927332,-33.46060097222297],[-70.74630806118006,-33.46059700522127],[-70.74630970545174,-33.46059595674201],[-70.74631144431667,-33.46059502160601],[-70.74631852428978,-33.46059033335872],[-70.74632570530014,-33.46058575434477],[-70.74632721904386,-33.46058457582753],[-70.74632884017988,-33.46058350233626],[-70.74633533781245,-33.460578255001984],[-70.74634194876944,-33.46057310807436],[-70.74634331740707,-33.4605718108689],[-70.74634480520169,-33.46057060936078],[-70.74635065791774,-33.460564853474594],[-70.74635663515438,-33.46055918820111],[-70.74635784550524,-33.46055778480026],[-70.74635918563015,-33.460556466846526],[-70.7463643370651,-33.46055025784088],[-70.74636962301733,-33.46054412878154],[-70.74637066342504,-33.46054263270095],[-70.7463718429742,-33.46054121099423],[-70.74637624351705,-33.46053460866548],[-70.7463807872785,-33.4605280748467],[-70.74638164772351,-33.46052650049437],[-70.7463826553372,-33.46052498872658],[-70.7463862626086,-33.46051805665905],[-70.74639002042072,-33.460511181005145],[-70.7463906926165,-33.46050954354308],[-70.74639151859098,-33.46050795627337],[-70.7463942978514,-33.460500761226704],[-70.74639723352472,-33.46049360995426],[-70.74639771099777,-33.46049192515214],[-70.74639834737853,-33.460490277666814],[-70.74640027186258,-33.46048288893339],[-70.74640235712546,-33.4604755309132],[-70.74640263527759,-33.46047381499658],[-70.74640307593606,-33.460472123161864],[-70.74640412711042,-33.460464611899376],[-70.74640534188117,-33.46045711799319],[-70.74640541803373,-33.460455387487315],[-70.74640565872625,-33.46045366759651],[-70.74640582646809,-33.46044610614256],[-70.74640615904838,-33.46043854852085],[-70.74640603246809,-33.46043682009142],[-70.74640607087676,-33.46043508870805],[-70.74640535357123,-33.46042754988351],[-70.74640480075864,-33.46042000133034],[-70.74640447266471,-33.46041829162311],[-70.7464043084198,-33.46041656542129],[-70.74640271297548,-33.46040912182915],[-70.74640128009446,-33.46040165504114],[-70.74640075364671,-33.46039998052147],[-70.74640038833009,-33.46039827612548],[-70.7463588568718,-33.460247460546455],[-70.74635779806916,-33.46024262487489],[-70.7463558252913,-33.46023686756851],[-70.74635582529129,-33.46023686756848],[-70.74632109125392,-33.46011856048396],[-70.74632056470585,-33.4601170835441],[-70.74629465216822,-33.460010830807754],[-70.7462958718135,-33.46000302404353],[-70.7462965818528,-33.4599844514746],[-70.74629511660044,-33.45996591000328],[-70.74629149016899,-33.45994757819398],[-70.74628573748427,-33.45992963259186],[-70.74627791394894,-33.459912246022455],[-70.74626809490893,-33.45989558592758],[-70.74626217739105,-33.45988762191866],[-70.7462220318775,-33.459737500860804],[-70.74622183264736,-33.45973621209791],[-70.74622158272568,-33.459735305312776],[-70.74622142923987,-33.45973438358025],[-70.74621908824567,-33.45972625464675],[-70.74621684260467,-33.45971810683587],[-70.74621648784756,-33.45971722494984],[-70.74621622731401,-33.45971632026561],[-70.74621582850118,-33.459715360110714],[-70.74618436684443,-33.459599085789485],[-70.74618427109905,-33.459598798180174],[-70.74618420834254,-33.45959850425389],[-70.74613421407567,-33.459416398926386],[-70.74613328528858,-33.4594103863981],[-70.7461330860111,-33.45940966305052],[-70.74613296540382,-33.45940892758335],[-70.7461305924583,-33.45940061182447],[-70.74612829730036,-33.459392280740424],[-70.74612801439498,-33.459391577247985],[-70.7461278083637,-33.459390855231],[-70.74612546392967,-33.459385172846055],[-70.74607680024465,-33.45920634806833],[-70.74607640250936,-33.45920422484325],[-70.74607434820729,-33.459197589901855],[-70.74607249849775,-33.45919091280608],[-70.74607208072425,-33.4591898781023],[-70.74598903095121,-33.45890640171441],[-70.7459878100517,-33.45890195344371],[-70.74598635366992,-33.45889763034529],[-70.74598516073792,-33.4588932508993],[-70.74598334326537,-33.45888869431101],[-70.74598178561617,-33.458884070610544],[-70.74597983071203,-33.45887988798154],[-70.74597813139988,-33.45887562763195],[-70.74597578983999,-33.4588712423037],[-70.74597369900432,-33.458866768839954],[-70.74597126440482,-33.45886276696124],[-70.74596907507811,-33.458858666737505],[-70.74596623198163,-33.4588544949023],[-70.74596362809562,-33.45885021475707],[-70.74596073724751,-33.45884643216887],[-70.74596040576935,-33.45884594577219],[-70.74595934258103,-33.45884423393511],[-70.74595851254584,-33.458843167738024],[-70.74595807899082,-33.45884253155817],[-70.74595436767898,-33.458837657723514],[-70.74595351477993,-33.45883665032362],[-70.74595050633827,-33.4588325648327],[-70.7459487794009,-33.45883066531282],[-70.74594722756086,-33.45882867194187],[-70.74594319100237,-33.45882445641299],[-70.74594153772655,-33.45882250364896],[-70.74594008625584,-33.45882110341145],[-70.74593706934506,-33.45881778500266],[-70.74593512838531,-33.458816036319064],[-70.74593335108997,-33.45881418022248],[-70.74592941050842,-33.45881080448864],[-70.74592699746755,-33.45880847662102],[-70.74592484060962,-33.45880676767359],[-70.74592196873195,-33.45880418029006],[-70.74591983243327,-33.458802599344715],[-70.74591784680666,-33.458800898339575],[-70.74591416329747,-33.45879830769652],[-70.74591088693273,-33.458795711727085],[-70.74590793714388,-33.458793796359174],[-70.74590534992616,-33.458791881715136],[-70.74590303886868,-33.45879048379041],[-70.74590086402559,-33.45878895420432],[-70.74589758033795,-33.45878707143808],[-70.74589336127522,-33.45878433189946],[-70.74588955442172,-33.45878232724463],[-70.74588737297563,-33.45878100771935],[-70.74588490943678,-33.45877980632851],[-70.74588256629995,-33.45877846284478],[-70.74587980228807,-33.458777191857806],[-70.7458745892763,-33.45877444673157],[-70.7458698879415,-33.4587724808132],[-70.74586821100775,-33.458771663024685],[-70.74586561874564,-33.45877066977934],[-70.7458631298463,-33.45876952529793],[-70.74586097887217,-33.45876875538048],[-70.7458547517199,-33.458766151422516],[-70.74584914754423,-33.458764358708954],[-70.745848048562,-33.45876393762515],[-70.74584589167121,-33.45876331719116],[-70.74584489585854,-33.458762998641696],[-70.74584274184748,-33.458762227636775],[-70.74584126826555,-33.45876183821463],[-70.74583403965167,-33.458759525860195],[-70.74582755460698,-33.4587580424958],[-70.74582707981281,-33.458757905920216],[-70.7458261579765,-33.45875772303581],[-70.74582272467927,-33.45875693771628],[-70.7458215986501,-33.458756640141374],[-70.74582083645801,-33.4587565058116],[-70.74581265253909,-33.4587546338521],[-70.7457999744626,-33.45875282906284],[-70.74579990387353,-33.45875281662211],[-70.74579985657222,-33.458752812280515],[-70.74579079635052,-33.45875152251062],[-70.74576868157165,-33.45875022179956],[-70.74574652117855,-33.45875074424542],[-70.7457245285865,-33.45875308481689],[-70.74570291559488,-33.45875722097314],[-70.7456818903474,-33.45876311288101],[-70.74566165532758,-33.45877070379861],[-70.74564240540883,-33.458779920621666],[-70.74562432597774,-33.458790674587696],[-70.74560759114875,-33.458802862130675],[-70.74559236208724,-33.45881636587845],[-70.74557878545751,-33.458831055783136],[-70.74556699201037,-33.45884679037349],[-70.74555709532375,-33.45886341811727],[-70.74554919070907,-33.45888077888065],[-70.74554335429318,-33.458898705470325],[-70.74553964228514,-33.45891702524372],[-70.74553809043495,-33.458935561771554],[-70.74553871368917,-33.4589541365369],[-70.7455396255862,-33.4589601565465],[-70.7455403065716,-33.458966508594955],[-70.74535038439295,-33.45900126659802],[-70.74510437663724,-33.459045556137056],[-70.74510427092915,-33.4590455797701],[-70.74510416298354,-33.4590455946922],[-70.74485962834589,-33.45908982598028],[-70.74483821348575,-33.45909463223256],[-70.7448174637774,-33.45910117472497],[-70.74479757905084,-33.4591093904501],[-70.74477875080609,-33.45911920028655],[-70.74476116036885,-33.45913050976074],[-70.74474497714436,-33.45914320995682],[-70.74473035698588,-33.459157178565555],[-70.74471744069373,-33.45917228106216],[-70.74470635265939,-33.45918837200184],[-70.74469719966743,-33.45920529642056],[-70.74469006986709,-33.459222891327315],[-70.74468503192341,-33.45924098727382],[-70.7446821343558,-33.459259409986444],[-70.74468140507078,-33.45927798204451],[-70.74468285109315,-33.459296524588936],[-70.74468645849828,-33.45931485904475],[-70.74469219254618,-33.459332808840905],[-70.744699998016,-33.459350201110745],[-70.74470979973786,-33.459366868356746],[-70.74472150331658,-33.45938265006377],[-70.74473499604088,-33.45939739424479],[-70.74475014796874,-33.459410958904755],[-70.74476681317887,-33.45942321340797],[-70.74478483117592,-33.45943403973632],[-70.74480402843628,-33.4594433336258],[-70.74482422007905,-33.45945100557074],[-70.74484521164676,-33.45945698168567],[-70.74486680097799,-33.45946120441704],[-70.74488878015441,-33.45946363309742],[-70.74491093750315,-33.45946424433718],[-70.7449330596355,-33.45946303224979],[-70.74495493350183,-33.45946000850839],[-70.74519936230105,-33.45941579632297],[-70.74544563882631,-33.459371458354354],[-70.74544600947371,-33.459371375488296],[-70.7454463878139,-33.45937132239647],[-70.74557152834434,-33.459348420215186],[-70.74565846102728,-33.45938089477479],[-70.7456707385289,-33.4594262690171],[-70.74535459559873,-33.4594943661751],[-70.74504328776342,-33.45954008276244],[-70.74502166503923,-33.45954418376955],[-70.74500062600015,-33.45955004148087],[-70.74498037326255,-33.4595575994838],[-70.7449611018705,-33.45956678499113],[-70.74494299741734,-33.45957750954188],[-70.74492623425847,-33.459589669853315],[-70.74491097383212,-33.459603148815624],[-70.74489736310466,-33.45961781661954],[-70.74488553315523,-33.459633532006656],[-70.74487559791335,-33.45965014362971],[-70.74486765306169,-33.45966749151012],[-70.74486177511461,-33.45968540857865],[-70.74485802068116,-33.45970372228443],[-70.74485642591992,-33.45972225625656],[-70.74485700619068,-33.45974083200282],[-70.74485975590652,-33.45975927062857],[-70.74486464858748,-33.459777394559524],[-70.74487163711558,-33.45979502925208],[-70.74488065418862,-33.45981200487409],[-70.74489161296809,-33.45982815794062],[-70.74490440791561,-33.45984333288825],[-70.74491891580931,-33.45985738357342],[-70.74493499693033,-33.45987017467975],[-70.7449524964086,-33.45988158302135],[-70.74497124571415,-33.45989149872909],[-70.7449910642803,-33.459899826308785],[-70.74501176124254,-33.45990648556087],[-70.74503313727672,-33.45991141235274],[-70.74505498651878,-33.45991455923646],[-70.7450770985472,-33.45991589590565],[-70.74509926040969,-33.45991540948744],[-70.74512125867403,-33.45991310466636],[-70.74514193435509,-33.45991006839647],[-70.74514381821723,-33.459916842112406],[-70.74510962391375,-33.45992294918352],[-70.74510945517422,-33.45992298666077],[-70.74510928290806,-33.45992301031743],[-70.74509910023892,-33.45992484270835],[-70.7450776791411,-33.45992963003065],[-70.74505692101692,-33.459936154179566],[-70.74503702577742,-33.45994435232439],[-70.74501818502387,-33.45995414551303],[-70.74500058020242,-33.459965439432175],[-70.74498438085682,-33.45997812531586],[-70.7449697429956,-33.45999208099261],[-70.74495680758957,-33.460007172062205],[-70.74494569921428,-33.46002325318995],[-70.74493652485019,-33.46004016950625],[-70.74492937285235,-33.460057758098124],[-70.74492431209961,-33.46007584957813],[-70.74492139133103,-33.460094269715675],[-70.74492063867653,-33.46011284111483],[-70.74492206138599,-33.46013138492289],[-70.74492564575932,-33.46014972255274],[-70.74493135727835,-33.4601676774027],[-70.74493914093915,-33.460185076557494],[-70.7449489217819,-33.46020175245328],[-70.74496060561248,-33.460217544491606],[-70.74497407990981,-33.46023230058599],[-70.74498921490937,-33.4602458786266],[-70.74500586485283,-33.46025814784892],[-70.74502386939194,-33.46026899009303],[-70.74504305513265,-33.46027830094171],[-70.74506323730503,-33.46028599072591],[-70.74508422154283,-33.46029198538838],[-70.74510580575517,-33.46029622719695],[-70.74512778207306,-33.46029867530044],[-70.74514993885116,-33.46029930612222],[-70.74516945876778,-33.46029825394658],[-70.74511382955158,-33.46030883217048],[-70.74510688543364,-33.460310456678506],[-70.74509988969663,-33.46031187784303],[-70.74509254536476,-33.460313693865075],[-70.74507161518095,-33.460319819866484],[-70.7450515021544,-33.46032763590906],[-70.74503239998371,-33.46033706672051],[-70.74501449263262,-33.460348021477486],[-70.74499795255831,-33.460360394680215],[-70.74498293905064,-33.46037406716862],[-70.7449695966981,-33.4603889072697],[-70.74495805399522,-33.460404772065736],[-70.74494842210524,-33.46042150877052],[-70.74494079378944,-33.46043895620088],[-70.74493524251378,-33.46045694632883],[-70.74493182174126,-33.460475305899905],[-70.74493056441719,-33.46049385810147],[-70.74493148265165,-33.460512424265744],[-70.7449345676029,-33.46053082559029],[-70.74493978956251,-33.460548884860124],[-70.74494709824137,-33.460566428154266],[-70.74495642325395,-33.46058328652085],[-70.74496767479613,-33.4605992976041],[-70.74498074451006,-33.460614307208004],[-70.74499550652757,-33.46062817078134],[-70.7450118186825,-33.4606407548097],[-70.74502952387975,-33.460651938101485],[-70.74504845160808,-33.46066161295493],[-70.7450684195825,-33.460669686195416],[-70.74508923549955,-33.46067608007279],[-70.74511069888952,-33.46068073301017],[-70.74513260304695,-33.46068360019704],[-70.74515473702152,-33.46068465402065],[-70.74517688764956,-33.46068388433209],[-70.74519884160705,-33.46068129854399],[-70.74522038746404,-33.46067692155909],[-70.74522082277883,-33.46067681391937],[-70.74541386186961,-33.46064010623361],[-70.74563582132663,-33.46059895719625],[-70.7456444433875,-33.460597359956196],[-70.74564541265492,-33.460597138078306],[-70.74564640166625,-33.460596989527325],[-70.74595730774288,-33.46053695987602],[-70.74596654866082,-33.46053477033663],[-70.74597582308877,-33.4605326827116],[-70.74598043856999,-33.460531437307836],[-70.74598481109358,-33.46053713803644],[-70.7459894900922,-33.460543503584766],[-70.74599080325017,-33.46054495037895],[-70.74599197611234,-33.46054647951117],[-70.74599751217967,-33.46055234205547],[-70.74600291304036,-33.46055829254382],[-70.74600740187292,-33.46056276456638],[-70.74600880791361,-33.46056403335773],[-70.7460100886514,-33.46056539216267],[-70.74601634903227,-33.460570838356105],[-70.74602248962178,-33.46057637953569],[-70.74602403726567,-33.46057752670269],[-70.74602547073627,-33.46057877374432],[-70.7460323378549,-33.46058367938479],[-70.74603909686665,-33.460588689395564]],[[-70.74577347089608,-33.45980269802795],[-70.745775860335,-33.459811623327774],[-70.74583155256445,-33.460021122544674],[-70.74583255940388,-33.46002474226529],[-70.7458348757489,-33.460032715129124],[-70.74583487644166,-33.46003271708965],[-70.74583487690192,-33.46003271909766],[-70.74583869393639,-33.46004585610118],[-70.74586776195002,-33.46016399747899],[-70.74584652423576,-33.46016972808867],[-70.74568327513633,-33.46020124847137],[-70.74567365471928,-33.4601614682386],[-70.74567306978506,-33.4601595407664],[-70.74567266390514,-33.460157581228636],[-70.74564999019417,-33.46007298644705],[-70.74564999019412,-33.46007298644694],[-70.74564999019411,-33.46007298644681],[-70.7456187876836,-33.45995657072693],[-70.74561854517715,-33.45995583648722],[-70.74561838250625,-33.45995508693149],[-70.74558518064167,-33.45983570688039],[-70.74575337501645,-33.459799477727806],[-70.74577347089608,-33.45980269802795]]]}},{"type":"Feature","properties":{"numpos":"50932","TIPO":"TRAFO","TENSION":"MT","INCIDENCIA":"DF202671768690","CLITOTAL":"113","CANTAVISOS":"23","FECHA_INICIO":"02-08-2026 15:15","FECHA_FIN":"","DESCARGO":"","ESTADODESC":" ","ESTADOINC":"Activo","CLI_PLAN":"0","FECHA_INIDESC":"","FECHA_FINDESC":"","FECHA_REPOSICION":"02-08-2026 18:32","id_alim":"2011"},"geometry":{"type":"Polygon","coordinates":[[[-70.74741646467508,-33.45825369929847],[-70.74742299712116,-33.458252509565035],[-70.74742814159121,-33.45825151972602],[-70.74760300716981,-33.458216066435206],[-70.74761624170937,-33.458213533448905],[-70.74763160209125,-33.45821061242705],[-70.74775149741698,-33.45818825973544],[-70.74775370249814,-33.45818775228359],[-70.74796141596929,-33.45814969130156],[-70.74796936679745,-33.45814844018897],[-70.7479906493235,-33.458143238066555],[-70.74801122104286,-33.45813631245637],[-70.7480308838377,-33.45812773005628],[-70.74804944834376,-33.45811757351995],[-70.74806673577422,-33.458105940660964],[-70.74808257964142,-33.45809294351061],[-70.74809682736027,-33.45807870723922],[-70.74810934171776,-33.45806336895034],[-70.74812000219434,-33.45804707636065],[-70.74812870612455,-33.45802998637714],[-70.74813402519652,-33.45801583946776],[-70.74813412610628,-33.458015588221976],[-70.74813414365839,-33.45801552439973],[-70.74813536968584,-33.45801226358604],[-70.74813876486242,-33.457998720980704],[-70.74813910587629,-33.457997481000774],[-70.74813915389792,-33.45799716920417],[-70.74813992870558,-33.457994078667895],[-70.74814158691713,-33.4579813720079],[-70.74814194425959,-33.4579790518411],[-70.74814196508882,-33.45797847412682],[-70.74814233927924,-33.45797560675352],[-70.74814248938956,-33.45796393223999],[-70.74814261392237,-33.45796047822594],[-70.7481425447531,-33.45795962645748],[-70.74814257819304,-33.45795702573766],[-70.74814148193609,-33.45794653864656],[-70.74814110841676,-33.457941939029354],[-70.74814088369409,-33.457940815700184],[-70.74814064314751,-33.4579385145656],[-70.74813858504247,-33.457929325347735],[-70.748137442243,-33.45792361279377],[-70.74813699622366,-33.45792223144103],[-70.74813655277953,-33.45792025150993],[-70.74813382941215,-33.45791242360547],[-70.74813165070964,-33.4579056760107],[-70.74813092008935,-33.45790406119863],[-70.74813034648285,-33.45790241245359],[-70.74812725556299,-33.45789596188598],[-70.74812378959346,-33.45788830142076],[-70.7481227160988,-33.45788648828972],[-70.74812208402867,-33.45788516919612],[-70.74811891363969,-33.457880065940564],[-70.74811393460233,-33.4578716563504],[-70.74811246744623,-33.45786968974393],[-70.74811184498988,-33.45786868779906],[-70.74810886343703,-33.45786485885472],[-70.74810218064597,-33.45785590110023],[-70.74810027875021,-33.457853834299186],[-70.74809972797479,-33.45785312698679],[-70.74809717461363,-33.457850461015816],[-70.74808864092199,-33.45784118740142],[-70.74808627481889,-33.45783908050944],[-70.74808584967735,-33.4578386366179],[-70.74808392706329,-33.45783698995482],[-70.74807344582564,-33.457827656954336],[-70.74807059916249,-33.45782557499249],[-70.74807034375347,-33.457825356242],[-70.74794647306325,-33.45772919234186],[-70.74792695899475,-33.457648316556785],[-70.74792691887369,-33.45764818410173],[-70.7479268942023,-33.45764804901786],[-70.747924292073,-33.45763951001944],[-70.74792173127038,-33.457630931654826],[-70.7479196300752,-33.457625120389565],[-70.74786739742281,-33.457429067409166],[-70.74786719078939,-33.45742829932873],[-70.74786671497931,-33.457426547667026],[-70.74786578140333,-33.45742375234954],[-70.74780292429743,-33.45718710504048],[-70.747802444083,-33.45718529954497],[-70.7478024353439,-33.45718527291626],[-70.74780242814066,-33.4571852378693],[-70.74775211310188,-33.45699636364134],[-70.74774987655695,-33.45698461018215],[-70.7477441645769,-33.45696642936237],[-70.74774408305578,-33.45696624606265],[-70.74772742858899,-33.456903745503546],[-70.74781472580503,-33.456741395410326],[-70.74781868700079,-33.456732944340274],[-70.7478226706954,-33.45672450070317],[-70.74782274007934,-33.45672429723987],[-70.74782283239689,-33.456724100283644],[-70.74782578628786,-33.45671536445756],[-70.74782876343865,-33.45670663418018],[-70.7478288086964,-33.4567064259961],[-70.74782887753823,-33.45670622240349],[-70.74783079567754,-33.456697285951535],[-70.74783273761341,-33.456688353112106],[-70.74783275830913,-33.45668814221214],[-70.74783280301226,-33.456687933943854],[-70.74783366692759,-33.45667888292996],[-70.7478345549475,-33.456669833555765],[-70.74783455088193,-33.45666962197095],[-70.74783457101587,-33.45666941103277],[-70.74783437238791,-33.45666033262336],[-70.74783419794042,-33.45665125386464],[-70.74783416915268,-33.456651043632704],[-70.74783416452358,-33.45665083205605],[-70.74783290526592,-33.45664181368071],[-70.7478316700317,-33.45663279297126],[-70.74783161679908,-33.45663258611684],[-70.74783158745149,-33.456632375939314],[-70.74782927969217,-33.45662350445006],[-70.74782699556783,-33.45661462866397],[-70.74782691840299,-33.45661442717917],[-70.74782686461957,-33.45661422042488],[-70.7478235305843,-33.45660558125908],[-70.74782021956769,-33.456596935874664],[-70.74782011921377,-33.45659674169989],[-70.74782004151251,-33.45659654036001],[-70.74781571331047,-33.45658821671735],[-70.74781140728895,-33.45657988499423],[-70.74781128471245,-33.456579699999494],[-70.74781118384166,-33.456579506013036],[-70.74780590315582,-33.45657157805373],[-70.7478006435996,-33.45656364023152],[-70.74780049998101,-33.45656346619843],[-70.74780037691214,-33.45656328143354],[-70.74779419459905,-33.456555825508524],[-70.74778803216054,-33.456548358031945],[-70.74778786888297,-33.45654819663649],[-70.74778772480126,-33.45654802287261],[-70.74778070040078,-33.45654111078679],[-70.74777369442725,-33.45653418557089],[-70.74777351306315,-33.45653403836744],[-70.7477733493562,-33.45653387727794],[-70.74776555051528,-33.456527575596404],[-70.74775776848014,-33.45652125933638],[-70.74775757077622,-33.45652112774259],[-70.7477573890205,-33.45652098087883],[-70.74774889084648,-33.456515350290495],[-70.74774040769465,-33.456509703814454],[-70.7477401955548,-33.456509589097585],[-70.74773999750084,-33.456509457874034],[-70.74773088183818,-33.45650455260592],[-70.74772177926428,-33.456499630290644],[-70.74772155473153,-33.45649953355549],[-70.74772134228671,-33.45649941923585],[-70.74771169692207,-33.45649528652697],[-70.74770206259039,-33.456491135777966],[-70.74770182782717,-33.456491057956136],[-70.74770160303736,-33.45649096164134],[-70.74769152086084,-33.45648764129192],[-70.74768144755446,-33.45648430208275],[-70.74768120482157,-33.45648424392371],[-70.74768096985169,-33.45648416654136],[-70.74767054795988,-33.45648169052804],[-70.74766013268952,-33.4564791950169],[-70.74765988432469,-33.45647915708072],[-70.74765964143754,-33.456479099376025],[-70.74764898019781,-33.456477491543914],[-70.74763832326815,-33.45647586376393],[-70.7476380716632,-33.456475846416005],[-70.74763782319793,-33.45647580894468],[-70.74762702528547,-33.456475084778184],[-70.74761622932571,-33.456474340405514],[-70.74761597690366,-33.456474343812886],[-70.7476157252532,-33.45647432693581],[-70.7476048946558,-33.456474493408756],[-70.74759406363756,-33.456474639612374],[-70.74759381282944,-33.456474663742256],[-70.74759356041719,-33.45647466762195],[-70.74758280143692,-33.456475723131156],[-70.74757203966999,-33.45647675850302],[-70.74757179289122,-33.456476803123],[-70.74757154214802,-33.45647682772212],[-70.74756095839956,-33.45647876210272],[-70.7475503695245,-33.45648067667158],[-70.74755012915168,-33.45648074135196],[-70.74754988249234,-33.45648078643359],[-70.74753957590111,-33.45648358105699],[-70.74752926189524,-33.456486356384225],[-70.7473140453172,-33.45655419967886],[-70.74709321574899,-33.456592985229044],[-70.74709278825539,-33.456593060673534],[-70.74709136939587,-33.45659331227648],[-70.74708994006772,-33.456593558018895],[-70.74708899232729,-33.45659372273682],[-70.74682777495393,-33.4566396116691],[-70.74680393733696,-33.45664379213511],[-70.74680390353929,-33.456643799530056],[-70.74680386904122,-33.45664380412154],[-70.74646659209081,-33.45670304389636],[-70.74644456089787,-33.456706920219204],[-70.74644284828904,-33.45670721628366],[-70.7464213824673,-33.45671185812059],[-70.74640056280128,-33.4567182412251],[-70.74638058979467,-33.45672630412479],[-70.74636165579763,-33.45673596917005],[-70.74634394315434,-33.45674714328169],[-70.74632762244684,-33.456759718847486],[-70.74631285085249,-33.456773574758465],[-70.74629977062996,-33.45678857757516],[-70.74628850774944,-33.456804582812815],[-70.74627917067934,-33.45682143633268],[-70.7462718493417,-33.45683897582657],[-70.74626661424611,-33.45685703237991],[-70.74626351581065,-33.45687543209843],[-70.7462625838763,-33.456893997782885],[-70.74626382741948,-33.45691255063562],[-70.74626723446559,-33.45693091198238],[-70.7462727722042,-33.456948904993176],[-70.746280387305,-33.456966356385124],[-70.74629000643152,-33.45698309809139],[-70.74630153694709,-33.45699896887975],[-70.74631486780713,-33.45701381590524],[-70.74632987062849,-33.457027496182384],[-70.7463464009259,-33.457039877961996],[-70.74636429950331,-33.45705084200028],[-70.74638339398719,-33.45706028270697],[-70.7464035004865,-33.45706810916243],[-70.74642442536373,-33.4570742459932],[-70.74644596709972,-33.45707863409795],[-70.74646791823456,-33.457081231216584],[-70.74649006736546,-33.4570820123373],[-70.74651220118281,-33.45708096993752],[-70.7465236235309,-33.45707948076379],[-70.74653966661324,-33.45714695427686],[-70.74654019526476,-33.457149112103956],[-70.7465421270165,-33.45715677068769],[-70.7465898247033,-33.45734621006387],[-70.74659028361052,-33.45734802801493],[-70.74659071759886,-33.457349750829835],[-70.74659081749122,-33.45735014529667],[-70.74664251263533,-33.4575532198251],[-70.74664448647488,-33.45756256408933],[-70.74664456519223,-33.45756293459639],[-70.74664494553946,-33.45756471456676],[-70.74664572880795,-33.45756756583968],[-70.74664628159194,-33.45757045480378],[-70.74664672271518,-33.45757220572514],[-70.7467222976257,-33.45787234889213],[-70.7467259645536,-33.45788694095567],[-70.74675353902992,-33.45799849389657],[-70.74673753075977,-33.458003959630915],[-70.74671791833747,-33.45801262260638],[-70.74669941337352,-33.458022855188375],[-70.74668219408036,-33.45803455883217],[-70.74666642628895,-33.458047620825795],[-70.74665226185182,-33.45806191537569],[-70.74663983718051,-33.458077304818076],[-70.74662927193197,-33.45809364094475],[-70.7466206678561,-33.458110766430316],[-70.7466141078159,-33.45812851634738],[-70.74660965498931,-33.45814671975481],[-70.74660735226077,-33.45816520134404],[-70.74660722180818,-33.45818378312731],[-70.74660926488926,-33.45820228615189],[-70.74661346182938,-33.45822053222337],[-70.74661977221098,-33.458238345621844],[-70.74662813526277,-33.45825555479422],[-70.74663847044494,-33.4582719940063],[-70.74665067822477,-33.45828750493901],[-70.74666464103517,-33.458301938213026],[-70.74668022440687,-33.45831515482748],[-70.74669727826348,-33.45832702749855],[-70.7467156383667,-33.45833744188537],[-70.74673512789809,-33.45834629769122],[-70.74675555916211,-33.458353509629355],[-70.74677673539342,-33.45835900824451],[-70.74679845265221,-33.458362740581705],[-70.74682050178811,-33.458364670696334],[-70.74684267045448,-33.458364780000245],[-70.7468647451536,-33.45836306744083],[-70.74688651329268,-33.458359549511144],[-70.7472344932324,-33.458288308254126],[-70.74723553440823,-33.45828804911138],[-70.74723648059239,-33.45828788845781],[-70.74724305025165,-33.4582864885306],[-70.7474096903562,-33.458254966030694],[-70.74741646467508,-33.45825369929847]],[[-70.74722730933442,-33.45744092463067],[-70.74722998657823,-33.45745111791839],[-70.74723038183632,-33.45745264077905],[-70.74723049681862,-33.457452998315276],[-70.74723057114016,-33.4574533633361],[-70.74723101591273,-33.45745504530597],[-70.74724379104482,-33.45750355239076],[-70.74709769964558,-33.457529402538285],[-70.74708907465718,-33.45749514926028],[-70.74708670502265,-33.45748393154986],[-70.74708519144504,-33.45747743077496],[-70.74704895495347,-33.45733508555434],[-70.74719306420425,-33.45731053981109],[-70.74722730933442,-33.45744092463067]],[[-70.74746126417175,-33.45785211753448],[-70.74751291796882,-33.45784273040634],[-70.74751340875889,-33.45784476451725],[-70.7475010191187,-33.45784713579413],[-70.74749822031002,-33.45784768719358],[-70.7474158831861,-33.457864372730114],[-70.7474120384592,-33.45786353165411],[-70.747403320623,-33.45786237399896],[-70.74744721511847,-33.45785460701689],[-70.74746007151198,-33.45785233145426],[-70.74746066191831,-33.457852201290905],[-70.74746126417175,-33.45785211753448]],[[-70.74722420333522,-33.45790132417175],[-70.74722330000978,-33.45790199695697],[-70.74719366589332,-33.45790760268898],[-70.74719243921189,-33.4579074735508],[-70.74719087551,-33.457901147707446],[-70.74719287621348,-33.45789961118978],[-70.74724100016245,-33.45789109590777],[-70.74722420333522,-33.45790132417175]]]}},{"type":"Feature","properties":{"numpos":"53709","TIPO":"TRAFO","TENSION":"MT","INCIDENCIA":"DF202671768690","CLITOTAL":"212","CANTAVISOS":"37","FECHA_INICIO":"02-08-2026 15:15","FECHA_FIN":"","DESCARGO":"","ESTADODESC":" ","ESTADOINC":"Activo","CLI_PLAN":"0","FECHA_INIDESC":"","FECHA_FINDESC":"","FECHA_REPOSICION":"02-08-2026 18:32","id_alim":"2011"},"geometry":{"type":"Polygon","coordinates":[[[-70.74289085404767,-33.46130526230604],[-70.7429030190552,-33.46132079708775],[-70.74291694215228,-33.46133525764532],[-70.74293248925206,-33.461348504715076],[-70.74294951062748,-33.46136041071998],[-70.74296784235305,-33.46137086099812],[-70.74298730788372,-33.46137975490707],[-70.74300771975497,-33.461387006793174],[-70.74301259263588,-33.46138850614829],[-70.74303357810898,-33.46139400783017],[-70.74305510229692,-33.461397773488365],[-70.74307696129424,-33.46139976744963],[-70.74309894802361,-33.46139997082457],[-70.74312085419773,-33.46139838168664],[-70.74314247229236,-33.46139501509024],[-70.74316359751246,-33.46138990292826],[-70.74318402973223,-33.4613830936299],[-70.74320357539098,-33.46137465170182],[-70.74322204932686,-33.461364657117066],[-70.74323927653101,-33.46135320455746],[-70.74325509380539,-33.46134040251662],[-70.74326935130881,-33.461326372272175],[-70.74328191397656,-33.461311246736834],[-70.74329266279972,-33.461295169199175],[-70.74330149595268,-33.46127829196638],[-70.74330832975764,-33.461260774921236],[-70.74331309947726,-33.46124278400753],[-70.74331575992807,-33.46122448965807],[-70.74331628590822,-33.461206065180086],[-70.74331467243631,-33.46118768511338],[-70.74331093479853,-33.46116952357699],[-70.74320713904424,-33.46077955639023],[-70.74320667804153,-33.46077782274617],[-70.7432065725421,-33.46077750121897],[-70.74320650377129,-33.460777172773405],[-70.74320602779503,-33.460775412017185],[-70.74317858816916,-33.46067404318726],[-70.74337496266753,-33.460634556824814],[-70.7433959120233,-33.460629435894255],[-70.74341617415911,-33.46062264466122],[-70.74343556000947,-33.46061424649468],[-70.74345388868568,-33.46060431975778],[-70.74347098916365,-33.4605929570767],[-70.7434867018798,-33.46058026447635],[-70.74350088021988,-33.46056636039107],[-70.74351339188709,-33.46055137455937],[-70.74352412013643,-33.460535446813516],[-70.7435329648641,-33.46051872577462],[-70.7435398435415,-33.460501367465874],[-70.74354469198528,-33.46048353385671],[-70.74354746495617,-33.46046539135146],[-70.74354813658104,-33.460447109236654],[-70.74354670059438,-33.46042885810142],[-70.74354317039653,-33.46041080824565],[-70.74353757892881,-33.46039312809106],[-70.7435299783659,-33.460375982609634],[-70.74352043962907,-33.46035953178422],[-70.74350905172439,-33.46034392911585],[-70.74349592091214,-33.46032932019142],[-70.74348116971531,-33.460315841325226],[-70.74346493577634,-33.460303618287035],[-70.74344737057278,-33.46029276512865],[-70.7434286380038,-33.460283383119574],[-70.74340891286107,-33.460275559802206],[-70.74338837919757,-33.46026936817498],[-70.74336722861041,-33.46026486601124],[-70.74336236901246,-33.460264038704615],[-70.74334045270082,-33.46026123802836],[-70.74331831441113,-33.46026025139449],[-70.74329616734579,-33.46026108830485],[-70.74327422479183,-33.46026374069959],[-70.74325269806667,-33.46026818303493],[-70.7432368112452,-33.46027288707988],[-70.74307864096679,-33.46030469141063],[-70.74302515825255,-33.46010902660252],[-70.74302315494452,-33.46009894417968],[-70.74302210014855,-33.460095663035005],[-70.74296625646272,-33.45986731080757],[-70.74296654360792,-33.459855946807664],[-70.74316094064919,-33.459823970381194],[-70.74316256397344,-33.45982363228876],[-70.7431642548532,-33.45982340389164],[-70.74317428035448,-33.45982162372232],[-70.743195716924,-33.45981688533735],[-70.7432164961627,-33.45981040860988],[-70.74323641795412,-33.45980225591477],[-70.7432552904397,-33.45979250576742],[-70.74327293186651,-33.45978125206759],[-70.7432891723377,-33.45976860319511],[-70.74330385544853,-33.45975468096614],[-70.74331683979288,-33.459739619459924],[-70.74332800032491,-33.45972356372751],[-70.7433372295633,-33.45970666839487],[-70.7433444386264,-33.45968909617369],[-70.74334955808811,-33.45967101629438],[-70.7433525386465,-33.45965260287627],[-70.7433533515985,-33.459634033250786],[-70.74335198911632,-33.45961548625353],[-70.74334846432278,-33.45959714050215],[-70.74334281116488,-33.459579172675994],[-70.7433350840868,-33.459561755814775],[-70.7433253575055,-33.459545057651944],[-70.74331372509415,-33.45952923899946],[-70.74330029887977,-33.45951445219908],[-70.74328520816445,-33.4595008396552],[-70.74326859828012,-33.45948853246349],[-70.74325062918881,-33.45947764914835],[-70.74323147394216,-33.45946829452154],[-70.74321131701498,-33.459460558672745],[-70.74319035252854,-33.459454516102035],[-70.74316878238118,-33.459450225002314],[-70.74314681430394,-33.459447726699025],[-70.74312465986007,-33.459447045252084],[-70.74310253240759,-33.45944818722421],[-70.74309933529828,-33.45944861877572],[-70.74309160345945,-33.459449043425685],[-70.7430916034392,-33.45944904342849],[-70.74309160341879,-33.4594490434296],[-70.74308067378018,-33.45945055576138],[-70.74306973014338,-33.459452070027375],[-70.74306973012361,-33.45945207003183],[-70.74306973010337,-33.45945207003462],[-70.74305900601703,-33.459454478401376],[-70.7430534842021,-33.45945571846426],[-70.74274550709386,-33.4595063774544],[-70.74274998620805,-33.45950094244832],[-70.74276073771568,-33.45948469181839],[-70.74276953711347,-33.45946763612839],[-70.74277629965935,-33.45944993963435],[-70.74278096022749,-33.45943177276345],[-70.74278347393538,-33.45941331047282],[-70.74278381657595,-33.459394730564455],[-70.74278198485082,-33.459376211973044],[-70.74277799640186,-33.459357933042575],[-70.74277188964126,-33.45934006980892],[-70.74276372338164,-33.45932279430441],[-70.74275357626951,-33.4593062729012],[-70.74274154602787,-33.459290664708945],[-70.74272774851504,-33.45927612004252],[-70.74271231660887,-33.45926277897441],[-70.74269539892705,-33.45925076998588],[-70.74267715839584,-33.459240208729454],[-70.74265777068094,-33.4592311969153],[-70.74263742249589,-33.45922382133164],[-70.74261630980385,-33.459218153009],[-70.74259463593043,-33.45921424653613],[-70.74257260960555,-33.459212139534294],[-70.74255044295346,-33.459211852295006],[-70.74253480709196,-33.45921293883989],[-70.74253450084481,-33.45921295892193],[-70.74252421475512,-33.459213574067846],[-70.74252345168942,-33.45921368346536],[-70.74252267990063,-33.459213734075014],[-70.74251252741682,-33.459215249631754],[-70.74250236279099,-33.45921670688994],[-70.7425016161924,-33.45921687845186],[-70.74250085403813,-33.45921699222569],[-70.74249092766763,-33.4592193345823],[-70.74248098239602,-33.459221619918644],[-70.74248025945465,-33.459221851992766],[-70.74247951427485,-33.45922202783507],[-70.74247873832525,-33.459222282045175],[-70.74231288494076,-33.45925536831909],[-70.74227011705378,-33.45924568831144],[-70.74226763223501,-33.45923619895294],[-70.74226697937863,-33.45923418369503],[-70.74226651128434,-33.45923213265331],[-70.74226297233865,-33.45921991060852],[-70.74226297152447,-33.45921990829793],[-70.74226297098436,-33.45921990593159],[-70.74225716630212,-33.45919986119092],[-70.74219497597004,-33.45896597590305],[-70.74215303031514,-33.458767848644776],[-70.74215168807925,-33.45876292657806],[-70.74215061048875,-33.45875795901673],[-70.7421504029432,-33.45875734953456],[-70.74215026104363,-33.4587567195052],[-70.74214904891299,-33.45875324858118],[-70.74214809041464,-33.45874973370389],[-70.74214617906526,-33.45874494561302],[-70.74214452576689,-33.45874009050403],[-70.74214424787114,-33.45873950084266],[-70.74214403305086,-33.458738885706715],[-70.74214242100403,-33.4587355313521],[-70.74214105597613,-33.45873211184134],[-70.7421385939209,-33.45872750383818],[-70.74213638083714,-33.45872280793878],[-70.74213603521007,-33.45872224375917],[-70.74213574959958,-33.4587216494593],[-70.74213375325307,-33.45871844400222],[-70.7421319947462,-33.458715152764945],[-70.74212900569633,-33.45871076922698],[-70.74212625414059,-33.458706277761074],[-70.74212584404573,-33.458705744488384],[-70.74212549046493,-33.458705176757],[-70.7421231291471,-33.4587021510767],[-70.74212099399033,-33.45869901979941],[-70.74211750673216,-33.45869490294238],[-70.74211424320366,-33.4586906591651],[-70.74211377252013,-33.4586901619375],[-70.74211335444869,-33.45868962624046],[-70.74211065100991,-33.45868680946833],[-70.74210815965242,-33.4586838683135],[-70.74210420777025,-33.45868005778476],[-70.74210046369873,-33.45867610256593],[-70.74209993688648,-33.458675646185796],[-70.74209945842789,-33.45867514766911],[-70.74209643901635,-33.4586725669072],[-70.74209361533461,-33.458669844223735],[-70.74208923688738,-33.45866637672069],[-70.74208504833027,-33.458662748150985],[-70.74208447038974,-33.45866233703881],[-70.74208393622904,-33.45866188047894],[-70.74208063003492,-33.45865956053886],[-70.74207750110676,-33.458657082589205],[-70.74207273826119,-33.4586539915056],[-70.74206814555663,-33.45865072453005],[-70.7420675219835,-33.458650362681766],[-70.74206693733935,-33.458649952439664],[-70.74206337630964,-33.45864791560411],[-70.74205997215756,-33.45864570631085],[-70.7420548707824,-33.4586430214154],[-70.74204991816055,-33.45864014749657],[-70.74204925489506,-33.45863983844422],[-70.74204862546715,-33.45863947842426],[-70.74204540666375,-33.45863800227501],[-70.74204116094252,-33.458635487831714],[-70.74202189056774,-33.45862630499887],[-70.74200163925886,-33.45861874941732],[-70.74198060200548,-33.45861289383589],[-70.74195898136459,-33.458608794634976],[-70.74193698551011,-33.45860649128371],[-70.74191482622875,-33.45860600595993],[-70.74189271688064,-33.45860734333657],[-70.74187087034524,-33.45861049053679],[-70.74184949697158,-33.45861541725788],[-70.74182880255287,-33.45862207606302],[-70.74180898634522,-33.45863040283805],[-70.74179023914907,-33.458640317408744],[-70.74177274147198,-33.45865172431278],[-70.74175666179083,-33.45866451371885],[-70.74174215492947,-33.45867856248423],[-70.74172936056807,-33.458693735340304],[-70.74171840189824,-33.458709886195145],[-70.7417093844367,-33.45872685954002],[-70.74170239500944,-33.45874449194675],[-70.7416975009156,-33.45876261364132],[-70.74169474927943,-33.45878105013837],[-70.74169416659656,-33.45879962392142],[-70.74169575847876,-33.45881815615205],[-70.74169950959985,-33.45883646839171],[-70.7416999507161,-33.45883812867512],[-70.7417003921191,-33.45883979784404],[-70.74170550465406,-33.45885540223167],[-70.74174407078277,-33.459038289655375],[-70.74174608800963,-33.45904673122455],[-70.74179323270467,-33.45922309798645],[-70.74178636061427,-33.45922437489919],[-70.74173196078884,-33.4590077018095],[-70.74173175225377,-33.45900682941693],[-70.74173062910559,-33.459003093153854],[-70.74172976394209,-33.45899930896999],[-70.74172885907483,-33.45899674407408],[-70.74168528297292,-33.458810598082266],[-70.74167995207675,-33.45879256118125],[-70.74167253765025,-33.45877504910577],[-70.74166311109944,-33.458758230506334],[-70.74165176320801,-33.4587422673548],[-70.74163860326297,-33.45872731338446],[-70.74162375800212,-33.45871351260971],[-70.74160737039357,-33.45870099793898],[-70.74158959825873,-33.4586898898948],[-70.74157061275255,-33.458680295453185],[-70.74155059671511,-33.45867230701335],[-70.7415297429109,-33.45866600150795],[-70.74150825217237,-33.45866143966209],[-70.7414863314658,-33.4586586654086],[-70.74146419189823,-33.45865770546495],[-70.74144204668445,-33.458658569075915],[-70.74142010909358,-33.45866124792454],[-70.74139859039529,-33.45866571621223],[-70.74137769782523,-33.45867193090727],[-70.7413576325892,-33.45867983215914],[-70.74133858792555,-33.458689343874944],[-70.74132074724422,-33.45870037445215],[-70.74130428236033,-33.45871281766085],[-70.74128935183965,-33.458726553666736],[-70.7412760994714,-33.45874145018511],[-70.74126465288363,-33.458757363754884],[-70.74125512231389,-33.45877414112019],[-70.7412475995477,-33.458791620706236],[-70.74124215703455,-33.45880963417539],[-70.74123884719,-33.458828008048314],[-70.74123770189105,-33.45884656537471],[-70.74123873216891,-33.45886512743739],[-70.74124192810284,-33.458883515473445],[-70.74128808207001,-33.459080677673626],[-70.74129127168811,-33.459091412683726],[-70.74134583359621,-33.459308735667086],[-70.74101685527138,-33.459372534342045],[-70.74101636948225,-33.45937258118337],[-70.74100666089925,-33.459374338716096],[-70.7409969314077,-33.45937601304545],[-70.74099582847543,-33.45937629969536],[-70.7409946997643,-33.45937650402437],[-70.74099024247619,-33.459377704424945],[-70.74082231267313,-33.45941289438744],[-70.7408208480973,-33.459413036205554],[-70.74081406413889,-33.45941426716344],[-70.74080723083388,-33.45941528851469],[-70.74080323651737,-33.45941623184832],[-70.74079918062439,-33.459416967794674],[-70.74079257327885,-33.45941875017361],[-70.74078589231308,-33.4594203280094],[-70.74078202754221,-33.459421594960986],[-70.74077807723988,-33.4594226605828],[-70.74077171013921,-33.45942497721763],[-70.7407652458537,-33.45942709634266],[-70.74076154784822,-33.459428674710814],[-70.74075774117978,-33.459430059745706],[-70.74075167564233,-33.45943288832606],[-70.74074549029137,-33.45943552833213],[-70.74074199466483,-33.45943740291645],[-70.74073836829054,-33.459439094025775],[-70.74073266273061,-33.45944240731105],[-70.74072681588223,-33.459445542773615],[-70.7407235562994,-33.45944769552091],[-70.74072014514302,-33.45944967641851],[-70.74071485450796,-33.45945344250018],[-70.7407094024705,-33.45945704322315],[-70.7407064103229,-33.45945945340137],[-70.74070324723566,-33.45946170501023],[-70.74069842247724,-33.45946588761895],[-70.74069341775657,-33.459469918925656],[-70.74069072186015,-33.45947256332365],[-70.74068783730434,-33.45947506395957],[-70.74068352488753,-33.4594796228148],[-70.740679015682,-33.45948404588167],[-70.74067664199984,-33.45948689903244],[-70.74067406375524,-33.45948962461314],[-70.74067030521105,-33.45949451581085],[-70.7406663349469,-33.45949928804146],[-70.74066536996571,-33.45950057859696],[-70.74066324416295,-33.459503704734566],[-70.74066205923553,-33.459505246744456],[-70.74066083036622,-33.45950725438658],[-70.74065602169786,-33.459514325858976],[-70.74059742499196,-33.45960953582379],[-70.74058840797389,-33.45962609541718],[-70.74058132964888,-33.459643304215895],[-70.74057625543153,-33.459661003187165],[-70.74057323221578,-33.4596790287682],[-70.74057228794163,-33.45969721437786],[-70.74057343133674,-33.45971539195591],[-70.74057665183588,-33.459733393516316],[-70.74060922487185,-33.45987023728789],[-70.74060989656918,-33.459872477353116],[-70.74061112906502,-33.45987778697625],[-70.74064325627047,-33.459990387889896],[-70.74061431561948,-33.460231444564656],[-70.74061399200127,-33.46023672304347],[-70.7406136776732,-33.46023908728511],[-70.74061363345439,-33.46024257123682],[-70.74061318105768,-33.460249950197316],[-70.74061347311228,-33.46025520442362],[-70.7406134366395,-33.46025807807434],[-70.7406138436893,-33.4602618713118],[-70.74061420992912,-33.46026846016974],[-70.74061510281302,-33.460273604899115],[-70.74061546645011,-33.46027699357848],[-70.74061638723585,-33.46028100564483],[-70.74061739238198,-33.46028679721869],[-70.74061885292815,-33.46029174920745],[-70.7406197466867,-33.460295643508886],[-70.74062179790116,-33.46030266259594],[-70.74062251948367,-33.46030469502533],[-70.74068894890345,-33.460553991511134],[-70.74068893716677,-33.46055436117167],[-70.74069053643201,-33.46057296395831],[-70.74069431140632,-33.46059134462703],[-70.7406956667349,-33.46059643088759],[-70.74069666243568,-33.46060064016634],[-70.74070203594226,-33.46061866820717],[-70.74070949178817,-33.46063616797256],[-70.74071895817058,-33.46065297092982],[-70.74073034392389,-33.46066891525681],[-70.74074353939767,-33.46068384740041],[-70.74075841751265,-33.46069762355537],[-70.74077483498455,-33.46071011104916],[-70.74079263370395,-33.4607211896199],[-70.74081164225898,-33.46073075257432],[-70.74083167758619,-33.46073870781546],[-70.74085254673348,-33.46074497872956],[-70.74087404871847,-33.46074950492399],[-70.74089597646405,-33.460752242808816],[-70.74091811879266,-33.46075316601654],[-70.74094026246024,-33.46075226565614],[-70.74096219420973,-33.46074955039872],[-70.74098370282513,-33.4607450463939],[-70.74100458116551,-33.46073879701801],[-70.74102462815998,-33.460730862456344],[-70.74104365074419,-33.46072131912356],[-70.74106146571965,-33.46071025892767],[-70.74107790151805,-33.460697788385],[-70.7410927998536,-33.46068402759421],[-70.74110601724736,-33.46066910907989],[-70.74111742640905,-33.46065317651596],[-70.7411269174629,-33.46063638334222],[-70.7411343990058,-33.46061889128654],[-70.74113979898752,-33.46060086880729],[-70.74114306540453,-33.46058248947105],[-70.74114380920803,-33.4605699559348],[-70.74114452382588,-33.46056538937437],[-70.74114454761985,-33.46056477111832],[-70.74114463956727,-33.460564152110486],[-70.74114490636684,-33.4605554495448],[-70.74114523859993,-33.460546816898955],[-70.74114518995535,-33.46054619935066],[-70.74114520906251,-33.46054557610657],[-70.74114445730085,-33.46053689822009],[-70.74114377805626,-33.4605282751321],[-70.7411436573635,-33.46052766421982],[-70.74114360352704,-33.46052704276371],[-70.74114184160007,-33.460518473343285],[-70.74114015626206,-33.46050994264105],[-70.74113996459911,-33.46050934423953],[-70.7411398384244,-33.46050873056802],[-70.74107841537845,-33.46027822663097],[-70.74112164582992,-33.46020508799039],[-70.74128633832643,-33.46017327463066],[-70.7414797396901,-33.460138038728665],[-70.7414825751758,-33.460137391666265],[-70.74187085286113,-33.460065372102775],[-70.74187168117217,-33.46006525950322],[-70.74187280395074,-33.46006501020219],[-70.74187320460942,-33.46006493588545],[-70.74187526279314,-33.46006446424232],[-70.74187640610432,-33.460064210382185],[-70.74188119795399,-33.46006337917657],[-70.74188335822625,-33.460062910733754],[-70.74188440750743,-33.460062748739766],[-70.74203426179534,-33.46003326811179],[-70.74209602300273,-33.460269092708735],[-70.74209602563242,-33.460273298623285],[-70.74209651483538,-33.46027743959007],[-70.74209673550587,-33.46028159669587],[-70.74209695513004,-33.46028355870089],[-70.74209786862706,-33.46028889905667],[-70.74209821019326,-33.46029179031828],[-70.74209875434468,-33.460294077011795],[-70.74210008658294,-33.46030186535026],[-70.7421053337404,-33.460319828634525],[-70.7421126465496,-33.46033727719695],[-70.74212195525277,-33.460354044590744],[-70.7421331710526,-33.46036997086687],[-70.74214618695926,-33.46038490409993],[-70.74215478764636,-33.4603929813686],[-70.74215736098999,-33.46039586042317],[-70.74217232850744,-33.460409568321815],[-70.74218882696395,-33.46042198053893],[-70.74220669747024,-33.46043297753752],[-70.742225767923,-33.46044245340994],[-70.7422458546627,-33.46045031689787],[-70.7422667642421,-33.46045649227123],[-70.74228829528943,-33.46046092005745],[-70.74231024044765,-33.46046355761431],[-70.74233238837157,-33.46046437954058],[-70.74235452576315,-33.460463377920654],[-70.74237643942587,-33.4604605624008],[-70.74239791831785,-33.460455960096205],[-70.74240881622723,-33.460452641778204],[-70.74240421938971,-33.46045545986923],[-70.74238769426591,-33.46046784714426],[-70.74237269728421,-33.46048153240722],[-70.74235937287388,-33.46049638386207],[-70.74234784935673,-33.46051225848178],[-70.74233823771122,-33.46052900338555],[-70.74233063050364,-33.46054645731121],[-70.74232510099668,-33.460564452168256],[-70.74232170244373,-33.46058281465663],[-70.74232046757606,-33.46060136793565],[-70.74232140828751,-33.460619933327116],[-70.7423245155199,-33.46063833203606],[-70.74232975935016,-33.46065638687269],[-70.74233708927859,-33.4606739239587],[-70.74234643471502,-33.46069077440202],[-70.7423577056586,-33.46070677592316],[-70.74237079356466,-33.46072177441823],[-70.74238557238984,-33.460735625442965],[-70.74240189980608,-33.46074819560384],[-70.7424196185713,-33.46075936384277],[-70.74243855804363,-33.460769022602975],[-70.74245853582494,-33.460777078864794],[-70.74247935951733,-33.46078345504166],[-70.7425008285762,-33.46078808972711],[-70.74252273624153,-33.460790938286394],[-70.74254487152918,-33.46079197328618],[-70.74256702126283,-33.46079118475882],[-70.74258897212711,-33.46078858029835],[-70.74261051272181,-33.46078418498743],[-70.74261225506066,-33.46078375255083],[-70.74261425104147,-33.46078347339582],[-70.74273865720316,-33.460760380959464],[-70.74276538548214,-33.46085912370871],[-70.74276576634313,-33.460860532635735],[-70.74276614576442,-33.46086195951205],[-70.742859878038,-33.46121412439378],[-70.74285984993682,-33.46121699046723],[-70.74286184157523,-33.46123549745458],[-70.74286598786017,-33.461253751701925],[-70.74287224886196,-33.46127157741071],[-70.74288056428482,-33.461288802909216],[-70.74289085404767,-33.46130526230604]],[[-70.74254091808852,-33.46040920617958],[-70.74254005708536,-33.46040923690639],[-70.74253189665517,-33.46041020586509],[-70.74252370968932,-33.460411002184536],[-70.74252092647943,-33.460411508448345],[-70.74251810663823,-33.460411843272176],[-70.74251009881243,-33.46041347799221],[-70.74250204439018,-33.46041494308444],[-70.74249933378472,-33.460415675567425],[-70.74249656667583,-33.460416240445504],[-70.7424887885737,-33.460418525183805],[-70.74248094426312,-33.460420644939255],[-70.74247833236628,-33.460421596587324],[-70.74247564463857,-33.460422386079536],[-70.74246925862923,-33.460424874999305],[-70.7424687574846,-33.46042502215617],[-70.74247545329351,-33.46042081751834],[-70.74249180760233,-33.46040827199868],[-70.74250661607779,-33.460394443282304],[-70.74251973610635,-33.46037946454786],[-70.7425219700257,-33.46037630600285],[-70.74252500184409,-33.4603727397687],[-70.74253605648694,-33.460356583594596],[-70.74254516403192,-33.46033959529414],[-70.74255223636767,-33.46032193922364],[-70.74255720507294,-33.46030378619974],[-70.74256002207852,-33.460285311846825],[-70.7425606601322,-33.46026669489795],[-70.74255911306247,-33.46024811546564],[-70.74255539583805,-33.46022975329927],[-70.74248036961444,-33.4599448988982],[-70.74252203877502,-33.459936787912696],[-70.74257926070845,-33.4601707808222],[-70.7425817786458,-33.46018271615807],[-70.74263872362481,-33.46039105139382],[-70.74254091808852,-33.46040920617958]],[[-70.74189101385136,-33.45959282702703],[-70.74191028056894,-33.459668663481516],[-70.74190063462764,-33.45967056111678],[-70.74188049952681,-33.45959478071008],[-70.74189101385136,-33.45959282702703]],[[-70.74142817900089,-33.45968147478887],[-70.74144004089622,-33.459679174396854],[-70.74145985292593,-33.45975374029936],[-70.7414487933808,-33.459755791661564],[-70.74142817900089,-33.45968147478887]]]}},{"type":"Feature","properties":{"numpos":"1080","TIPO":"TRAFO","TENSION":"MT","INCIDENCIA":"DF202671768632","CLITOTAL":"1","CANTAVISOS":"","FECHA_INICIO":"02-08-2026 15:15","FECHA_FIN":"","DESCARGO":"","ESTADODESC":" ","ESTADOINC":"Activo","CLI_PLAN":"0","FECHA_INIDESC":"","FECHA_FINDESC":"","FECHA_REPOSICION":"02-08-2026 17:46","id_alim":"2244"},"geometry":{"type":"Polygon","coordinates":[[[-70.67925326767826,-33.47773287503524],[-70.67923114034535,-33.47773408681966],[-70.67920926129527,-33.47773711029232],[-70.67918784123397,-33.477741916335795],[-70.67916708644712,-33.477748458665566],[-70.67914719681369,-33.47775667427584],[-70.67912836388092,-33.47776648404625],[-70.67911076901964,-33.47777779350392],[-70.67909458167773,-33.47779049373312],[-70.67907995774806,-33.477804462424295],[-70.67906703806732,-33.47781956505187],[-70.67905594705957,-33.47783565616983],[-70.67904679153801,-33.477852580812375],[-70.67903965967632,-33.47787017598634],[-70.67903462015933,-33.477888272240925],[-70.6790317215216,-33.47790669529949],[-70.67903099167997,-33.477925267738016],[-70.67903243766457,-33.477943810693795],[-70.67903604555119,-33.477962145587895],[-70.6790417805952,-33.47798009584502],[-70.67904958756613,-33.477997488594056],[-70.67905939127965,-33.47801415633296],[-70.6790710973214,-33.478029938541745],[-70.67908459295637,-33.47804468322861],[-70.67909974821454,-33.478058248393616],[-70.67911641714254,-33.478070503396204],[-70.67913443920924,-33.47808133021345],[-70.67915364085177,-33.47809062457664],[-70.6791738371471,-33.478098296975546],[-70.67919483359293,-33.4781042735203],[-70.67921642798086,-33.47810849665324],[-70.67923841234382,-33.47811092570306],[-70.67926057495906,-33.478111537276575],[-70.67927133353501,-33.478111391475785],[-70.67929346096278,-33.478110179681295],[-70.67931534010253,-33.478107156191115],[-70.67933676024485,-33.47810235012328],[-70.67935751510095,-33.47809580776321],[-70.67937740478912,-33.47808759211782],[-70.67939623776007,-33.478077782308716],[-70.67941383264136,-33.4780664728103],[-70.6794300199844,-33.47805377253978],[-70.67944464389618,-33.47803980380825],[-70.67945756354064,-33.47802470114283],[-70.67946865449505,-33.47800860999095],[-70.67947780994821,-33.47799168531967],[-70.67948494172904,-33.47797409012326],[-70.67948998115574,-33.47795599385337],[-70.67949287969711,-33.477937570787184],[-70.67949360944002,-33.47791899834902],[-70.67949216335796,-33.47790045540161],[-70.67948855537894,-33.47788212052354],[-70.67948282025102,-33.47786417028948],[-70.67947501320782,-33.47784677756971],[-70.67946520943643,-33.477830109865174],[-70.67945350335332,-33.477814327694524],[-70.67944000769505,-33.47779958304815],[-70.67942485243252,-33.47778601792448],[-70.67940818351919,-33.47777376296251],[-70.67939016148561,-33.477762936183666],[-70.6793709598933,-33.47775364185518],[-70.67935076366336,-33.47774596948609],[-70.67932976729557,-33.477739992965056],[-70.6793081729953,-33.47773576984896],[-70.67928618872621,-33.477733340808484],[-70.67926402620743,-33.477732729236536],[-70.67925326767826,-33.47773287503524]]]}},{"type":"Feature","properties":{"numpos":"100888","TIPO":"TRAFO","TENSION":"MT","INCIDENCIA":"DF202671768630","CLITOTAL":"9","CANTAVISOS":"1","FECHA_INICIO":"02-08-2026 15:15","FECHA_FIN":"","DESCARGO":"","ESTADODESC":" ","ESTADOINC":"Activo","CLI_PLAN":"0","FECHA_INIDESC":"","FECHA_FINDESC":"","FECHA_REPOSICION":"02-08-2026 16:35","id_alim":"2521"},"geometry":{"type":"Polygon","coordinates":[[[-70.7539634368848,-33.245353444163904],[-70.75395901176944,-33.245371651018374],[-70.75395673177567,-33.245390134659395],[-70.75395661886252,-33.24540871707945],[-70.75395867411869,-33.245427219319616],[-70.75396287775234,-33.24544546319311],[-70.75396918928138,-33.24546327300116],[-70.75397754792351,-33.24548047722523],[-70.75398787318132,-33.24549691017884],[-70.75400006561772,-33.24551241360312],[-70.75401400781334,-33.24552683819112],[-70.75402956549745,-33.245540045025585],[-70.75404658884099,-33.24555190691692],[-70.75406491389958,-33.24556230962806],[-70.75408436419231,-33.245571152974726],[-70.75410475240143,-33.24557835179018],[-70.75412588217634,-33.24558383674553],[-70.75414755002461,-33.245587555017366],[-70.75416954727172,-33.24558947079654],[-70.7541916620708,-33.24558956563294],[-70.75421368144286,-33.245587838613325],[-70.75423539332802,-33.24558430636995],[-70.75425658862764,-33.24557900292051],[-70.75427706321831,-33.24557197934048],[-70.7542966199176,-33.2455633032712],[-70.75431507038306,-33.24555305826846],[-70.75433223692612,-33.24554134299779],[-70.75434795422338,-33.245528270284204],[-70.75436207090871,-33.24551396602565],[-70.75437445103101,-33.2454985679805],[-70.7543849753635,-33.24548222444085],[-70.75438720306535,-33.24547831837611],[-70.75439523926966,-33.2454624009965],[-70.75439792524855,-33.24545535215801],[-70.75459364941437,-33.24499733741075],[-70.75459484449385,-33.24499453291261],[-70.75459534777663,-33.244993581798234],[-70.75484794617337,-33.244445195155734],[-70.75484833525522,-33.24444420926297],[-70.7548488250563,-33.24444325559498],[-70.7548515495411,-33.244437142541685],[-70.75485254535836,-33.24443452350719],[-70.754853754158,-33.244431968549534],[-70.75485590886468,-33.24442567736588],[-70.75485827993202,-33.24441944137334],[-70.75485896544892,-33.24441675293266],[-70.754859870397,-33.24441411071857],[-70.75486128087407,-33.24440767236263],[-70.75486291310797,-33.24440127111206],[-70.75486328172273,-33.24439853915635],[-70.75486387410432,-33.24439583513188],[-70.75486452676859,-33.24438931160857],[-70.7548654044502,-33.2443828067476],[-70.7548654526131,-33.24438005758712],[-70.7548657267234,-33.24437731779347],[-70.75486561528983,-33.24437077192794],[-70.75486572996705,-33.24436422610193],[-70.75486545721446,-33.244361486212604],[-70.75486541041388,-33.244358737035505],[-70.75486453595609,-33.24435223186798],[-70.75486388652503,-33.244345708116825],[-70.75486329548391,-33.24434300388527],[-70.75486292822332,-33.24434027180078],[-70.75486129916334,-33.24433386997952],[-70.75485989187882,-33.24432743113044],[-70.7548589882414,-33.244324788599855],[-70.75485830405793,-33.244322099919444],[-70.75485593608492,-33.24431586309738],[-70.7548537845003,-33.24430957115993],[-70.75485257696928,-33.244307015779306],[-70.75485158245218,-33.24430439639633],[-70.75484849837139,-33.244298384637354],[-70.75484562320801,-33.24429230020622],[-70.75484412341271,-33.24428985658517],[-70.7548428281399,-33.24428733172569],[-70.75483905765307,-33.24428160292628],[-70.75483548660063,-33.24427578459764],[-70.754833708985,-33.244273476269484],[-70.75483212543078,-33.24427107024924],[-70.75482770484999,-33.24426567958056],[-70.75482347229996,-33.24426018338799],[-70.75482143398354,-33.24425803258316],[-70.75481957739846,-33.24425576857331],[-70.7548145492965,-33.2442507679503],[-70.7548096960108,-33.24424564682493],[-70.75480741662369,-33.24424367425671],[-70.7548053048878,-33.24424157406091],[-70.75479971768813,-33.24423701164211],[-70.75479429040661,-33.24423231490294],[-70.75479179190062,-33.24423053956824],[-70.75478944535104,-33.24422862341234],[-70.75478335286144,-33.24422454313615],[-70.75477740385176,-33.244220316015166],[-70.75477471028876,-33.244218755011275],[-70.7547721515241,-33.24421704134888],[-70.75476561241841,-33.24421348251039],[-70.75475919897272,-33.244209765716896],[-70.7547563362932,-33.24420843407711],[-70.75475358995563,-33.24420693941161],[-70.75474666720875,-33.24420393628415],[-70.7547398510919,-33.244200765612725],[-70.75473684686494,-33.244199676161415],[-70.75473393940305,-33.24419841488716],[-70.75471680393085,-33.24419185514651],[-70.75469625364168,-33.244184990127366],[-70.75467500152237,-33.24417985072988],[-70.75465325224123,-33.24417648644902],[-70.75463121525445,-33.24417492968442],[-70.75460910278889,-33.24417519542859],[-70.7545871277983,-33.24417728112229],[-70.75456550191255,-33.24418116667934],[-70.75454443339947,-33.24418681467997],[-70.7545241251593,-33.24419417073122],[-70.7545047727706,-33.24420316399072],[-70.75448656260677,-33.24421370784899],[-70.75446967004116,-33.24422570076345],[-70.75445425775828,-33.24423902723636],[-70.75444047418691,-33.24425355892704],[-70.75442845207075,-33.24426915588794],[-70.75441830718995,-33.24428566791227],[-70.75441013724608,-33.24430293598069],[-70.75440402092126,-33.244320793792575],[-70.75440001712016,-33.244339069367726],[-70.75439816440293,-33.24435758670251],[-70.75439840863238,-33.24437193780056],[-70.75417555759248,-33.244855737999224],[-70.75417449780262,-33.24485795311827],[-70.75417308285947,-33.24486138881377],[-70.75417142401346,-33.24486475186832],[-70.75416942996581,-33.24486943147504],[-70.75397199284929,-33.24533144938185],[-70.75397175039166,-33.24533211826903],[-70.75396996450422,-33.245335689437695],[-70.7539634368848,-33.245353444163904]]]}},{"type":"Feature","properties":{"numpos":"100888","TIPO":"TRAFO","TENSION":"MT","INCIDENCIA":"DF202671768630","CLITOTAL":"9","CANTAVISOS":"1","FECHA_INICIO":"02-08-2026 15:15","FECHA_FIN":"","DESCARGO":"","ESTADODESC":" ","ESTADOINC":"Activo","CLI_PLAN":"0","FECHA_INIDESC":"","FECHA_FINDESC":"","FECHA_REPOSICION":"02-08-2026 16:35","id_alim":"2521"},"geometry":{"type":"Polygon","coordinates":[[[-70.7539634368848,-33.245353444163904],[-70.75395901176944,-33.245371651018374],[-70.75395673177567,-33.245390134659395],[-70.75395661886252,-33.24540871707945],[-70.75395867411869,-33.245427219319616],[-70.75396287775234,-33.24544546319311],[-70.75396918928138,-33.24546327300116],[-70.75397754792351,-33.24548047722523],[-70.75398787318132,-33.24549691017884],[-70.75400006561772,-33.24551241360312],[-70.75401400781334,-33.24552683819112],[-70.75402956549745,-33.245540045025585],[-70.75404658884099,-33.24555190691692],[-70.75406491389958,-33.24556230962806],[-70.75408436419231,-33.245571152974726],[-70.75410475240143,-33.24557835179018],[-70.75412588217634,-33.24558383674553],[-70.75414755002461,-33.245587555017366],[-70.75416954727172,-33.24558947079654],[-70.7541916620708,-33.24558956563294],[-70.75421368144286,-33.245587838613325],[-70.75423539332802,-33.24558430636995],[-70.75425658862764,-33.24557900292051],[-70.75427706321831,-33.24557197934048],[-70.7542966199176,-33.2455633032712],[-70.75431507038306,-33.24555305826846],[-70.75433223692612,-33.24554134299779],[-70.75434795422338,-33.245528270284204],[-70.75436207090871,-33.24551396602565],[-70.75437445103101,-33.2454985679805],[-70.7543849753635,-33.24548222444085],[-70.75438720306535,-33.24547831837611],[-70.75439523926966,-33.2454624009965],[-70.75439792524855,-33.24545535215801],[-70.75459364941437,-33.24499733741075],[-70.75459484449385,-33.24499453291261],[-70.75459534777663,-33.244993581798234],[-70.75484794617337,-33.244445195155734],[-70.75484833525522,-33.24444420926297],[-70.7548488250563,-33.24444325559498],[-70.7548515495411,-33.244437142541685],[-70.75485254535836,-33.24443452350719],[-70.754853754158,-33.244431968549534],[-70.75485590886468,-33.24442567736588],[-70.75485827993202,-33.24441944137334],[-70.75485896544892,-33.24441675293266],[-70.754859870397,-33.24441411071857],[-70.75486128087407,-33.24440767236263],[-70.75486291310797,-33.24440127111206],[-70.75486328172273,-33.24439853915635],[-70.75486387410432,-33.24439583513188],[-70.75486452676859,-33.24438931160857],[-70.7548654044502,-33.2443828067476],[-70.7548654526131,-33.24438005758712],[-70.7548657267234,-33.24437731779347],[-70.75486561528983,-33.24437077192794],[-70.75486572996705,-33.24436422610193],[-70.75486545721446,-33.244361486212604],[-70.75486541041388,-33.244358737035505],[-70.75486453595609,-33.24435223186798],[-70.75486388652503,-33.244345708116825],[-70.75486329548391,-33.24434300388527],[-70.75486292822332,-33.24434027180078],[-70.75486129916334,-33.24433386997952],[-70.75485989187882,-33.24432743113044],[-70.7548589882414,-33.244324788599855],[-70.75485830405793,-33.244322099919444],[-70.75485593608492,-33.24431586309738],[-70.7548537845003,-33.24430957115993],[-70.75485257696928,-33.244307015779306],[-70.75485158245218,-33.24430439639633],[-70.75484849837139,-33.244298384637354],[-70.75484562320801,-33.24429230020622],[-70.75484412341271,-33.24428985658517],[-70.7548428281399,-33.24428733172569],[-70.75483905765307,-33.24428160292628],[-70.75483548660063,-33.24427578459764],[-70.754833708985,-33.244273476269484],[-70.75483212543078,-33.24427107024924],[-70.75482770484999,-33.24426567958056],[-70.75482347229996,-33.24426018338799],[-70.75482143398354,-33.24425803258316],[-70.75481957739846,-33.24425576857331],[-70.7548145492965,-33.2442507679503],[-70.7548096960108,-33.24424564682493],[-70.75480741662369,-33.24424367425671],[-70.7548053048878,-33.24424157406091],[-70.75479971768813,-33.24423701164211],[-70.75479429040661,-33.24423231490294],[-70.75479179190062,-33.24423053956824],[-70.75478944535104,-33.24422862341234],[-70.75478335286144,-33.24422454313615],[-70.75477740385176,-33.244220316015166],[-70.75477471028876,-33.244218755011275],[-70.7547721515241,-33.24421704134888],[-70.75476561241841,-33.24421348251039],[-70.75475919897272,-33.244209765716896],[-70.7547563362932,-33.24420843407711],[-70.75475358995563,-33.24420693941161],[-70.75474666720875,-33.24420393628415],[-70.7547398510919,-33.244200765612725],[-70.75473684686494,-33.244199676161415],[-70.75473393940305,-33.24419841488716],[-70.75471680393085,-33.24419185514651],[-70.75469625364168,-33.244184990127366],[-70.75467500152237,-33.24417985072988],[-70.75465325224123,-33.24417648644902],[-70.75463121525445,-33.24417492968442],[-70.75460910278889,-33.24417519542859],[-70.7545871277983,-33.24417728112229],[-70.75456550191255,-33.24418116667934],[-70.75454443339947,-33.24418681467997],[-70.7545241251593,-33.24419417073122],[-70.7545047727706,-33.24420316399072],[-70.75448656260677,-33.24421370784899],[-70.75446967004116,-33.24422570076345],[-70.75445425775828,-33.24423902723636],[-70.75444047418691,-33.24425355892704],[-70.75442845207075,-33.24426915588794],[-70.75441830718995,-33.24428566791227],[-70.75441013724608,-33.24430293598069],[-70.75440402092126,-33.244320793792575],[-70.75440001712016,-33.244339069367726],[-70.75439816440293,-33.24435758670251],[-70.75439840863238,-33.24437193780056],[-70.75417555759248,-33.244855737999224],[-70.75417449780262,-33.24485795311827],[-70.75417308285947,-33.24486138881377],[-70.75417142401346,-33.24486475186832],[-70.75416942996581,-33.24486943147504],[-70.75397199284929,-33.24533144938185],[-70.75397175039166,-33.24533211826903],[-70.75396996450422,-33.245335689437695],[-70.7539634368848,-33.245353444163904]]]}},{"type":"Feature","properties":{"numpos":"27749","TIPO":"TRAFO","TENSION":"MT","INCIDENCIA":"DF202671768824","CLITOTAL":"19","CANTAVISOS":"","FECHA_INICIO":"02-08-2026 15:15","FECHA_FIN":"","DESCARGO":"","ESTADODESC":" ","ESTADOINC":"Activo","CLI_PLAN":"0","FECHA_INIDESC":"","FECHA_FINDESC":"","FECHA_REPOSICION":"02-08-2026 19:05","id_alim":"911"},"geometry":{"type":"Polygon","coordinates":[[[-70.57123073887452,-33.481639535284444],[-70.57124106301679,-33.481655981834564],[-70.57125326119181,-33.481671501207984],[-70.571267215925,-33.481685943944086],[-70.57128279282492,-33.481699170950904],[-70.57129984187743,-33.4817110548445],[-70.57131819889057,-33.48172148117598],[-70.5713376870757,-33.4817303495335],[-70.57135811875014,-33.48173757450951],[-70.5713792971447,-33.48174308652315],[-70.57140101829869,-33.481746832490394],[-70.57142307302423,-33.481748776335394],[-70.5714452489209,-33.48174889933773],[-70.57146733242125,-33.48174720031287],[-70.57148911084782,-33.48174369562352],[-70.57151037446113,-33.481738419021994],[-70.57153091847987,-33.48173142132515],[-70.57155054505287,-33.48172276992513],[-70.57156906516484,-33.481712548140116],[-70.57158630045642,-33.481700854412],[-70.57160208494209,-33.48168780135838],[-70.5716162666087,-33.481673514687884],[-70.57162870887932,-33.48165813198948],[-70.5716392919286,-33.4816418014075],[-70.57164791383686,-33.481624680214836],[-70.57165449157138,-33.48160693329831],[-70.57165896178613,-33.48158873157072],[-70.57166128143183,-33.48157025032482],[-70.57166142817039,-33.48155166754525],[-70.57165940059,-33.48153316219425],[-70.57165521821872,-33.48151491248835],[-70.57154156104663,-33.481123719683175],[-70.5715405991939,-33.48111924935686],[-70.57153867856057,-33.4811122964884],[-70.5715369474673,-33.481105308755446],[-70.57147555245895,-33.480906949621456],[-70.57143235351887,-33.48073492468321],[-70.57143193066896,-33.48073323433972],[-70.57142632135927,-33.48071525545611],[-70.57141863610755,-33.480697823874806],[-70.571408948928,-33.48068110747111],[-70.5713973531143,-33.480665267232574],[-70.57138396034104,-33.48065045570888],[-70.5713688995883,-33.4806368155425],[-70.57135231589939,-33.48062447809514],[-70.57133436898411,-33.480613562182576],[-70.57131523168057,-33.480604172930505],[-70.57129508829077,-33.48059640076207],[-70.5712741328056,-33.48059032052707],[-70.57125256703674,-33.48058599078121],[-70.57123059867304,-33.48058345322204],[-70.57120843928055,-33.48058273228755],[-70.57118630226489,-33.48058383492073],[-70.5711644008163,-33.48058675050272],[-70.57114294585635,-33.48059145095508],[-70.57112214400689,-33.48059789101022],[-70.57110219560005,-33.48060600864728],[-70.57108329274908,-33.48061572568947],[-70.57106561749818,-33.48062694855687],[-70.57104934006935,-33.4806395691677],[-70.57103461722306,-33.48065346597917],[-70.57102159074861,-33.48066850515792],[-70.57101038609851,-33.48068454186902],[-70.5710011111804,-33.48070142167061],[-70.57099385531777,-33.48071898200139],[-70.57098868838963,-33.48073705374615],[-70.5709856601576,-33.48075546286425],[-70.57098479978657,-33.48077403206602],[-70.57098611556377,-33.48079258251983],[-70.5709895948189,-33.480810935574596],[-70.57099003558551,-33.48081269757564],[-70.5710343671202,-33.480989236493386],[-70.57103569706894,-33.48099348584829],[-70.57103676168099,-33.48099778337349],[-70.57107230253946,-33.48111261315747],[-70.57107021888486,-33.48111933211105],[-70.57106677183296,-33.48113768943268],[-70.57106548860963,-33.4811562414865],[-70.57106638157441,-33.481174809606145],[-70.5710694421289,-33.48119321497038],[-70.57107464079967,-33.48121128032528],[-70.57108192752183,-33.48122883169132],[-70.57109123212135,-33.48124570003884],[-70.57110246499073,-33.48126172291598],[-70.5711155179519,-33.48127674601316],[-70.57112287966174,-33.48128367407339],[-70.57121609138814,-33.481604501616886],[-70.5712223881914,-33.48162231994737],[-70.57123073887452,-33.481639535284444]]]}},{"type":"Feature","properties":{"numpos":"27750","TIPO":"TRAFO","TENSION":"MT","INCIDENCIA":"DF202671768824","CLITOTAL":"21","CANTAVISOS":"","FECHA_INICIO":"02-08-2026 15:15","FECHA_FIN":"","DESCARGO":"","ESTADODESC":" ","ESTADOINC":"Activo","CLI_PLAN":"0","FECHA_INIDESC":"","FECHA_FINDESC":"","FECHA_REPOSICION":"02-08-2026 19:05","id_alim":"911"},"geometry":{"type":"Polygon","coordinates":[[[-70.57130923877705,-33.481880517505765],[-70.57131349734689,-33.481890068861205],[-70.57132325765095,-33.48190675542226],[-70.57133492278231,-33.48192255996457],[-70.57134838039994,-33.48193733028125],[-70.57136350089998,-33.48195092412548],[-70.57138013866376,-33.48196321058059],[-70.57139813346032,-33.48197407132068],[-70.57141731198944,-33.481983401750355],[-70.57143748955068,-33.481991112012025],[-70.57145847182214,-33.48199712785125],[-70.57148005673193,-33.48200139133188],[-70.57150203640433,-33.48200386139404],[-70.57152419916171,-33.48200451424959],[-70.57154633156324,-33.482003343611154],[-70.5715682204604,-33.48200036075273],[-70.57158965504985,-33.4819955944011],[-70.5716104289036,-33.48198909045917],[-70.57163034195703,-33.48198091156385],[-70.5716492024358,-33.48197113648284],[-70.57166682870256,-33.481959859356074],[-70.57168305100643,-33.48194718878899],[-70.57169771311769,-33.48193324680667],[-70.57171067383244,-33.481918167678565],[-70.57172180833234,-33.48190209662547],[-70.5717310093869,-33.48188518842087],[-70.5717381883858,-33.48186760590045],[-70.5717432761925,-33.48184951839381],[-70.57174622380992,-33.48183110009372],[-70.57174700285226,-33.48181252837862],[-70.57174560581824,-33.48179398210429],[-70.57174204616351,-33.481775639881334],[-70.57173748315618,-33.4817612308314],[-70.57173730077561,-33.481760558496006],[-70.57173669944895,-33.48175875604269],[-70.57173635817075,-33.48175767835519],[-70.57173620934707,-33.481757286981285],[-70.57165658387967,-33.48151861199345],[-70.5716561355601,-33.48151724695357],[-70.57165597012501,-33.48151682531274],[-70.57165585238602,-33.48151639257132],[-70.57165324809559,-33.48150860575641],[-70.5716500734435,-33.48150064048887],[-70.57164700803425,-33.48149269375905],[-70.57164657142522,-33.48149185385091],[-70.571646223,-33.48149097964458],[-70.57164212984928,-33.48148330955578],[-70.57163815171982,-33.48147565679477],[-70.57163761924306,-33.48147485720215],[-70.57163717002466,-33.4814740154188],[-70.57163219703087,-33.48146671494755],[-70.57162734525642,-33.4814594292882],[-70.57162672211604,-33.48145867764282],[-70.57162617635554,-33.48145787645338],[-70.571620370798,-33.481451016544966],[-70.57161469271688,-33.48144416751862],[-70.57161398497284,-33.48144347098454],[-70.57161334786836,-33.48144271817487],[-70.57160676520746,-33.4814363655721],[-70.57160031595248,-33.48143001846463],[-70.57159953046123,-33.48142938367224],[-70.57159880810887,-33.48142868656523],[-70.5715915114582,-33.48142290313826],[-70.57158435341951,-33.48141711838882],[-70.57158349776749,-33.481416551373975],[-70.57158269710308,-33.48141591675595],[-70.57157475662152,-33.481410758878674],[-70.57156695884579,-33.48140559152537],[-70.57156604127692,-33.48140509767437],[-70.5715651700086,-33.48140453172674],[-70.57155666221777,-33.48140004970622],[-70.57155233294282,-33.481397719616815],[-70.57150761393966,-33.48136062133774],[-70.57150135141417,-33.48135584822426],[-70.57149996366478,-33.48135466816006],[-70.5714980555251,-33.48135333619382],[-70.57149347275674,-33.48134984334114],[-70.57149182713783,-33.481348691813295],[-70.57148729135882,-33.48134582232642],[-70.57148292468796,-33.48134277419505],[-70.57147844726771,-33.481340227254826],[-70.57147412829592,-33.4813374949265],[-70.57146927871825,-33.48133501180699],[-70.57146457653857,-33.481332337013356],[-70.57145982276644,-33.48133017009403],[-70.57145520499529,-33.481327805665],[-70.57145008832283,-33.48132573282657],[-70.57144509591879,-33.481323457130294],[-70.57144011157612,-33.48132169110037],[-70.57143523947697,-33.48131971734124],[-70.57142990498596,-33.481318074746305],[-70.57142467043681,-33.481316220063476],[-70.57141950352514,-33.48131487193065],[-70.57141442401891,-33.48131330784974],[-70.57140892308314,-33.481312111317315],[-70.57140349680023,-33.48131069550941],[-70.57139819707969,-33.48130977825694],[-70.5713929590843,-33.48130863891705],[-70.57138734468028,-33.481307899970325],[-70.57138177892152,-33.481306936672325],[-70.57137639743095,-33.481306459133776],[-70.57137105139093,-33.48130575550736],[-70.57136537758822,-33.48130548126276],[-70.57135972595448,-33.481304979751684],[-70.57135431452014,-33.48130494652596],[-70.57134891192052,-33.481304685389276],[-70.57134323336078,-33.481304878487904],[-70.57133755027984,-33.48130484359356],[-70.57133216101631,-33.4813052550007],[-70.57132675388691,-33.48130543886864],[-70.57132112525727,-33.481306097450876],[-70.57131546546006,-33.48130652950933],[-70.5713101502689,-33.48130738158725],[-70.57130479068267,-33.48130800868912],[-70.57129926618944,-33.481309126412505],[-70.57129368418273,-33.48131002126282],[-70.57129160383076,-33.48131044438227],[-70.57129132904114,-33.481310512394536],[-70.57129104775667,-33.48131055810637],[-70.57103025247237,-33.481364187061075],[-70.57090620827177,-33.48138969384689],[-70.57088495617901,-33.481395002713384],[-70.57086442739038,-33.481402031573886],[-70.57084481960831,-33.48141071273703],[-70.57082632166578,-33.48142096259902],[-70.57080911170755,-33.481432682448585],[-70.5707933554747,-33.48144575941772],[-70.57077920470843,-33.48146006756866],[-70.57076679568861,-33.481475469106684],[-70.57075624792147,-33.48149181570698],[-70.57074766298857,-33.481508949943425],[-70.57074112356852,-33.481526706804274],[-70.5707366926407,-33.481544915281525],[-70.57073441287865,-33.48156340001784],[-70.57073430623906,-33.48158198299511],[-70.57073637375036,-33.48160048524908],[-70.57074059550263,-33.48161872859285],[-70.57074693083935,-33.48163653733272],[-70.57075531874891,-33.481653739960485],[-70.57076567845212,-33.481670170804996],[-70.57077791018008,-33.48168567162774],[-70.57079189613512,-33.48170009314675],[-70.57080750162504,-33.48171329647439],[-70.57082457636042,-33.481725154454786],[-70.5708429559019,-33.48173555288859],[-70.57086246324393,-33.48174439163262],[-70.57088291051932,-33.48175158556454],[-70.57090410080859,-33.48175706540244],[-70.57092583003654,-33.48176077837222],[-70.57094788893752,-33.48176268871571],[-70.57097006507087,-33.48176277803524],[-70.57099214486693,-33.48176104547064],[-70.57101391568384,-33.481757507707556],[-70.57113796170398,-33.48173200052639],[-70.57125075224917,-33.48170880676146],[-70.57130203415709,-33.481862524865626],[-70.57130331623705,-33.48186574861343],[-70.57130435630764,-33.481869032996364],[-70.57130573586639,-33.48187266098263],[-70.57130878542162,-33.481879500695065],[-70.57130904556391,-33.481880154814014],[-70.57130923877705,-33.481880517505765]]]}},{"type":"Feature","properties":{"numpos":"27751","TIPO":"TRAFO","TENSION":"MT","INCIDENCIA":"DF202671768824","CLITOTAL":"24","CANTAVISOS":"","FECHA_INICIO":"02-08-2026 15:15","FECHA_FIN":"","DESCARGO":"","ESTADODESC":" ","ESTADOINC":"Activo","CLI_PLAN":"0","FECHA_INIDESC":"","FECHA_FINDESC":"","FECHA_REPOSICION":"02-08-2026 19:05","id_alim":"911"},"geometry":{"type":"Polygon","coordinates":[[[-70.57092533931579,-33.48177443867459],[-70.57093597393884,-33.48179074572533],[-70.57094846478552,-33.48180610077082],[-70.5709626915626,-33.48182035593305],[-70.57097851725864,-33.48183337392643],[-70.57099578946344,-33.48184502938003],[-70.57101434183589,-33.48185521004487],[-70.57103399570593,-33.481863817875094],[-70.5710545617952,-33.48187076997214],[-70.57107584203999,-33.481875999383135],[-70.57109763149869,-33.48187945574573],[-70.57111972032561,-33.48188110577308],[-70.57114189579188,-33.48188093357447],[-70.57116394433429,-33.48187894080831],[-70.57118565361193,-33.48187514666618],[-70.57120681455136,-33.48186958768804],[-70.57122722336005,-33.4818623174102],[-70.57124668348911,-33.48185340584989],[-70.5712650075261,-33.48184293883081],[-70.5712820190001,-33.481831017156615],[-70.5712975540811,-33.48181775564012],[-70.57131146315785,-33.48180328199755],[-70.57132361227872,-33.48178773561853],[-70.5713338844416,-33.481771266223724],[-70.57134218072076,-33.481754032422835],[-70.57134842121957,-33.48173620018719],[-70.57135254583979,-33.48171794125121],[-70.57135451486037,-33.481699431458615],[-70.57135430931997,-33.48168084906887],[-70.57135193119944,-33.48166237304053],[-70.5713474034027,-33.48164418130765],[-70.57124755565869,-33.48132281859533],[-70.57124458483756,-33.48131209383872],[-70.57124416504105,-33.481310857335686],[-70.57124387144486,-33.48130959552765],[-70.5711665220172,-33.481046610351505],[-70.5711664763564,-33.48104648247475],[-70.57116644565292,-33.48104635149944],[-70.57116592989037,-33.48104460848682],[-70.57116348414874,-33.48103779394256],[-70.57116241072549,-33.481034406363804],[-70.57116168213815,-33.48103277301857],[-70.57115954297882,-33.481026812699625],[-70.57115110527876,-33.48100962720067],[-70.57114069805081,-33.48099321749525],[-70.57112842152297,-33.48097774161727],[-70.57111439392544,-33.48096334860741],[-70.57109875035188,-33.480950177077624],[-70.5710816414584,-33.48093835387638],[-70.57106323201269,-33.480927992867],[-70.57104369930721,-33.48091919383116],[-70.57102323145179,-33.48091204150791],[-70.57100202556205,-33.48090660477769],[-70.5709802858611,-33.48090293599886],[-70.57095822171289,-33.4809010705036],[-70.5709360456058,-33.48090102625758],[-70.57091397110653,-33.480902803686924],[-70.57089221080321,-33.48090638567421],[-70.57087097425817,-33.48091173772316],[-70.57085046598982,-33.480918808290966],[-70.57083088350305,-33.48092752928465],[-70.5708124153872,-33.48093781671675],[-70.57081161552225,-33.48093836412674],[-70.57079352855814,-33.480947741589915],[-70.57077590452228,-33.48095902095051],[-70.57075968467487,-33.480971693570275],[-70.57074502522185,-33.48098563740552],[-70.57073206734199,-33.481000718170094],[-70.57072093582725,-33.4810167906285],[-70.57071173788096,-33.481033699994676],[-70.57070456208525,-33.48105128342258],[-70.57069947754813,-33.48106937157447],[-70.57069653323774,-33.48108779025182],[-70.5706957575107,-33.48110636207282],[-70.57069715783915,-33.48112490818063],[-70.57070072073849,-33.48114324996602],[-70.57070641189735,-33.48116121078735],[-70.57071417650795,-33.481178617671745],[-70.57072393979387,-33.48119530298101],[-70.5707356077301,-33.48121110602601],[-70.57074906794867,-33.48122587461429],[-70.57075546014799,-33.481231619697226],[-70.5708046832071,-33.481398978909624],[-70.57080798598312,-33.48141090224898],[-70.57080880882339,-33.48141332594568],[-70.57080942378036,-33.48141579678555],[-70.57091002954363,-33.48173960439858],[-70.57091666333287,-33.48175733666499],[-70.57092533931579,-33.48177443867459]]]}},{"type":"Feature","properties":{"numpos":"27752","TIPO":"TRAFO","TENSION":"MT","INCIDENCIA":"DF202671768824","CLITOTAL":"25","CANTAVISOS":"","FECHA_INICIO":"02-08-2026 15:15","FECHA_FIN":"","DESCARGO":"","ESTADODESC":" ","ESTADOINC":"Activo","CLI_PLAN":"0","FECHA_INIDESC":"","FECHA_FINDESC":"","FECHA_REPOSICION":"02-08-2026 19:05","id_alim":"911"},"geometry":{"type":"Polygon","coordinates":[[[-70.5710466933692,-33.48215785063135],[-70.5710590492637,-33.4821732821842],[-70.57107315069514,-33.48218762457417],[-70.57108886185928,-33.48220073967557],[-70.57110603144896,-33.48221250118229],[-70.57112449411133,-33.48222279582395],[-70.57114407204028,-33.482231524457106],[-70.57116457668882,-33.482238603019724],[-70.57118581058496,-33.48224396334105],[-70.57120756923351,-33.48224755379794],[-70.57122964308545,-33.48224933981217],[-70.57125181955617,-33.48224930418337],[-70.57127388507276,-33.48224744725472],[-70.57129562713084,-33.482243786909606],[-70.57131683634127,-33.48223835839939],[-70.57133730844664,-33.48223121400397],[-70.57135684628842,-33.4822224225282],[-70.5713752617058,-33.48221206863931],[-70.57139237734776,-33.48220025205146],[-70.5714080283811,-33.48218708656541],[-70.57142206407786,-33.48217269897258],[-70.57143434926691,-33.48215722783389],[-70.57144476563579,-33.48214082214538],[-70.57145321286995,-33.48212363990327],[-70.57145960961894,-33.48210584658228],[-70.57146389427976,-33.48208761354213],[-70.57146602559008,-33.48206911637715],[-70.5714659830256,-33.4820505332252],[-70.57146376699761,-33.482032043052165],[-70.57145939884904,-33.48201382392835],[-70.5713969364106,-33.4818065525547],[-70.57139685596982,-33.4818063318685],[-70.57139678636877,-33.48180604586188],[-70.57135021554203,-33.48165337263897],[-70.57135019998957,-33.48165333040968],[-70.57135018942746,-33.481653287110454],[-70.57134869234918,-33.48164838874531],[-70.57134666052161,-33.481642880874475],[-70.57134487772271,-33.48163732049662],[-70.57134338961164,-33.48163401410192],[-70.57134214288746,-33.48163063448534],[-70.57133947726922,-33.48162532137026],[-70.57133705204174,-33.481619932819505],[-70.57133518387222,-33.48161676376198],[-70.57133354826276,-33.48161350366109],[-70.57133027485492,-33.481608436380235],[-70.57132723022275,-33.48160327163601],[-70.57132499978934,-33.48160027050393],[-70.57132299124696,-33.48159716125132],[-70.57131914188716,-33.48159238847484],[-70.571315506856,-33.481587497401954],[-70.57131321881204,-33.48158473115377],[-70.57131092263634,-33.481582197518975],[-70.57131057351062,-33.48158176464188],[-70.57131006265843,-33.48158124860637],[-70.57130135273826,-33.48157163794746],[-70.57128817608475,-33.48155945658981],[-70.57127378817881,-33.481548278905024],[-70.57125829747828,-33.481538189151586],[-70.57115358204346,-33.481475900082685],[-70.5711418787546,-33.48146114916186],[-70.57112785000594,-33.48144675708906],[-70.57111220539986,-33.481433586569075],[-70.5710950955999,-33.48142176443849],[-70.57107668537974,-33.48141140454845],[-70.57105715203629,-33.48140260666816],[-70.57103668368235,-33.48139545552412],[-70.57101547743507,-33.48139001998425],[-70.57099373751757,-33.48138635239458],[-70.57097167329235,-33.481384488075236],[-70.57094949724501,-33.481384444980264],[-70.57092742293804,-33.481386223524694],[-70.57091177438001,-33.48138880025768],[-70.57090815058298,-33.48138933170263],[-70.57090605910983,-33.48138972793237],[-70.570905675561,-33.48138980088976],[-70.57088519050147,-33.481393713200106],[-70.57088251453969,-33.48139434146055],[-70.57087979069436,-33.48139480313986],[-70.57055878135773,-33.4814631060174],[-70.5705578479107,-33.481463295957404],[-70.57053658056537,-33.48146856181725],[-70.57051603156768,-33.48147554912947],[-70.57049639881475,-33.48148419060285],[-70.57047787137996,-33.481494403015766],[-70.57046062769216,-33.48150608801766],[-70.57044483381725,-33.48151913307615],[-70.57043064185885,-33.481533412560715],[-70.57041818849363,-33.48154878895273],[-70.57040759365486,-33.48156511416964],[-70.57039895937741,-33.48158223099113],[-70.57039236881508,-33.48159997457322],[-70.57038788543979,-33.48161817403583],[-70.57038555243015,-33.481636654108385],[-70.57038539225574,-33.481655236817744],[-70.57038740646048,-33.48167374320222],[-70.57039157564783,-33.481691995035085],[-70.57039785966752,-33.48170981654098],[-70.57040619800215,-33.48172703608867],[-70.57041651034994,-33.48174348784413],[-70.57042869739814,-33.48175901336737],[-70.57044264177927,-33.48177346313868],[-70.57045820920158,-33.48178669799823],[-70.57047524974223,-33.48179859048651],[-70.57049359929125,-33.48180902607185],[-70.57051308113186,-33.481817904253276],[-70.5705335076425,-33.48182513952863],[-70.57055468210369,-33.481830662217874],[-70.57057640059264,-33.48183441913416],[-70.57058189778246,-33.48183490644348],[-70.5705837693142,-33.4818391114432],[-70.57059351808631,-33.481855802740114],[-70.57060517229404,-33.48187161294219],[-70.57061861970159,-33.48188638978802],[-70.57063373080337,-33.48189999096794],[-70.57065036007127,-33.48191228549458],[-70.57066834735613,-33.48192315496435],[-70.57068751943007,-33.48193249469779],[-70.57070769165483,-33.4819402147477],[-70.5707286697599,-33.481946240765346],[-70.57075025171353,-33.481950514716544],[-70.57077222966846,-33.48195299544065],[-70.57079439196359,-33.48195365904679],[-70.57081652516254,-33.481952499144036],[-70.57083841610914,-33.48194952690306],[-70.57085985398027,-33.481944770948346],[-70.57088063231636,-33.48193827708268],[-70.57090055100964,-33.48193010784594],[-70.57091941823141,-33.48192034191278],[-70.5709370522794,-33.481909073335075],[-70.5709532833278,-33.481896410635905],[-70.57095683513461,-33.48189303721327],[-70.57095872720858,-33.48189924009246],[-70.57095873660731,-33.48189927929478],[-70.57102119808648,-33.48210655091482],[-70.57102767620863,-33.482124323554146],[-70.57103620200523,-33.48214147853039],[-70.5710466933692,-33.48215785063135]]]}},{"type":"Feature","properties":{"numpos":"27753","TIPO":"TRAFO","TENSION":"MT","INCIDENCIA":"DF202671768824","CLITOTAL":"13","CANTAVISOS":"","FECHA_INICIO":"02-08-2026 15:15","FECHA_FIN":"","DESCARGO":"","ESTADODESC":" ","ESTADOINC":"Activo","CLI_PLAN":"0","FECHA_INIDESC":"","FECHA_FINDESC":"","FECHA_REPOSICION":"02-08-2026 19:05","id_alim":"911"},"geometry":{"type":"Polygon","coordinates":[[[-70.57153378990182,-33.482224350812245],[-70.5715349233742,-33.482223983830806],[-70.57153607589763,-33.482223619786815],[-70.57153770874511,-33.4822230979731],[-70.57174326872418,-33.48215664232502],[-70.57174520781244,-33.48215601653957],[-70.57216759507453,-33.48203222989423],[-70.57218814379308,-33.48202524176197],[-70.57220777615929,-33.48201659950018],[-70.57222630310194,-33.48200638633908],[-70.57224354619598,-33.48199470063756],[-70.57225933938076,-33.48198165493585],[-70.57227353055926,-33.48196737487179],[-70.57228598306301,-33.481951997970725],[-70.57229657696813,-33.48193567232115],[-70.57230521025032,-33.481918555148496],[-70.57231179976736,-33.481900811300825],[-70.57231628205977,-33.48188261166142],[-70.57231861396191,-33.481864131502924],[-70.57231877301766,-33.481845548799434],[-70.57231675769661,-33.48182704251254],[-70.57231258740879,-33.48180879086774],[-70.57230630231759,-33.48179096963809],[-70.57229796295303,-33.481773750451474],[-70.57228764962869,-33.4817572991376],[-70.5722754616683,-33.48174177413112],[-70.57226151644905,-33.48172732494581],[-70.5722459482713,-33.481714090734656],[-70.5722289070651,-33.48170219894975],[-70.57221055694625,-33.48169176411493],[-70.57219107463584,-33.48168288672286],[-70.57217064775844,-33.4816756522672],[-70.572149473035,-33.48167013041932],[-70.57212775438853,-33.48166637435736],[-70.57210570098016,-33.481664420254084],[-70.57208352519491,-33.48166428692843],[-70.57206144059631,-33.481665975664455],[-70.5720396598698,-33.481669470198895],[-70.57201839277435,-33.48167473687769],[-70.57173608929165,-33.48175747008415],[-70.57173538957827,-33.48175591443023],[-70.57173199767307,-33.48174726955972],[-70.57172303990868,-33.48173027048179],[-70.57171213696647,-33.48171408898266],[-70.57169939384207,-33.481698880889134],[-70.5716849332518,-33.48168479265416],[-70.57166889445085,-33.48167195994638],[-70.57165143189223,-33.48166050634381],[-70.57163271373948,-33.48165054214372],[-70.57161292024716,-33.48164216330053],[-70.57159224202509,-33.48163545050182],[-70.57157087820288,-33.481630468391266],[-70.57154903451219,-33.48162726494615],[-70.57152692130576,-33.481625871015396],[-70.5715047515317,-33.48162630002248],[-70.57148273868285,-33.48162854783614],[-70.57146109474087,-33.481632592810165],[-70.57144002813503,-33.4816383959919],[-70.57141974173497,-33.481645901497224],[-70.57140043089717,-33.481655037048824],[-70.57138228158374,-33.481665714672154],[-70.57136546857153,-33.48167783154258],[-70.57135015376915,-33.4816912709756],[-70.57133648465779,-33.48170590355048],[-70.57132459287095,-33.481721588356535],[-70.57131459292675,-33.481738174350085],[-70.57130658112526,-33.48175550180897],[-70.57130063462085,-33.48177340387066],[-70.57129681067947,-33.48179170813917],[-70.57129514612679,-33.48181023834512],[-70.57129565699385,-33.48182881604321],[-70.57129833836235,-33.481847262330824],[-70.57130027409546,-33.48185453719568],[-70.57130075402733,-33.48185696606828],[-70.57130173602931,-33.48186003142905],[-70.57130316441219,-33.48186539957055],[-70.57130373341384,-33.481867132717376],[-70.57130373469896,-33.481867135993774],[-70.57130373932378,-33.48186715007555],[-70.5713052498157,-33.48187099986006],[-70.57130650366757,-33.48187491381033],[-70.57130653948957,-33.48187500708578],[-70.57130683983769,-33.48187583993839],[-70.57130278513237,-33.48187843902998],[-70.5712903812433,-33.48187553361223],[-70.57126854120376,-33.48187230921262],[-70.57124642917388,-33.48187089417794],[-70.57122425810326,-33.4818713021357],[-70.57120224151,-33.481873529157156],[-70.57118059142459,-33.48187755379498],[-70.571159516348,-33.48188333729005],[-70.57113921924359,-33.481890823944504],[-70.57111989558274,-33.48189994165817],[-70.5711017314621,-33.48191060262305],[-70.57108490181172,-33.481922704168774],[-70.57106956871012,-33.481936129751375],[-70.57105587982359,-33.481950750075754],[-70.57104396698398,-33.48196642434075],[-70.57104071022587,-33.48197181126603],[-70.57095944814137,-33.4819960345168],[-70.57093894415043,-33.48200311430761],[-70.57091936700974,-33.482011844107284],[-70.5709009052571,-33.48202213984353],[-70.57088373668883,-33.48203390236337],[-70.57086802664737,-33.48204701838788],[-70.57085392642907,-33.48206136160312],[-70.57084157182705,-33.48207679387666],[-70.57083108182343,-33.48209316658778],[-70.57082255744349,-33.48211032205877],[-70.5708160807827,-33.48212809507347],[-70.57081171421602,-33.482146314468295],[-70.57080949979716,-33.4821648047807],[-70.57080945885357,-33.48218338793895],[-70.57081159178095,-33.48220188497705],[-70.57081587803937,-33.48222011775823],[-70.57082227635111,-33.4822379106906],[-70.57083072509808,-33.48225509241816],[-70.57084114291511,-33.482271497471004],[-70.57085342947371,-33.482286967859054],[-70.57086746644815,-33.48230135459343],[-70.5708831186548,-33.4823145191215],[-70.5709002353544,-33.482326334661025],[-70.57091865170344,-33.482336687421395],[-70.57093819034183,-33.48234547769932],[-70.57095866310102,-33.48235262083918],[-70.57097987281608,-33.482358048048276],[-70.57100161522476,-33.48236170705926],[-70.57102368093442,-33.48236356263373],[-70.57104585743885,-33.48236359690139],[-70.5710679311648,-33.482361809532286],[-70.5710896895289,-33.4823582177399],[-70.57111092298491,-33.48235285611539],[-70.57137925612636,-33.482272868906236],[-70.5713889343308,-33.48227013207614],[-70.57139040012328,-33.482269723048674],[-70.57139181308935,-33.48226926307019],[-70.57139326745853,-33.48226890499356],[-70.57139723252217,-33.48226756267381],[-70.57140128697056,-33.48226642316659],[-70.57140213790314,-33.48226614438753],[-70.57152522259355,-33.482227053464705],[-70.5715317094024,-33.48222501455952],[-70.57153273215071,-33.482224644165264],[-70.57153378990182,-33.482224350812245]]]}},{"type":"Feature","properties":{"numpos":"28871","TIPO":"TRAFO","TENSION":"MT","INCIDENCIA":"DF202671768824","CLITOTAL":"339","CANTAVISOS":"","FECHA_INICIO":"02-08-2026 15:15","FECHA_FIN":"","DESCARGO":"","ESTADODESC":" ","ESTADOINC":"Activo","CLI_PLAN":"0","FECHA_INIDESC":"","FECHA_FINDESC":"","FECHA_REPOSICION":"02-08-2026 19:05","id_alim":"911"},"geometry":{"type":"Polygon","coordinates":[[[-70.57032733826819,-33.482596506450484],[-70.5703288873339,-33.482595979190286],[-70.57033048342626,-33.48259556188196],[-70.57062960385046,-33.48250363165252],[-70.57063143966285,-33.482502980126675],[-70.5706333326423,-33.48250245434381],[-70.57064117848982,-33.48249991072065],[-70.57110567839926,-33.48235473204665],[-70.57112605135102,-33.4823473912679],[-70.57114546754443,-33.482338412500766],[-70.57116373999025,-33.48232788221617],[-70.57118069271439,-33.48231590182707],[-70.57119616245264,-33.48230258671175],[-70.5712100002231,-33.48228806510257],[-70.57122207276078,-33.48227247685119],[-70.57123226380116,-33.482255972081425],[-70.57124047519983,-33.48223870974373],[-70.57124662787754,-33.482220856084176],[-70.57124698666767,-33.482219231135964],[-70.571247048871,-33.48221904471813],[-70.57124747230851,-33.482217031685146],[-70.57125066258183,-33.48220258304356],[-70.57125080319364,-33.48220119656742],[-70.57125089846248,-33.482200743656776],[-70.57125134021717,-33.48219590134802],[-70.57125254045764,-33.48218406660144],[-70.57125252247928,-33.48218294194123],[-70.57125258883934,-33.482182214533076],[-70.57125238773106,-33.48217451257949],[-70.57125224342136,-33.482165485081296],[-70.57125212982582,-33.482164635438416],[-70.57125210372375,-33.48216363579269],[-70.57125059465638,-33.48215315306693],[-70.57124977433499,-33.482147017433284],[-70.57124962906363,-33.48214644558219],[-70.57124944778903,-33.48214518635898],[-70.57124598737124,-33.48213211029818],[-70.57124515697852,-33.48212884151078],[-70.57124504251344,-33.48212853991403],[-70.57124464661456,-33.4821270439099],[-70.57123863822164,-33.48211166565061],[-70.5712384358209,-33.482111132357595],[-70.57123841083917,-33.48211108367351],[-70.57123774643956,-33.48210938316687],[-70.57122881371755,-33.48209237421212],[-70.57121793447646,-33.48207618085074],[-70.57120521349,-33.482060959033156],[-70.57119077326867,-33.48204685535322],[-70.5711747528798,-33.48203400563652],[-70.57115730660841,-33.48202253363226],[-70.5711386024713,-33.48201254982157],[-70.57100217047775,-33.4819473814072],[-70.57098238863266,-33.48193898191646],[-70.57096171955959,-33.48193224765846],[-70.57094036231194,-33.48192724348745],[-70.57091852257051,-33.48192401759607],[-70.57089641066258,-33.48192260105125],[-70.57087423953658,-33.48192300749503],[-70.57085222271114,-33.48192523301324],[-70.57083057221902,-33.48192925617304],[-70.57080949656506,-33.48193503822953],[-70.57079206400174,-33.48194146686383],[-70.57078885667818,-33.48193247150238],[-70.57078895382807,-33.481928926096344],[-70.57078728735486,-33.48191039544892],[-70.57078346138339,-33.481892090908026],[-70.57077751276111,-33.48187418875607],[-70.57076949877771,-33.48185686140031],[-70.5707594966132,-33.48184027571223],[-70.57075678183026,-33.48183669580857],[-70.57070850042352,-33.48168466661349],[-70.5707067007363,-33.48167931691175],[-70.57060002686114,-33.4813791599736],[-70.57059672941715,-33.481369864801124],[-70.57053746883149,-33.48117228448228],[-70.57053646956807,-33.481161750764564],[-70.57053255389526,-33.48114345954974],[-70.57052651758104,-33.48112557803019],[-70.57051841875958,-33.4811082784144],[-70.57051538314275,-33.4811032956552],[-70.57047104865369,-33.48097035688157],[-70.57047031882853,-33.48096453586192],[-70.57046585107744,-33.48094633370591],[-70.57045927576556,-33.480928586162705],[-70.57045065621783,-33.48091146415051],[-70.57044007544613,-33.480895132563234],[-70.57042763534982,-33.4808797486825],[-70.57041345573425,-33.4808654606629],[-70.57039767315712,-33.48085240610532],[-70.57038043961319,-33.48084071073171],[-70.57036192107057,-33.48083048717439],[-70.57034229587238,-33.480821833891234],[-70.57032175301916,-33.48081483421768],[-70.57030049034877,-33.48080955556402],[-70.57027871263118,-33.48080604876633],[-70.57025662959643,-33.48080434759678],[-70.570252273788,-33.48080437133315],[-70.57007321827858,-33.48075835289131],[-70.57005172335364,-33.48075378228956],[-70.57002979731939,-33.480750999211985],[-70.57000765133425,-33.48075003046098],[-70.56998549867473,-33.480750885366156],[-70.56996355268168,-33.48075355569442],[-70.56994202470571,-33.48075801572921],[-70.56992112207176,-33.48076422251831],[-70.56990104608262,-33.480772116287284],[-70.56988199008013,-33.48078162101532],[-70.56986413758344,-33.480792645167206],[-70.56984766052145,-33.4808050825749],[-70.56983271757719,-33.48081881345992],[-70.56981945265957,-33.48083370558693],[-70.56980799351746,-33.48084961553716],[-70.5697984505093,-33.480866390089524],[-70.56979091554042,-33.4808838676964],[-70.56978546117777,-33.48090188003918],[-70.56978213995112,-33.480920253649344],[-70.569780983847,-33.48093881157923],[-70.56978200400071,-33.48095737510575],[-70.56978519058903,-33.48097576545195],[-70.56979051292467,-33.48099380550854],[-70.56979791975182,-33.48101132153959],[-70.56980733973975,-33.481028144855756],[-70.56981868216967,-33.48104411343884],[-70.56983183780841,-33.481059073502145],[-70.56984667996034,-33.48107288097154],[-70.56986306568749,-33.481085402872914],[-70.56988083718622,-33.481096518612986],[-70.56989982330681,-33.48110612114058],[-70.56991984120188,-33.481114117977576],[-70.56994069808722,-33.48112043210966],[-70.57006224754345,-33.48115167114642],[-70.57009235872644,-33.48124196196173],[-70.57010625635876,-33.48128829885093],[-70.57004377222516,-33.481303248110585],[-70.57002277245684,-33.48130922054386],[-70.57000257239336,-33.48131688905279],[-70.56998336657155,-33.48132617978594],[-70.56996533995327,-33.48133700326895],[-70.56994866614436,-33.48134925526635],[-70.56993350572253,-33.48136281778527],[-70.56992206664148,-33.481375308669264],[-70.56990499004594,-33.48136968423503],[-70.56988365501586,-33.48136461433513],[-70.56986182970061,-33.48136132121797],[-70.5698397242886,-33.48135983659794],[-70.56981755166566,-33.481360174772675],[-70.56979552536488,-33.48136233248545],[-70.56977385751023,-33.481366288956465],[-70.56970926877676,-33.48138089791548],[-70.56970215273485,-33.4813606014313],[-70.56969752007882,-33.48134696277422],[-70.5696399604147,-33.48115345213687],[-70.56963983455485,-33.48114680827088],[-70.56963731088095,-33.48112834579482],[-70.56963263983043,-33.4811101795054],[-70.56962586638933,-33.481092484353596],[-70.56961705579067,-33.48107543075307],[-70.56960629288623,-33.481059182938864],[-70.5695936813294,-33.48104389738581],[-70.56957934257677,-33.481029721301546],[-70.5695717301346,-33.481022903748496],[-70.56956514677721,-33.48101755943745],[-70.56955867299483,-33.48101212194407],[-70.56955718560283,-33.48101109662544],[-70.5695558022788,-33.48100997365487],[-70.569548625508,-33.48100519580981],[-70.56954154688533,-33.48100031623111],[-70.56953994672598,-33.48099941801835],[-70.56953843871126,-33.480998414076126],[-70.56953073764328,-33.48099424871017],[-70.56952312235107,-33.4809899740389],[-70.5695214248347,-33.48098921158221],[-70.56951980665234,-33.4809883363368],[-70.56951165545223,-33.4809848235644],[-70.56950357682986,-33.48098119496779],[-70.56950179830449,-33.48098057561009],[-70.56950008553827,-33.480979837490466],[-70.56949156270633,-33.480977011141434],[-70.56948309855485,-33.480974063564645],[-70.56948125614848,-33.48097359327057],[-70.56947946529336,-33.480972999385294],[-70.56947065290892,-33.48097088667878],[-70.5694618847421,-33.48096864850839],[-70.56945999619806,-33.48096833180712],[-70.56945814450076,-33.480967887875565],[-70.56944912743087,-33.480966509157874],[-70.56944013969101,-33.48096500194867],[-70.56943822319695,-33.48096484189025],[-70.56943632849018,-33.48096455218767],[-70.56942719357419,-33.48096392073659],[-70.56941807281702,-33.480963159003686],[-70.5694161468295,-33.480963157129466],[-70.56941422736041,-33.48096302444593],[-70.56940506257172,-33.48096314634266],[-70.5693958966348,-33.480963137421924],[-70.56939397970231,-33.48096329375],[-70.56939205395602,-33.480963319363234],[-70.56938294755562,-33.4809641934339],[-70.5693738247117,-33.48096493741125],[-70.56937193529508,-33.48096525043613],[-70.56937002181765,-33.48096543409948],[-70.56936106150515,-33.48096705192631],[-70.56935206961111,-33.48096854163697],[-70.56935022590632,-33.48096900834403],[-70.56934834312545,-33.48096934828877],[-70.569339615193,-33.48097169429131],[-70.56933084084525,-33.48097391538863],[-70.5693290606081,-33.480974531283294],[-70.5693272266559,-33.480975024235555],[-70.56931881515762,-33.48097807582072],[-70.56931034285759,-33.480981006914455],[-70.56930864323266,-33.48098176606535],[-70.56930687577098,-33.48098240727779],[-70.56929886171399,-33.480986135057215],[-70.56929077305404,-33.48098974791958],[-70.56928917040955,-33.48099064301571],[-70.56928748645996,-33.48099142631314],[-70.5692799470235,-33.48099579438658],[-70.56927231990174,-33.48100005422387],[-70.56927082967202,-33.481001076645036],[-70.56926924545179,-33.48100199448389],[-70.56926225324453,-33.481006960784676],[-70.56925516111416,-33.48101182657253],[-70.56925379765094,-33.481012966472235],[-70.56925232841692,-33.481014010013325],[-70.56924595077773,-33.481019526713354],[-70.56923946193959,-33.48102495159193],[-70.56923823837369,-33.48102619799247],[-70.56923689827546,-33.481027357185916],[-70.56923119662436,-33.481033371156705],[-70.56922537356967,-33.48103930288158],[-70.56922430168481,-33.481040643779394],[-70.5692231036282,-33.48104190746164],[-70.56921813287542,-33.481048360785564],[-70.56921303168343,-33.48105474223126],[-70.56921212180244,-33.481056164712896],[-70.56921107732548,-33.48105752071394],[-70.5692068853423,-33.48106435124217],[-70.5692025551406,-33.481071120952095],[-70.56920181602621,-33.48107261131826],[-70.5692009351878,-33.4810740465792],[-70.5691975623456,-33.48108118853028],[-70.56919404483678,-33.481088281308516],[-70.56919348360714,-33.48108982520623],[-70.56919277489033,-33.481091325904735],[-70.56919025367188,-33.48109871049788],[-70.56918758273187,-33.4811060580373],[-70.56918720479203,-33.48110764059798],[-70.56918667502225,-33.48110919228154],[-70.56918502970876,-33.481116748399174],[-70.56918323106066,-33.48112427993909],[-70.5691830400505,-33.48112588592186],[-70.5691826943298,-33.481127473646914],[-70.5691819407671,-33.48113512851956],[-70.56918103173342,-33.48114277152721],[-70.56918102949258,-33.48114438546559],[-70.56918087115059,-33.481145993941496],[-70.56918101659643,-33.48115367384863],[-70.56918100593221,-33.481161354717635],[-70.56918119248243,-33.48116296106849],[-70.56918122304418,-33.48116457480475],[-70.56918226609842,-33.48117220578463],[-70.56918315390696,-33.481179850544024],[-70.56918352745174,-33.481181433837335],[-70.56918374662303,-33.4811830372928],[-70.56918567724105,-33.48119054585484],[-70.56918745497282,-33.48119808088133],[-70.56920481625785,-33.48125644917775],[-70.56901996619949,-33.481293989496166],[-70.56899869606546,-33.481299247357114],[-70.56897814335568,-33.48130622694147],[-70.56895850600301,-33.481314861032445],[-70.56893997312514,-33.48132506647947],[-70.56892272320329,-33.48133674499907],[-70.56890692236341,-33.481349784121335],[-70.56889272277627,-33.481364058272895],[-70.56888026119191,-33.48137942998646],[-70.5688696576228,-33.481395751224554],[-70.56886101418789,-33.48141286480518],[-70.56885441412916,-33.481430605915556],[-70.56884992100997,-33.48144880369945],[-70.56884757810282,-33.48146728290239],[-70.56884740797253,-33.48148586555967],[-70.56884941225896,-33.48150437271005],[-70.56885357166107,-33.481522626119485],[-70.56885984612283,-33.481540449997375],[-70.56886817521888,-33.481557672689696],[-70.56887847873645,-33.48157412833206],[-70.56889065744778,-33.48158965844716],[-70.5689045940657,-33.481604113470965],[-70.56892015437323,-33.48161735419309],[-70.56893718851607,-33.48162925309761],[-70.56895553244583,-33.481639695590964],[-70.56897500949987,-33.481648581105766],[-70.56899543210271,-33.48165582406916],[-70.56901660357252,-33.481661354727066],[-70.56903832001531,-33.48166511981593],[-70.56906037228856,-33.481667083075706],[-70.56908254801549,-33.48166722559907],[-70.5691046336303,-33.481665546013424],[-70.5691264164351,-33.48166206049427],[-70.56932258767944,-33.481622220967004],[-70.56932270216204,-33.48162402404109],[-70.56932604532014,-33.481642394862455],[-70.56933152120457,-33.48166040263027],[-70.5693390770808,-33.48167787391955],[-70.56934302511092,-33.48168479582245],[-70.56939106410591,-33.48184489940691],[-70.569392081326,-33.48185828670278],[-70.56939565299042,-33.48187662730129],[-70.56939824647614,-33.48188479890947],[-70.56938810514565,-33.481889741206764],[-70.56937012003873,-33.4819006132151],[-70.56935349322555,-33.481912910084915],[-70.5693383848313,-33.481926513391144],[-70.56932494035821,-33.48194129212713],[-70.56931328928435,-33.48195710396609],[-70.56930354381659,-33.48197379663188],[-70.56929579780997,-33.48199120936541],[-70.56929012586386,-33.4820091744729],[-70.56928658260347,-33.48202751894076],[-70.56928520215361,-33.482046066101944],[-70.56928599781018,-33.48206463733711],[-70.56928896191198,-33.48208305379509],[-70.56929406591436,-33.48210113811508],[-70.56930126066426,-33.482118716134956],[-70.56931047687334,-33.48213561856834],[-70.56932162578534,-33.48215168263514],[-70.56933460003081,-33.48216675362907],[-70.56934927466105,-33.48218068640767],[-70.56936550835147,-33.4821933467901],[-70.56938314476263,-33.482204612849365],[-70.5694020140458,-33.482214376086624],[-70.56942193447885,-33.48222254247606],[-70.56944271421618,-33.48222903337049],[-70.56946415313651,-33.48223378625864],[-70.56948604477009,-33.48223675536742],[-70.56950817828717,-33.4822379121025],[-70.56951442595089,-33.48223772413415],[-70.56959367429025,-33.48251425890946],[-70.56960132689841,-33.482535429316016],[-70.56961187346829,-33.48255570747403],[-70.56961376991474,-33.48255884027719],[-70.56961799548002,-33.48256504570019],[-70.56962203338495,-33.48257130370232],[-70.56962347679865,-33.48257309524903],[-70.56962476069363,-33.482574980703006],[-70.56962969164896,-33.48258080904106],[-70.56963444224935,-33.48258670542384],[-70.56963608831832,-33.48258836983645],[-70.56963758650843,-33.48259014068105],[-70.56964317522065,-33.48259553571357],[-70.56964859291496,-33.48260101378028],[-70.5696504258349,-33.48260253505263],[-70.56965212383994,-33.48260417421187],[-70.5696583163085,-33.482609083924345],[-70.56966434910336,-33.48261409097382],[-70.56966635127925,-33.48261545446748],[-70.56966823268588,-33.482616946144375],[-70.56967496907089,-33.482621323233865],[-70.56968155907377,-33.48262581106331],[-70.56968371128669,-33.482627003647394],[-70.56968575790911,-33.48262833347726],[-70.56969297311723,-33.48263213581143],[-70.56970005708445,-33.48263606117735],[-70.56970233867355,-33.482637071353984],[-70.56970453073176,-33.482638226543756],[-70.56971215505273,-33.482641417568324],[-70.56971966498882,-33.48264474260122],[-70.56972205404753,-33.48264556061627],[-70.56972437036065,-33.482646530067704],[-70.56973233014898,-33.482649079158556],[-70.56974019395128,-33.482651771727625],[-70.5698565941949,-33.48268614534578],[-70.56986336571974,-33.48268835806933],[-70.56986712363137,-33.48268941116327],[-70.56987079158363,-33.48269065976011],[-70.56987762911615,-33.482692355154676],[-70.56988439743915,-33.482694251866604],[-70.5698882604379,-33.482694991234105],[-70.56989205678703,-33.48269593255403],[-70.5698990597244,-33.482697058187526],[-70.56990601728913,-33.482698389845545],[-70.56990994815567,-33.482698808364134],[-70.5699138363572,-33.48269943334274],[-70.56992093728707,-33.48269997837412],[-70.5699280170574,-33.48270073215492],[-70.56993197791819,-33.48270082579617],[-70.56993592054364,-33.48270112841159],[-70.56994305110979,-33.48270108758398],[-70.56995018487287,-33.48270125623693],[-70.56995413756637,-33.482701024105246],[-70.5699580966622,-33.482701001436055],[-70.56996518822093,-33.48270037512764],[-70.5699723072459,-33.482699957044375],[-70.56997621369042,-33.48269940138542],[-70.56998015114334,-33.482699053639045],[-70.56998713542359,-33.48269784785977],[-70.56999417112463,-33.48269684708932],[-70.56999799368636,-33.482695973268015],[-70.570001871589,-33.48269530377906],[-70.57000868134755,-33.48269353011356],[-70.57001556594662,-33.48269195632256],[-70.57001926780282,-33.482690772771065],[-70.57002304881819,-33.48268978796957],[-70.5703085901972,-33.48260232531097],[-70.57031096769887,-33.48260158436588],[-70.57032261415772,-33.48259789228095],[-70.57032733826819,-33.482596506450484]],[[-70.5700366728593,-33.48166561732288],[-70.57005809328496,-33.48167042796148],[-70.57007997326431,-33.481673456050125],[-70.57010210207987,-33.4816746724265],[-70.57012426661767,-33.481674065376204],[-70.57014625341974,-33.48167164074556],[-70.57016785073976,-33.48166742188523],[-70.57022596136731,-33.48165351897162],[-70.57027259926163,-33.48178474937584],[-70.57028482516137,-33.48182324712186],[-70.57017885561132,-33.48185594852198],[-70.57015844653844,-33.481863218292716],[-70.57013898607921,-33.48187212936418],[-70.57012066164778,-33.48188259591832],[-70.57010364971799,-33.48189451715708],[-70.57009443974952,-33.48190237874697],[-70.57007391281407,-33.48189940365678],[-70.57005179559444,-33.481898046589265],[-70.57002962613936,-33.48189851266078],[-70.5700076179514,-33.481900797382856],[-70.56998598298013,-33.48190487875254],[-70.56988503574024,-33.48192833719844],[-70.56984253327025,-33.48179639501178],[-70.56982753992165,-33.48174642637944],[-70.56989163342377,-33.48173192942182],[-70.56991273423647,-33.481726212269635],[-70.56993306470746,-33.481718789515135],[-70.56995242904227,-33.48170973264392],[-70.5699706407511,-33.48169912887908],[-70.56998752444477,-33.48168708034127],[-70.57000291752394,-33.48167370306508],[-70.5700165392211,-33.48165926633471],[-70.5700366728593,-33.48166561732288]]]}}]}